loan_amnt,term,int_rate,installment,annual_inc,dti,open_acc,total_acc,loan_paid_back
15607.06,60,17.76,1275.44,29812.05,35.09,23,7,1
38077.86,60,14.19,756.94,210556.06,36.29,14,6,1
29547.76,60,24.29,317.33,77340.74,15.13,23,43,1
24347.68,36,9.38,1112.86,85305.59,9.27,6,18,1
7084.73,36,16.76,645.46,72036.41,7.67,15,27,1
7083.79,36,19.0,904.1,213219.31,35.28,22,47,1
3265.26,60,21.51,187.68,245147.46,9.25,16,24,1
34780.87,36,13.14,958.43,193692.93,21.23,13,38,1
24443.49,60,18.74,579.12,209422.91,13.27,24,36,1
28614.83,36,11.06,521.26,162715.11,19.96,16,31,1
1802.8,36,13.71,1470.48,141618.23,13.83,16,21,1
38826.48,36,22.91,665.67,185962.94,11.72,23,49,1
33465.26,36,24.0,1026.72,28225.46,17.09,5,14,1
9281.23,60,19.38,952.76,34122.12,13.32,22,38,1
8091.17,36,12.49,183.33,178072.9,33.59,18,36,0
8152.78,36,21.4,1129.45,97066.09,23.23,14,13,1
12865.45,60,5.52,505.04,132431.9,7.05,17,13,0
21465.5,60,7.05,1204.44,199858.29,9.44,17,46,1
17845.86,36,18.23,923.23,152746.32,2.14,19,17,1
12357.94,36,10.82,496.12,205210.23,11.99,15,32,0
24862.26,60,24.03,553.75,116405.71,26.78,4,35,1
6440.26,60,13.72,1105.32,86107.37,7.32,17,12,0
12393.64,36,13.59,838.59,74012.49,3.97,18,28,1
15288.11,60,18.56,1012.48,50286.62,12.84,3,16,1
18786.73,60,20.35,262.73,28463.2,24.5,9,38,0
31621.86,36,14.51,1186.86,32224.27,18.91,17,11,1
8787.28,36,9.28,500.98,82329.73,13.29,6,39,1
21055.14,36,20.47,941.2,84034.9,35.32,6,34,1
24104.17,60,11.41,198.58,107810.44,18.74,11,40,1
2811.57,36,8.5,502.49,156072.0,18.2,10,25,1
24694.25,36,17.63,983.83,194638.89,1.27,15,19,0
7650.44,36,6.81,433.08,65472.15,25.57,21,10,1
3537.01,60,24.43,1324.06,194627.08,18.37,6,20,1
38006.54,36,17.65,1002.01,51967.59,5.8,24,18,1
38659.65,36,24.72,1309.31,247399.53,9.75,11,16,0
32527.5,60,11.78,611.22,85557.77,8.09,7,37,1
12879.94,60,24.42,79.96,212587.05,4.88,11,21,1
4809.21,36,7.91,876.93,63807.14,17.42,21,37,1
27685.09,36,5.81,528.61,238647.84,14.53,8,42,1
18165.95,36,5.66,688.84,210124.16,14.4,19,32,0
5759.49,60,14.3,1031.23,102659.53,10.06,20,46,1
20311.9,36,6.66,1059.98,116938.5,17.46,3,25,1
2341.15,36,15.24,70.51,20882.74,21.9,13,36,1
36463.5,60,11.55,1160.87,77829.42,24.46,21,19,1
11092.42,60,11.71,755.47,86538.18,8.79,4,29,1
26838.37,36,17.71,848.35,,29.11,24,40,1
13156.73,60,8.26,468.05,51981.46,1.08,7,27,1
21282.65,36,20.33,648.63,130116.38,30.02,15,38,1
22321.7,36,16.64,1074.25,173747.75,11.32,22,16,1
8209.32,60,23.3,1171.77,105394.93,14.8,19,11,0
38813.8,60,12.3,599.05,73404.91,23.23,2,36,0
31230.18,60,24.65,1045.94,145974.79,24.42,15,28,1
37640.46,60,16.52,409.32,26670.9,16.85,17,27,0
35898.27,36,24.47,1253.07,98392.61,37.52,20,43,1
24318.1,60,5.54,926.43,141345.76,34.33,22,38,1
36953.1,60,19.56,1169.52,97243.85,9.0,6,9,1
4451.21,36,21.33,731.42,99449.23,23.56,3,36,1
8643.33,36,6.06,366.79,215108.23,28.84,20,17,1
2763.86,36,16.58,660.97,234818.11,8.68,14,36,1
13687.88,60,21.04,590.78,210300.31,0.74,3,15,1
16158.41,36,16.22,519.09,42739.51,39.02,8,12,0
11582.61,60,6.28,341.9,86640.76,38.33,4,36,0
33320.76,60,18.87,1145.98,183597.7,12.81,17,22,0
14913.38,60,6.21,156.94,244110.34,9.56,22,23,1
11956.45,60,21.35,1334.71,75724.76,6.18,2,11,1
22165.15,36,5.86,287.29,226588.41,27.49,13,22,1
6496.04,36,7.75,1470.41,189973.45,30.21,21,42,1
32285.68,36,10.5,1483.05,246193.58,16.82,7,45,0
3907.48,36,17.67,615.63,41524.66,9.71,12,21,1
39488.59,36,24.53,1482.1,110791.52,17.95,11,47,1
31117.55,60,7.36,1307.53,129966.45,20.65,5,39,1
8749.91,60,7.85,151.17,174579.0,21.74,12,13,0
1215.36,60,12.38,1422.57,170413.57,17.73,8,41,1
32803.0,60,21.72,92.5,228459.43,0.15,17,13,1
28567.44,36,14.34,297.41,212894.82,18.87,7,19,1
29431.28,60,11.43,889.36,32735.71,13.89,22,26,1
31079.54,60,16.22,148.68,131904.23,22.26,7,37,1
3887.74,60,10.21,267.74,113624.08,2.78,4,37,1
14980.16,60,13.02,1431.63,249343.25,35.17,19,31,1
5518.89,60,11.65,1492.19,118269.38,35.02,10,36,0
34661.03,60,21.08,1203.26,177002.4,22.56,11,37,1
25308.63,36,23.49,787.36,85418.77,29.48,18,37,1
13905.02,36,20.19,1353.44,161364.66,17.52,4,28,1
3478.78,60,13.78,194.49,67525.61,,24,10,1
13128.31,60,15.09,1416.05,158829.53,24.71,11,5,0
13682.15,60,7.5,546.78,219683.75,14.16,6,13,1
29454.64,60,19.94,1296.39,24424.69,38.43,3,27,1
25864.74,60,16.93,1012.51,136054.87,24.1,24,12,1
35601.3,36,23.05,1441.6,245945.24,39.62,4,33,1
19416.38,36,9.01,1301.08,56630.38,17.29,22,22,0
5664.18,60,20.19,1335.21,62184.84,1.29,18,38,1
28816.55,36,18.69,958.68,128289.46,12.1,10,12,1
30670.62,60,10.32,1254.74,220328.43,26.03,2,14,1
22889.81,60,18.35,1142.98,149434.71,36.41,6,39,0
31067.72,36,23.49,267.59,137002.99,24.61,10,20,1
20258.03,36,23.37,983.44,39954.12,18.87,24,28,1
21386.58,36,19.39,247.82,241256.78,3.23,10,12,1
17674.1,36,5.96,1308.1,99836.66,5.79,7,15,1
1991.35,60,22.45,126.95,77915.64,2.14,7,9,1
5207.77,36,18.16,1480.96,114701.11,28.45,17,28,0
2225.74,36,11.21,618.92,115261.9,33.24,10,40,1
25820.01,36,8.75,280.83,125462.62,6.58,18,9,1
13259.88,60,7.32,1405.44,178363.79,13.01,14,42,1
20834.26,60,6.0,96.78,219627.71,19.16,4,34,1
36395.09,60,20.08,721.06,33181.96,5.71,10,15,1
10722.4,36,9.72,1162.23,132876.77,16.65,15,42,1
17004.93,36,5.49,495.62,115214.97,38.67,4,30,1
30466.49,36,12.95,807.39,22502.43,28.77,5,43,0
9923.13,60,14.65,1059.61,207792.57,6.68,21,7,1
4002.22,36,8.38,1429.41,43992.04,3.95,15,44,1
12300.31,36,5.88,180.97,46392.04,17.81,19,41,1
7287.63,60,8.78,261.12,31108.64,39.52,2,45,1
37258.21,36,18.58,778.04,66096.98,31.73,21,17,1
32516.69,36,6.64,645.16,60667.74,11.72,20,18,1
25702.75,36,16.1,633.87,100009.14,1.05,6,30,1
34986.96,36,7.93,466.53,171632.19,16.45,9,14,1
32343.21,60,8.91,854.21,32487.67,6.42,8,27,1
8276.23,60,12.86,1328.43,217863.42,7.21,22,15,1
35809.8,60,7.02,266.56,95113.08,6.49,17,8,1
22034.35,36,8.46,346.47,159519.69,28.78,12,17,1
32490.17,36,11.98,1016.11,22761.18,1.43,9,35,0
35947.56,60,11.59,112.61,104135.82,22.59,7,22,1
13402.14,36,19.99,1020.43,20471.71,30.1,14,45,1
5292.03,60,6.5,492.25,58055.4,6.26,12,38,0
9889.47,60,22.21,556.05,123005.6,35.72,16,18,1
17657.2,36,21.32,626.16,143070.11,3.13,2,29,1
32902.58,60,20.32,543.89,55173.58,27.31,5,29,0
34568.49,60,11.19,1266.58,,6.88,21,6,1
1271.13,60,21.46,1420.72,63470.84,32.24,18,22,0
20919.14,60,8.66,835.58,46644.37,22.86,9,22,0
17279.03,60,7.49,885.36,96687.64,23.57,8,46,1
9662.2,60,5.9,133.61,146828.59,13.84,19,27,1
5674.75,36,23.79,1078.39,247447.42,11.33,24,6,1
14166.99,60,11.16,888.63,116304.62,18.53,4,25,0
37773.48,60,23.35,104.08,117979.18,30.31,17,5,1
13604.91,36,10.45,321.69,33646.7,6.73,13,33,0
21232.83,36,23.15,326.86,196138.52,32.65,12,36,0
28417.74,60,23.08,281.32,61810.09,19.19,7,40,1
15181.55,36,23.47,998.21,191304.82,18.09,6,17,1
38899.5,36,14.92,1394.81,229441.88,0.66,11,17,1
38535.44,60,22.32,1151.57,196690.78,4.97,2,7,1
10819.51,36,24.02,731.74,167764.29,17.28,22,34,1
20392.69,60,11.49,623.96,158900.75,39.25,16,42,1
12734.25,60,13.38,598.09,124335.57,10.01,12,29,0
12108.78,60,19.38,913.83,53244.82,0.41,2,40,1
2438.59,60,11.01,558.05,199132.88,17.43,15,49,1
24773.01,36,20.08,362.4,129784.12,0.64,12,18,1
20604.48,60,6.48,916.18,163898.54,13.45,8,38,1
3007.67,36,15.47,604.34,106023.5,14.16,5,26,1
11867.21,36,7.45,50.76,66166.23,0.09,15,5,0
36422.37,60,10.87,62.68,205496.95,31.18,9,27,1
10342.91,60,10.17,432.98,98751.96,36.51,24,30,1
6650.9,36,21.78,783.26,219336.41,39.95,9,25,1
20088.66,60,8.87,550.73,242116.73,20.35,23,9,1
39440.37,60,21.17,65.36,210897.36,12.26,19,10,0
10440.16,60,20.88,358.03,49471.75,28.7,11,48,1
27213.29,36,14.98,171.74,216652.51,29.46,5,24,1
30703.16,36,9.68,1424.49,139452.3,15.17,8,40,1
10267.86,36,9.54,489.87,75524.67,22.62,17,25,1
29400.44,36,14.3,51.71,41425.89,32.87,8,47,1
15343.54,60,5.18,1001.03,84057.26,7.57,14,39,0
25659.93,60,15.63,371.7,51608.23,0.82,4,18,0
25707.66,36,24.06,863.1,25898.25,21.59,19,44,1
21895.21,36,8.09,251.6,247185.8,26.58,10,29,1
4521.3,36,16.47,1476.5,211254.72,23.0,20,21,0
33576.8,36,24.24,1456.28,189958.33,23.85,5,43,0
13510.42,36,22.21,994.3,64393.17,15.72,9,7,1
8274.22,60,22.01,1069.59,26379.38,26.06,18,43,0
2590.23,36,21.44,656.04,131596.89,1.71,16,14,1
24044.82,36,11.18,1444.4,190589.72,6.05,4,10,1
27425.01,60,22.81,652.9,241452.59,17.79,7,16,1
1646.93,60,23.83,382.02,214093.25,37.72,23,41,1
20971.63,60,14.92,199.61,225505.54,25.78,24,32,1
9833.34,36,12.09,335.94,74892.43,14.21,3,40,1
26161.74,60,13.28,871.15,55724.98,18.32,18,5,1
7800.29,36,11.68,390.28,76989.81,33.83,15,42,1
27946.57,36,9.25,991.75,51873.28,21.7,14,35,1
16082.68,60,17.37,591.81,203651.28,1.91,15,21,1
37532.47,36,16.25,1333.7,227699.9,16.67,9,26,1
6363.32,36,14.25,850.96,90688.67,15.52,11,38,0
14301.59,60,6.92,945.23,221693.02,36.0,2,38,0
5425.47,60,20.94,848.14,32658.09,12.22,3,47,1
37063.05,60,8.5,1331.79,175792.0,2.59,5,33,1
35216.23,60,7.29,123.23,141323.44,14.19,17,26,1
11059.72,60,17.46,129.0,83650.96,1.76,24,39,1
26739.38,60,12.97,1061.56,196686.25,33.29,12,42,1
32871.67,60,6.2,1158.91,68770.87,23.61,22,20,1
22652.83,60,12.11,667.38,115714.38,18.78,16,35,1
21656.37,60,20.44,547.89,183267.65,14.39,23,39,0
10432.24,60,17.3,438.58,97792.67,16.71,24,14,1
4631.01,36,12.26,374.56,216732.84,31.51,2,48,0
35991.41,36,8.84,1370.58,219048.21,7.2,23,10,1
36116.3,36,17.64,463.86,66582.0,2.86,21,23,1
25690.96,60,22.75,982.68,121289.7,22.47,11,16,1
14222.16,36,17.93,1187.03,119362.91,34.36,14,31,0
14619.17,36,21.26,62.29,114310.38,22.49,22,37,1
29312.27,36,15.43,79.8,135453.59,31.85,17,30,1
35987.3,36,19.36,519.71,37104.25,35.71,16,48,1
35596.37,36,22.92,1053.14,220111.5,3.08,6,41,1
31415.15,60,20.46,413.37,86680.4,23.57,18,28,0
26039.23,60,23.2,32.18,20416.85,33.31,20,35,1
4281.46,60,13.62,453.58,177573.9,25.74,14,6,0
7303.52,36,23.08,162.49,169608.58,23.66,3,26,1
36043.61,36,17.43,352.54,246127.31,31.52,9,22,1
24650.73,60,22.4,519.79,185426.86,28.29,2,24,1
1358.69,60,5.79,218.24,96522.4,20.06,3,45,0
4957.39,60,18.16,1068.36,239102.04,1.76,10,22,1
26876.57,36,21.96,406.2,104029.53,24.53,13,33,1
1197.4,60,8.48,1001.81,208886.28,8.53,10,29,1
7271.51,60,18.24,910.58,97205.04,10.16,2,15,0
22400.62,60,21.5,1350.13,31202.91,27.18,9,40,1
27983.91,60,10.76,159.26,188770.52,18.12,8,16,0
26426.49,60,13.1,345.47,100548.51,28.67,21,12,1
9746.5,36,16.39,1301.81,97944.17,15.7,24,32,1
28774.99,36,15.38,1238.53,184645.87,34.8,11,7,1
10252.71,60,5.78,312.4,94068.71,17.08,2,37,1
13690.59,36,6.97,188.37,47142.92,19.75,16,44,1
30113.16,60,7.01,1288.67,113037.36,5.05,4,15,1
26335.68,60,10.25,291.86,209484.13,20.14,19,24,1
34119.71,36,9.92,1310.53,49947.03,9.59,22,34,0
26646.9,36,19.84,1442.84,147530.58,30.52,6,32,1
23164.04,36,16.45,354.59,50419.64,28.56,22,36,1
4653.32,36,20.28,1265.37,31312.06,0.63,18,19,1
15340.92,60,6.4,653.03,107103.25,19.75,2,20,1
11342.89,36,14.7,1189.5,171313.16,1.82,19,9,1
10515.6,60,11.48,628.87,83247.09,22.77,4,8,1
38947.41,60,22.0,133.48,122518.16,36.07,3,31,1
16330.81,60,19.16,1077.66,133006.11,34.69,13,8,1
35789.82,60,22.39,251.51,213496.76,9.75,10,21,1
25614.41,60,5.93,1392.73,208365.22,5.6,10,18,1
31997.64,36,19.42,644.09,20539.86,31.64,23,5,1
20602.85,60,15.8,150.54,115201.37,21.85,12,13,1
23499.25,36,21.5,365.87,170900.94,16.95,7,35,1
20208.19,60,15.14,1297.9,216051.12,32.42,10,16,1
8614.48,36,15.8,502.0,31246.49,10.1,6,12,0
29175.63,36,6.04,1288.8,164497.11,8.98,21,39,1
11950.12,60,18.37,283.26,213664.48,24.48,22,43,1
1948.32,60,10.46,718.28,78667.48,10.9,14,27,1
26173.42,36,5.39,1321.04,67208.96,17.07,15,5,1
7907.32,60,6.33,101.16,127605.36,18.19,17,5,0
37677.88,60,24.15,477.29,241393.3,8.2,19,18,1
38203.21,36,11.92,1367.48,179363.87,2.47,9,43,1
36679.71,36,22.36,906.89,117631.56,30.67,3,43,1
15436.19,60,24.19,1082.86,24798.44,31.34,18,36,1
1602.81,60,23.87,1267.93,148046.95,23.93,12,41,1
37204.42,60,22.63,799.69,100221.24,5.94,7,48,0
17699.18,60,22.9,1272.69,62714.14,19.05,22,32,1
38699.54,36,10.78,968.98,135034.06,7.12,10,40,1
38581.18,36,8.03,1037.91,98518.01,35.25,2,37,0
34267.37,60,17.79,254.7,28906.68,27.89,12,31,0
12483.51,36,14.76,1410.36,186866.38,1.26,13,37,1
16018.81,36,6.97,1200.24,188494.07,0.07,7,7,1
34194.33,36,18.55,403.67,162331.23,39.35,24,24,0
13359.96,36,16.26,882.59,213388.75,1.59,16,39,1
7610.22,36,22.26,583.4,66731.76,34.63,7,41,1
22715.25,36,17.18,1000.79,85826.36,38.23,19,18,1
37510.04,36,16.48,1490.81,125490.83,12.32,8,15,1
28145.16,60,13.82,97.25,33840.29,21.61,9,45,1
23232.39,60,14.26,1430.21,223215.53,25.9,6,6,1
4789.88,36,24.09,136.42,132844.58,20.82,9,8,1
24985.28,36,7.77,707.32,94672.55,8.54,7,14,1
39612.1,36,13.92,738.7,129931.59,23.25,20,11,1
6463.28,36,18.12,425.02,94779.86,10.35,23,23,0
21214.86,36,13.66,863.05,85840.59,6.6,12,11,0
35217.55,60,10.66,1255.93,123044.24,20.22,13,31,1
29889.98,36,10.75,462.12,130838.07,14.88,18,38,0
28183.61,60,9.67,133.5,119669.44,1.1,12,9,1
28396.88,60,11.88,959.46,146024.12,37.99,13,44,1
15020.15,36,22.43,1135.07,200177.17,1.58,8,34,1
12450.08,36,15.1,1433.15,33171.68,36.12,9,44,1
32565.09,36,9.8,264.5,206649.3,7.59,9,45,1
32594.42,60,12.69,1355.0,72562.91,5.67,5,30,1
34815.82,60,7.12,738.72,77981.37,2.77,22,13,1
36616.38,60,23.08,376.56,157877.29,17.03,19,39,1
20942.35,36,13.16,1445.24,244404.4,23.47,18,10,1
20559.14,36,24.61,380.49,24001.85,36.15,17,29,1
32133.51,36,11.95,1108.16,174820.73,31.35,24,47,1
26348.59,36,21.73,1183.78,180286.36,6.38,16,48,0
28376.71,36,10.13,662.86,151939.91,6.71,9,14,0
32035.91,36,6.52,1044.28,22228.73,0.33,14,23,1
35710.21,60,5.63,871.54,159460.91,27.51,9,39,0
14181.81,60,17.12,312.29,46454.9,0.7,6,43,1
15647.74,36,11.23,1147.04,37955.57,5.54,8,30,1
4665.3,36,13.87,1394.18,180094.16,25.38,6,49,1
23552.93,60,21.37,748.3,181053.95,6.01,15,39,0
2401.75,60,9.96,1491.64,224679.73,6.13,2,7,0
19158.32,60,11.17,659.11,20777.51,9.36,4,9,0
22163.14,36,21.91,735.21,107114.77,15.41,18,49,1
12175.11,60,14.86,1020.63,22822.56,0.31,13,13,1
24042.5,60,21.55,303.08,103872.39,29.84,21,33,1
2189.51,60,12.49,1355.86,133081.33,30.95,14,48,1
2456.58,60,12.97,1207.87,141837.71,14.67,2,38,0
33081.42,60,8.34,1312.45,101864.52,31.92,18,24,1
15047.44,36,23.33,926.05,186819.31,11.39,18,20,1
5955.36,36,22.94,1329.11,115586.83,39.43,24,37,1
21367.49,60,24.68,1029.56,138939.1,15.91,10,44,1
31029.75,36,13.05,781.99,204020.15,26.75,6,26,1
9417.02,36,21.37,1399.73,60089.64,12.9,7,19,0
25292.73,60,13.3,676.39,93805.9,18.03,20,40,1
4328.55,36,14.09,765.84,139928.81,25.8,2,26,1
3015.59,36,21.6,279.23,196552.19,13.9,11,38,1
21722.83,60,8.55,1423.06,117831.75,26.26,22,29,0
22084.77,60,9.41,354.95,36736.36,5.84,4,32,1
25859.77,36,11.29,326.08,247431.02,19.35,15,38,1
29317.56,36,20.76,178.76,182819.47,10.91,23,25,1
39058.23,36,12.45,696.44,186229.08,36.8,13,31,0
21135.71,60,12.16,432.21,126974.13,32.99,22,5,1
13595.3,36,24.98,1118.95,145819.21,19.5,20,33,1
32012.26,36,12.68,482.06,248631.14,18.15,17,36,1
11562.46,60,9.96,1089.53,156876.61,33.36,14,17,1
18119.89,36,17.46,318.06,70353.78,27.62,14,17,1
4059.8,60,21.04,368.05,241807.34,27.33,16,40,0
1988.68,36,6.39,1215.08,143685.42,21.93,20,17,1
38543.29,60,17.38,575.51,24754.87,34.49,15,9,1
33603.22,36,5.71,194.31,151870.84,7.58,20,14,1
28142.99,36,15.53,1443.26,36209.39,34.48,10,18,1
16949.16,60,10.14,290.77,141345.31,20.83,21,21,1
7758.48,60,11.13,250.79,209826.29,24.85,7,6,0
7101.04,60,14.34,556.82,143939.27,38.5,14,38,0
10759.47,60,23.54,170.58,105894.27,16.98,3,20,1
22419.84,60,19.21,258.76,223000.24,26.72,8,29,1
28869.24,60,23.74,1274.27,,20.89,18,11,1
26747.7,60,18.2,282.12,99922.93,37.26,13,38,1
11917.42,36,5.14,193.8,,19.51,8,26,1
38239.75,36,10.31,1323.54,246072.13,10.25,22,30,0
29777.98,36,23.12,682.38,60963.19,19.31,11,24,0
22619.81,36,17.87,261.03,88575.24,36.67,23,46,1
24857.11,36,24.63,884.83,118537.16,20.03,4,5,1
17364.4,36,8.12,91.01,43204.31,5.85,8,13,1
10661.51,36,10.93,658.25,82569.79,21.66,16,26,1
14882.93,60,12.25,897.76,145278.4,15.5,5,35,1
30556.0,36,11.53,1436.97,72554.55,25.99,18,21,1
1561.35,60,10.04,509.9,177845.55,9.65,14,6,1
5526.83,36,13.87,1154.63,99964.44,12.89,23,20,1
2794.1,60,17.85,225.07,40652.84,20.66,21,47,0
2588.42,36,11.23,667.37,195842.6,4.73,2,14,1
34362.96,36,6.59,358.01,150505.75,8.42,22,14,1
28442.66,36,19.17,753.93,209719.94,32.05,13,29,1
19492.78,36,14.18,643.33,102834.87,37.57,14,39,1
4815.53,60,16.13,1470.28,24457.27,38.78,2,19,1
20173.02,36,14.11,1378.72,30738.35,,2,23,1
19465.4,60,22.81,885.84,202953.46,37.68,12,8,1
7754.87,36,16.17,289.47,114447.48,32.84,22,26,1
17920.21,36,23.47,848.73,244568.71,29.42,21,40,1
16541.68,36,15.21,1194.36,210970.93,9.27,11,26,1
25018.15,36,10.85,85.9,23708.03,17.67,23,23,1
25768.65,60,12.11,668.02,,15.92,17,13,0
2766.86,60,15.44,92.69,68959.22,29.21,4,15,1
15609.89,60,15.6,388.62,131840.93,19.02,21,12,1
25408.54,36,18.75,165.41,136407.91,14.41,14,5,1
20622.31,36,9.49,1442.05,33735.88,32.56,20,26,0
34403.1,36,18.18,278.18,48903.1,30.0,19,6,1
26689.05,36,20.57,250.65,117300.9,14.75,21,19,1
7354.44,60,18.53,1458.92,167802.8,16.77,19,33,1
3752.18,60,14.64,788.47,80815.9,35.73,14,19,1
26054.35,60,24.83,1144.24,141072.22,29.31,15,47,1
2033.94,36,13.1,511.15,107201.14,27.6,2,22,1
23845.25,60,7.13,813.31,164983.61,28.47,17,14,1
37668.98,36,21.43,40.07,117620.58,4.09,22,23,1
23443.49,60,9.24,630.96,215875.61,22.54,23,14,0
16138.63,60,19.27,845.98,246261.14,11.64,16,31,1
26088.24,60,8.58,786.18,230001.92,3.39,22,26,1
18871.86,60,5.34,626.55,58778.97,29.24,12,34,0
22279.05,36,8.2,1188.22,125150.87,12.17,11,29,1
37717.13,36,12.54,767.41,125528.08,12.4,16,19,1
16058.0,60,7.13,965.1,213307.27,25.59,21,7,1
38486.43,60,8.95,301.39,102153.54,26.65,7,13,1
36308.68,36,20.29,1296.41,146408.43,18.96,2,38,1
8635.85,60,20.4,563.37,160134.17,22.26,19,37,1
3705.09,60,21.35,738.69,45649.78,33.96,8,27,0
4930.34,60,21.82,547.73,148331.06,4.28,7,14,1
1710.65,36,13.41,1341.1,76773.54,2.61,15,38,0
4683.28,36,22.35,1354.09,67521.88,26.25,14,43,1
27637.26,60,15.52,359.7,77572.58,24.15,3,5,0
3776.36,60,14.41,1136.49,42850.96,7.44,11,12,1
13440.05,36,19.37,181.24,36037.96,20.88,13,43,1
33950.14,36,9.28,73.88,168779.26,29.83,22,18,1
1907.61,36,20.79,1259.78,236425.14,29.27,7,7,1
32764.27,36,13.59,222.83,178239.91,23.83,24,16,1
11992.34,36,7.55,257.53,91726.79,5.22,9,18,1
5608.43,36,7.39,921.68,97060.72,12.16,22,47,1
28172.75,36,8.3,1230.65,144519.52,16.23,19,22,1
25528.77,36,22.81,308.71,219249.43,31.53,2,38,1
35221.41,60,24.82,197.86,66566.85,21.75,23,13,1
29667.77,60,12.14,143.66,127757.61,29.33,7,6,1
32335.76,36,10.84,66.52,134757.75,36.94,11,19,1
11999.35,60,9.38,201.22,234181.43,24.96,8,13,1
7920.14,36,21.48,1415.76,143315.16,9.49,18,15,0
30273.98,60,9.18,170.07,199597.49,5.58,8,25,1
32466.55,36,23.48,908.41,40194.27,0.02,21,5,1
39629.7,36,18.35,1383.82,95192.43,7.03,3,24,1
17092.09,60,22.94,952.9,160627.39,10.77,11,30,1
15508.71,60,16.08,78.14,175856.72,10.79,16,13,1
31280.11,60,18.81,906.73,223598.79,26.68,10,20,1
14291.34,60,17.39,1357.51,155797.46,6.01,9,30,1
37299.54,60,21.62,504.16,86603.22,17.42,11,12,1
34478.1,36,21.72,491.03,143991.9,0.2,13,31,1
17730.77,36,16.8,395.83,183651.9,10.45,4,14,1
30283.97,36,17.65,773.15,200399.4,1.64,2,19,1
30427.17,60,23.44,379.78,237254.38,28.38,22,23,1
5021.83,36,23.6,1093.97,63873.11,14.17,9,28,1
36199.56,36,18.28,977.95,172017.39,19.2,19,17,1
20704.84,60,5.16,619.14,66071.01,30.46,13,48,1
33231.84,36,7.09,1092.16,93110.64,34.52,10,11,1
13481.93,60,22.16,174.79,52835.83,20.67,7,11,1
35925.41,60,6.69,1131.81,197788.56,25.99,9,40,1
16178.87,36,9.27,916.28,230219.89,29.44,11,32,0
1422.67,36,9.61,956.22,26883.62,11.41,6,40,0
36309.9,60,17.0,125.06,207106.85,28.29,9,19,1
4560.18,60,16.53,938.66,75603.74,26.15,11,39,1
13453.23,36,10.79,756.36,132002.92,17.72,4,16,1
38052.42,36,9.15,744.22,192090.41,13.63,24,32,0
38073.68,36,20.29,503.12,136576.49,38.95,19,35,1
23364.08,36,23.71,41.19,73187.48,39.45,23,35,1
25641.65,36,6.06,651.28,228418.11,27.8,8,16,1
18489.38,60,7.66,619.35,156524.01,15.37,10,21,1
12435.22,60,17.84,651.52,234188.78,30.06,8,8,1
13817.92,36,21.09,929.63,214727.51,27.17,23,15,1
27228.22,36,20.82,470.86,221615.16,21.8,23,37,1
30342.61,36,19.39,425.99,,5.27,9,44,1
31871.58,36,22.75,761.74,247082.48,37.86,17,27,0
31795.11,36,9.35,900.71,216050.73,9.31,12,18,1
4557.04,60,7.15,863.97,97649.61,15.73,23,15,0
20282.39,60,17.31,1326.01,226175.53,13.7,16,26,1
3244.79,36,21.45,1160.64,193717.35,6.15,15,45,1
22431.63,36,16.64,106.72,,0.98,18,46,1
18219.69,36,24.26,858.31,21431.94,37.19,16,13,1
35620.46,60,20.91,644.19,25190.62,29.58,5,40,1
14685.69,60,19.02,560.75,179802.28,0.83,14,26,1
5565.61,60,6.21,1438.11,84097.22,27.51,5,35,1
6576.68,36,7.15,701.49,33459.22,5.19,22,35,1
30698.91,36,20.7,1087.57,85768.74,,20,44,1
25110.5,60,8.96,1451.62,212719.18,20.21,19,10,1
4943.78,60,5.58,251.97,128240.71,39.11,20,48,0
4280.17,36,23.22,110.29,161583.23,17.29,12,24,1
28337.8,60,22.82,491.02,204116.25,29.96,7,13,1
3837.76,60,9.37,95.33,94376.13,1.65,11,44,1
33052.54,60,20.6,201.64,22563.56,37.42,9,24,1
28543.45,36,5.96,1487.81,94363.85,22.5,21,24,1
4172.6,36,10.7,1441.46,,12.57,5,40,1
4308.67,60,17.47,1046.2,130925.55,5.08,21,5,1
39478.94,60,20.26,1136.89,151055.75,25.63,5,47,1
15596.56,36,5.21,236.52,,29.85,12,39,1
15455.04,36,11.52,905.0,46434.68,3.41,9,45,1
32699.18,60,9.29,256.99,188805.27,6.59,20,15,1
37942.69,60,24.98,586.23,,15.42,2,7,1
39454.04,60,18.42,537.66,109277.14,34.07,22,10,0
30381.75,36,13.11,932.52,81982.67,39.32,18,25,1
15674.12,60,6.51,147.15,55315.48,29.8,23,13,1
4256.53,60,16.97,182.09,103136.12,0.22,22,24,1
31308.73,60,17.83,926.6,41766.96,36.14,7,23,1
22777.77,60,21.33,965.09,214298.95,1.06,22,30,0
17544.66,60,10.77,529.63,90367.66,35.89,20,18,1
36347.82,36,24.63,245.9,170331.98,16.41,17,28,1
5336.7,60,13.79,1332.54,88239.98,29.67,12,7,0
20212.38,60,10.92,107.83,,3.48,17,49,1
1442.79,36,11.97,1084.54,184141.13,6.6,13,32,1
19277.77,36,15.39,235.87,163520.88,18.03,2,43,1
3195.83,60,23.73,966.94,70164.13,1.54,13,48,1
5633.9,60,19.7,1005.57,160782.11,15.59,24,5,1
5583.52,60,16.54,1212.26,21150.39,30.08,4,13,1
26319.2,36,8.26,610.69,60690.36,26.19,19,5,1
30095.75,36,7.99,62.04,187383.42,14.07,13,35,1
23751.38,36,15.04,1222.24,114334.65,0.35,12,15,1
38524.73,36,19.57,682.78,66834.64,10.79,7,40,1
15619.95,60,20.02,1275.22,136360.77,31.05,20,34,1
12142.77,36,9.52,1170.7,126999.91,13.62,9,28,1
34875.37,60,7.0,762.51,165805.35,15.1,13,42,1
9720.24,36,12.69,1499.12,36683.81,2.97,24,31,0
38565.68,60,23.36,709.25,208450.42,24.07,9,27,1
1474.02,60,15.91,1053.86,33403.66,24.88,5,38,1
38825.27,60,11.4,1014.61,124386.71,17.23,7,39,1
2683.24,36,11.47,791.56,183408.8,30.42,7,11,1
35754.58,60,7.64,890.46,99306.54,35.07,23,49,1
21580.34,60,14.46,1203.95,229327.26,30.02,22,12,1
39725.63,60,20.83,870.27,193703.33,21.77,10,31,1
3878.07,36,24.37,691.72,117991.05,37.43,5,31,0
22600.32,60,15.03,1003.26,62280.07,15.29,13,13,1
38802.8,36,8.34,82.2,29990.95,26.19,16,10,1
21400.82,60,18.66,190.51,204382.8,23.01,2,6,0
25546.55,36,20.14,214.38,64683.08,33.66,10,13,1
28134.2,60,6.43,655.88,82025.06,19.98,15,48,1
18727.1,60,22.0,1311.51,22387.02,22.14,6,10,1
25474.77,60,21.59,975.64,24192.18,18.15,24,15,0
23788.26,60,14.45,1459.75,72996.24,5.62,7,5,1
36145.16,36,16.21,88.71,220759.75,35.46,4,39,0
2772.41,60,19.27,1091.35,199589.3,34.47,8,14,1
11957.56,60,18.53,491.88,197070.82,28.1,8,24,0
38066.05,60,5.33,64.23,210218.0,13.91,16,46,1
35720.29,36,7.45,1244.11,62921.12,14.2,24,23,1
18770.61,36,8.25,269.16,245185.02,1.44,12,15,1
25185.17,36,20.11,344.69,73404.31,3.11,20,31,1
11817.87,60,13.8,530.48,54483.87,20.55,20,33,1
8336.73,36,15.91,1188.88,87768.28,1.99,19,24,0
19084.24,36,20.45,948.15,142004.27,3.97,22,12,1
14780.74,36,11.82,419.35,48619.04,10.05,15,17,1
23762.59,60,19.98,277.68,189882.84,14.95,6,12,1
4031.65,36,13.85,191.04,105451.14,19.57,21,23,1
39001.4,60,12.54,250.23,150735.8,12.98,10,37,1
39462.22,36,11.66,1306.17,188874.29,37.63,19,45,1
28228.31,36,24.3,1386.34,227435.56,38.04,12,43,1
21907.76,60,20.44,1452.9,208449.8,2.24,2,28,1
13071.58,60,5.4,1257.06,143617.8,39.42,14,37,1
32738.01,60,24.15,1334.46,247969.77,6.92,12,40,1
27704.52,36,20.51,1229.67,141840.01,13.25,10,7,1
7342.06,60,7.98,1438.34,143273.6,33.48,5,7,0
36526.16,60,6.53,1273.11,56452.28,27.51,5,5,1
33078.95,36,11.16,709.14,54205.72,2.33,11,31,0
38042.2,60,17.48,505.18,58801.26,30.98,16,43,1
29303.06,60,17.33,888.79,156118.91,26.53,24,39,1
24923.19,36,10.52,924.03,115489.54,38.02,12,38,0
17311.48,36,13.91,875.12,108753.44,36.4,2,30,1
37376.41,36,9.24,1068.89,49338.41,39.01,20,48,1
34776.49,60,6.01,1057.5,107650.75,18.2,23,35,1
2763.53,36,15.34,158.18,106937.67,28.26,17,32,1
2028.31,60,11.94,449.72,,38.48,23,40,1
15682.07,36,15.86,1338.09,109334.23,0.08,7,20,1
32611.58,36,23.93,897.35,116315.26,31.56,23,49,1
39503.77,36,7.87,512.93,82684.88,2.16,24,24,0
6866.26,60,5.04,1280.17,50245.9,39.96,4,13,1
24171.1,60,6.54,396.09,89002.5,0.56,5,36,1
15854.74,60,14.25,631.52,29836.03,,4,5,0
38826.66,60,19.14,436.09,66853.29,20.84,10,5,1
33842.64,60,16.62,1310.88,94739.06,12.19,22,37,1
33694.82,36,14.9,1100.58,53498.65,29.29,24,28,1
19279.03,36,12.08,706.53,,10.28,17,41,1
17177.96,36,11.2,1400.48,84575.96,11.63,18,6,0
11662.88,36,12.53,1393.34,161571.34,7.21,19,34,1
3198.64,60,17.23,1075.94,168093.69,28.56,14,22,1
34724.17,60,8.36,1341.23,122876.3,6.8,11,48,1
32703.14,60,20.43,1087.51,123294.48,35.91,19,32,0
39988.99,36,16.51,953.47,153736.55,11.51,5,19,1
39868.84,36,10.38,648.55,80364.96,20.74,7,39,1
22661.84,60,15.02,432.0,24886.34,19.0,7,18,1
30990.51,36,24.26,118.58,168355.66,28.09,17,6,1
37845.86,36,5.41,1207.28,159960.84,9.36,21,6,1
34136.25,60,8.99,209.58,129567.64,33.55,22,46,1
10646.58,36,13.97,633.21,221426.09,29.52,15,28,0
18571.22,60,17.77,374.91,136983.71,13.7,4,15,1
6037.22,36,9.24,698.3,89803.77,4.81,12,23,1
38207.99,60,23.63,493.03,184112.46,20.19,22,5,1
24640.81,36,17.85,1249.65,241352.81,39.22,24,32,1
9917.07,60,22.55,1467.92,189482.14,0.97,14,31,1
27196.33,60,11.59,1414.09,229035.01,33.79,3,16,1
25107.0,36,21.58,944.88,45924.28,27.99,19,37,1
14968.35,36,12.56,1469.54,47826.86,7.33,2,43,1
5428.75,60,10.06,619.06,55559.31,19.06,16,21,1
27191.35,60,23.23,798.06,181656.52,25.11,14,18,1
21292.0,60,6.84,407.57,109632.62,27.87,16,34,1
31120.42,60,23.86,1350.03,129873.56,36.85,3,30,0
21286.38,60,14.17,294.17,80241.63,34.92,22,20,1
34235.08,36,24.85,927.42,,13.14,6,36,1
22524.37,36,15.79,1205.2,214430.04,4.8,19,11,1
22876.58,36,20.15,905.24,,4.17,23,28,1
35189.49,36,5.14,145.8,64328.85,38.75,18,47,1
16735.83,36,14.93,928.83,98062.18,38.23,18,5,1
6226.59,60,19.75,1157.61,84438.32,32.78,20,25,1
2122.52,36,20.66,306.11,142253.42,39.22,6,30,1
30450.35,36,8.16,1113.32,193093.22,10.97,24,34,1
25192.07,60,13.38,1321.51,202452.95,33.02,17,30,1
28459.11,60,13.38,1480.09,67943.43,20.09,17,47,1
9305.6,36,7.07,632.79,60383.83,31.97,24,39,1
6318.49,36,13.86,66.99,103649.68,24.43,16,34,0
1567.24,60,21.14,646.05,53976.51,33.85,18,42,1
14672.91,36,11.0,1000.53,41113.33,15.89,19,43,0
24006.79,60,13.65,1340.31,75793.76,39.57,2,27,1
16297.52,36,24.22,1409.02,110607.07,8.77,18,40,1
18061.52,36,5.63,1367.08,155203.58,26.9,5,15,1
36262.19,36,16.83,997.2,186354.12,32.1,16,18,1
14581.96,36,19.87,1033.31,71246.65,23.43,18,16,1
21045.59,60,20.22,33.5,208292.67,11.61,5,34,0
31562.47,60,19.32,564.68,27744.28,22.45,12,19,0
16465.17,36,19.53,1363.08,122130.58,20.19,4,42,0
25261.38,36,6.18,1043.74,165607.61,7.6,24,49,0
34632.18,36,15.68,717.84,86990.73,30.53,10,29,1
38031.3,36,20.66,183.25,177249.15,10.69,12,7,1
6735.87,60,6.88,392.09,219422.3,33.28,11,7,0
37136.92,60,5.24,845.74,40554.25,8.57,7,27,0
20192.54,36,21.29,1349.33,137888.9,20.09,6,14,1
11071.53,60,19.25,170.84,24317.22,27.81,22,30,0
18906.29,60,13.24,256.02,84302.09,39.83,14,37,1
39221.27,36,23.81,992.86,,10.84,13,33,1
20212.11,36,20.33,462.4,163583.25,25.42,19,5,1
13821.31,36,24.36,279.46,77197.24,6.13,18,24,1
25702.63,60,23.59,292.3,84951.58,32.79,21,12,0
10365.68,60,14.63,754.14,67294.97,34.46,10,44,1
3958.67,60,20.09,888.1,76074.58,35.52,22,32,0
6026.31,60,18.38,1359.39,71775.35,37.82,15,35,0
5993.79,36,21.23,808.83,180510.4,14.23,12,19,1
6924.21,36,20.75,1046.17,239836.39,26.66,16,16,0
6414.26,36,8.06,295.61,132753.23,12.63,14,39,1
25994.12,60,9.67,1078.79,158089.19,32.15,5,9,1
8093.32,36,10.31,983.58,208164.41,16.62,11,5,1
14481.02,36,21.37,347.79,129504.41,22.2,17,34,1
35974.75,60,21.21,1013.98,89465.6,5.32,16,39,1
19484.5,36,14.91,340.89,238724.21,34.02,7,49,1
27034.75,60,16.62,902.56,228416.01,19.32,5,7,1
7720.47,60,21.54,1013.21,70682.75,25.62,24,23,0
8499.27,36,11.25,1049.23,181707.58,26.77,13,9,1
2593.88,36,6.0,1366.62,168842.09,10.97,17,17,1
7588.47,60,14.65,1423.32,169415.56,31.8,22,9,1
11865.02,36,23.27,1220.99,211038.69,33.32,16,44,1
7903.41,36,20.81,1321.76,175044.29,,18,9,1
4459.4,60,12.33,58.41,139140.88,36.1,8,42,1
5704.8,36,6.3,563.12,214595.16,6.44,23,8,0
18970.37,60,17.74,88.39,80913.43,16.58,15,18,0
9047.02,60,21.69,360.52,176221.87,1.77,14,20,1
15206.52,60,18.3,591.13,181349.66,15.94,2,5,1
20633.27,60,13.5,1305.34,220173.65,39.88,7,14,1
27925.4,36,7.47,782.28,249610.76,18.53,12,43,1
2533.17,36,23.22,983.83,148236.8,16.77,7,22,1
32177.01,36,10.52,563.34,131415.2,27.51,11,20,1
25488.12,60,9.49,916.29,158157.14,1.94,11,45,1
4188.6,36,21.32,1228.84,171495.85,14.15,17,35,1
35069.57,60,24.62,472.82,183986.37,21.32,8,16,0
36914.02,60,18.2,1400.42,84680.73,19.36,2,20,1
3382.04,36,17.5,343.57,132017.45,25.7,5,28,1
11798.23,36,11.39,1381.37,105311.73,5.56,6,25,1
32441.85,60,5.41,71.6,28917.86,16.1,20,20,1
30182.13,60,8.84,827.85,160190.39,25.34,12,29,1
8196.32,60,16.69,1478.2,221207.34,12.07,22,25,1
9164.62,60,8.03,926.37,231938.72,24.52,5,8,1
15448.41,36,22.68,845.65,139007.44,38.33,3,42,1
19896.4,36,8.76,1033.23,196153.45,37.22,12,28,1
25111.94,36,15.44,455.27,183854.93,29.02,8,10,1
15387.63,60,15.24,109.26,72646.53,7.11,24,45,0
19038.85,60,17.08,399.06,,31.37,16,11,0
30151.37,36,11.55,289.08,192006.97,17.87,6,8,1
2430.64,36,22.47,1387.65,85019.71,38.07,8,40,1
10845.04,36,13.89,1282.83,146357.96,24.46,12,48,1
28820.63,60,19.0,497.04,140534.81,8.7,22,35,1
35913.07,60,17.72,1259.02,208111.0,12.5,20,29,1
20955.42,60,7.34,341.28,168268.5,12.76,14,18,1
21752.43,36,17.45,323.38,214843.88,11.05,24,40,1
5179.71,36,16.01,1158.28,193014.28,30.87,23,47,1
18449.08,36,22.97,510.59,249961.2,13.47,9,48,1
21772.07,36,22.62,125.25,218691.24,7.82,16,9,1
10456.35,36,8.02,1088.38,68547.62,23.84,19,16,1
11500.49,36,6.63,1484.71,241119.45,18.59,4,8,1
15714.08,60,10.89,861.99,98230.89,0.89,19,34,1
1782.78,36,24.73,417.59,159803.21,11.16,14,33,0
13561.09,36,5.43,578.17,236510.67,1.53,8,33,1
9246.47,60,18.46,983.51,69258.02,30.68,4,26,1
13772.4,60,17.17,1061.03,217178.76,38.04,4,40,1
5670.72,60,17.93,1332.91,239225.1,20.01,9,30,0
35730.56,60,9.37,1365.99,216362.53,22.33,7,26,1
24150.11,60,9.53,1296.08,208409.41,33.8,16,5,1
27484.99,60,13.61,983.28,80861.3,0.76,3,37,1
31777.68,36,6.92,691.28,113632.92,6.49,7,43,1
20439.25,36,6.49,1028.58,194876.83,26.17,16,39,1
4389.89,36,6.77,1009.85,47178.05,29.67,14,30,1
21947.16,36,16.46,350.43,224325.68,25.05,16,37,1
23886.8,60,12.95,776.1,68359.1,37.57,17,31,1
30072.14,60,10.87,336.08,149905.54,15.69,24,13,1
17834.72,36,11.32,1351.71,44163.69,22.2,17,12,1
5975.63,60,9.15,505.17,62593.69,38.26,8,46,0
12067.26,60,13.23,1213.98,154665.01,35.99,8,7,0
15160.21,36,9.06,584.52,165967.7,1.23,23,30,1
26190.77,36,18.96,1152.69,82042.85,14.09,14,12,1
23260.35,36,7.48,354.74,47392.38,29.56,23,19,1
14887.77,36,23.96,1152.7,146397.86,0.04,19,12,1
39474.09,36,6.8,293.91,213346.7,34.52,5,6,1
24625.22,36,23.87,751.5,66332.49,20.08,5,34,0
10251.84,36,21.67,197.03,179060.02,3.46,21,48,1
4969.52,36,18.61,806.01,108752.65,17.7,15,41,1
6961.51,60,23.25,1236.45,,19.7,21,31,1
10592.35,36,7.78,1140.65,38991.82,14.68,12,31,1
7266.57,60,8.53,104.55,29192.72,18.17,2,10,1
8276.11,36,10.04,753.5,48590.9,35.66,7,13,0
12118.71,60,9.9,1282.77,199962.31,12.96,17,33,1
7761.57,36,11.22,985.65,232237.04,38.44,15,23,1
35973.85,36,16.51,117.03,209169.63,27.48,24,28,1
4129.12,36,5.56,508.68,185101.36,35.84,22,24,1
21455.94,36,12.65,848.18,33244.47,8.36,5,36,0
17005.48,36,9.93,283.8,69176.67,19.67,12,39,1
39312.77,60,17.13,1032.41,235137.18,22.62,3,8,1
5369.52,36,24.7,963.22,163242.4,3.41,21,17,1
16516.37,36,15.35,327.59,127714.57,19.75,5,9,0
38809.35,36,13.51,839.09,170031.78,34.44,3,41,1
34754.78,60,12.36,1223.23,61076.56,2.09,9,15,1
32865.81,60,20.7,581.0,225359.86,25.69,10,20,1
11058.21,60,6.44,393.07,170949.83,39.55,18,31,0
7664.62,60,24.2,1060.79,128386.23,21.1,9,23,1
27077.09,60,13.36,134.08,125196.39,12.13,20,30,1
37245.66,60,11.27,1254.03,209146.83,23.4,8,44,1
22713.75,36,24.48,1416.88,90809.76,21.66,19,39,1
23292.89,36,23.72,1448.24,51540.31,4.21,10,7,1
11919.18,36,17.84,665.83,62704.0,8.57,13,33,1
31010.22,60,5.37,946.11,38661.28,26.78,18,25,1
8294.71,36,19.97,1290.33,136808.47,23.7,22,36,1
13623.49,36,11.71,358.43,175769.38,13.77,9,26,1
17592.02,60,12.77,70.72,234816.6,39.14,20,8,0
20796.8,36,8.17,595.31,192687.44,25.79,6,20,1
10453.98,36,15.47,1330.03,154115.46,9.23,8,5,1
5478.64,36,19.89,772.46,218709.41,18.85,13,38,1
24814.18,60,10.46,809.42,225209.0,28.46,16,32,1
12256.59,60,23.77,1046.47,183848.7,26.88,12,15,1
23668.29,36,8.89,874.54,32945.46,9.85,22,7,1
7020.15,36,6.33,110.08,87105.33,25.91,9,45,1
19764.46,60,17.89,854.46,97322.77,13.32,24,41,1
21770.99,60,21.99,982.5,249397.73,18.3,19,14,1
3021.12,60,24.06,973.15,126757.39,26.77,15,20,0
14127.57,60,20.34,1100.67,195233.61,23.24,14,32,1
6242.17,36,8.99,794.28,207173.37,28.51,10,33,0
3471.62,60,24.55,1353.09,170249.83,15.27,22,26,1
39608.45,36,23.39,712.46,24203.59,30.08,21,13,1
13571.8,60,8.26,791.73,24450.38,0.63,10,42,1
32585.1,36,16.18,1177.05,208318.92,7.52,3,16,1
10930.99,60,16.11,1254.86,190025.19,38.93,8,32,0
27578.61,60,13.85,983.09,143306.8,3.47,3,9,1
30648.89,60,24.69,215.77,77239.11,26.48,15,23,1
24229.91,36,6.19,517.97,39944.15,36.67,15,16,1
19391.47,36,17.54,59.63,57781.72,34.38,9,16,1
17061.8,36,9.11,464.31,153474.47,36.51,18,5,1
14605.86,36,15.55,868.26,145540.13,39.36,11,6,1
37251.64,60,20.59,1213.69,236491.39,14.29,3,32,0
33394.16,60,9.93,890.91,240173.65,13.21,20,23,1
38636.05,60,12.87,88.65,152481.57,4.83,17,35,1
5847.59,36,24.02,410.89,213529.5,8.06,2,14,1
29503.83,60,20.23,879.75,206817.39,26.12,7,5,1
37595.28,60,16.45,1072.3,193046.61,13.25,18,16,1
8068.09,60,9.44,1303.69,120587.74,13.65,14,36,0
3593.35,36,13.51,1452.44,109563.45,25.84,13,17,1
29903.71,36,20.48,1340.93,80750.81,4.18,20,28,0
23404.45,60,21.41,716.97,235531.85,2.24,2,34,1
33831.32,36,9.89,1127.99,211917.83,32.11,20,49,1
6451.12,36,18.24,383.58,60736.63,31.59,22,46,1
32015.43,60,6.9,123.83,78066.51,15.4,8,10,1
8863.47,60,5.46,110.95,153705.35,23.72,8,34,1
7382.58,36,15.97,384.72,115127.95,9.52,24,39,1
7406.37,36,9.49,85.19,69196.46,14.71,7,41,1
32768.41,60,6.58,1279.9,201966.01,1.46,9,32,1
26942.69,60,19.6,750.18,20357.22,10.94,10,36,0
21399.55,60,14.96,1222.02,98953.6,0.66,7,45,1
14994.39,60,20.93,1411.65,233750.48,16.96,10,41,1
35210.82,60,18.28,1491.04,194976.64,20.79,24,9,1
16305.36,60,19.6,1407.63,112295.54,19.81,12,28,1
32847.38,60,11.15,1083.34,233607.54,13.63,2,9,1
18126.26,36,10.27,679.71,227184.74,8.28,2,36,0
15700.83,36,17.02,909.04,32094.26,18.17,14,22,1
19044.51,60,9.0,1230.25,49426.45,34.8,12,35,1
12753.74,36,21.31,1349.41,109062.97,39.33,6,6,0
30156.77,36,15.46,1436.01,233761.46,12.51,17,39,1
20606.1,60,9.54,1103.99,214167.19,38.98,17,31,1
10056.3,60,17.5,823.73,30985.19,17.38,16,32,1
36083.41,60,23.9,1453.51,137836.12,24.53,4,16,1
15971.76,36,6.64,1439.18,185658.26,32.15,8,6,0
22198.56,60,7.19,732.0,83462.22,14.38,12,11,1
36352.41,60,21.88,983.53,186180.63,8.33,18,24,1
25345.28,36,7.19,1219.62,105036.86,10.92,23,6,1
5559.02,60,5.79,666.63,83033.0,33.54,20,14,1
37653.45,36,11.96,1249.19,110289.91,37.38,6,17,1
25480.61,36,14.33,193.84,238684.23,5.14,5,20,0
14061.32,60,16.39,737.29,228217.71,27.78,19,46,1
6431.61,60,15.15,739.44,230208.8,1.4,9,32,0
31966.98,60,23.26,1036.45,230997.19,35.0,7,33,0
25182.84,36,20.37,201.13,61003.04,34.27,14,15,1
21804.98,60,24.68,181.72,,30.98,22,20,1
35861.81,36,14.53,1353.87,68823.58,32.98,3,12,0
31755.29,60,6.69,476.5,212771.19,24.17,16,49,0
6915.32,60,24.11,510.58,144636.74,5.89,12,25,1
13157.16,60,5.08,1171.99,75191.32,36.58,7,10,1
10691.08,60,20.52,639.92,111659.69,5.64,11,48,1
30013.91,36,5.63,1254.4,119676.98,9.01,22,15,1
2307.76,60,20.22,620.16,188629.39,17.3,19,30,0
23225.7,60,23.76,1148.08,159384.94,19.92,5,16,1
30735.89,60,12.79,802.21,207859.9,3.85,7,6,1
35193.86,60,9.82,1405.67,111265.15,30.47,14,24,1
14341.19,36,9.53,511.26,191025.82,5.49,17,43,1
33029.03,36,14.83,563.16,202345.04,26.19,20,32,1
5314.64,60,8.42,1455.88,34523.19,18.08,18,43,1
34011.64,36,18.46,1114.16,,32.44,18,11,1
5972.06,60,12.37,1165.67,223777.58,11.82,13,20,0
16494.2,36,11.46,465.09,182144.46,33.46,21,17,1
32094.52,60,14.23,812.11,116242.66,10.09,10,33,1
6846.78,36,15.85,490.91,62084.08,22.97,15,26,1
9940.8,36,7.84,412.01,42220.49,19.44,23,42,0
29167.85,36,19.16,816.8,72750.69,14.1,19,40,1
29081.42,36,22.66,1482.01,76279.26,0.47,8,6,1
26004.76,36,10.56,345.5,105252.25,15.91,16,40,1
28063.99,60,8.61,386.5,60691.98,4.73,2,18,1
22166.25,36,20.21,387.4,53590.93,9.01,16,32,1
10820.16,60,8.67,1193.8,214121.55,27.53,19,17,1
14482.14,60,5.83,780.41,77393.8,22.85,22,8,1
8082.31,60,17.38,595.61,149169.23,21.08,16,20,1
36429.57,60,9.8,1270.37,65838.9,22.56,2,6,0
23752.28,60,8.44,467.31,133103.31,4.8,12,48,1
16633.21,60,24.63,606.56,83643.76,6.59,14,39,1
19018.23,60,10.84,138.22,39963.93,21.71,17,24,1
37944.05,60,23.07,204.8,245900.44,16.27,3,22,1
6980.7,60,8.56,230.99,125295.41,18.53,17,12,1
23862.96,60,21.38,540.05,110400.9,35.17,12,27,1
20729.66,60,15.04,800.41,65798.09,7.41,10,49,1
24846.72,36,6.57,31.09,133934.15,36.43,13,27,1
1706.3,60,19.67,309.2,166100.37,34.3,5,29,1
35012.83,60,22.84,288.21,,36.07,3,45,1
37352.61,60,8.26,402.42,130496.23,25.65,23,40,1
23040.19,36,19.51,274.14,74528.64,34.56,7,7,1
28169.38,36,13.9,316.84,141374.01,39.65,13,22,1
36977.48,60,20.08,1476.3,201059.33,18.86,6,33,1
28582.31,36,19.28,904.25,33849.09,34.47,19,28,1
6949.02,36,5.53,1151.16,139102.96,36.15,2,33,1
23475.25,60,8.57,1234.43,111853.51,12.39,3,16,1
24661.89,60,14.42,1011.49,37029.51,17.71,24,45,1
17541.1,36,23.67,1065.0,236317.08,22.95,13,37,1
29721.33,36,11.84,959.46,79763.89,13.97,11,17,0
37440.31,60,17.58,984.58,149860.65,12.89,2,18,1
37097.17,60,5.24,1394.82,105702.66,15.23,6,38,1
18582.74,60,19.22,303.04,82360.52,16.96,11,30,1
5416.28,60,17.06,433.85,141251.55,10.09,17,12,0
39408.81,60,19.31,167.09,178476.58,18.93,15,32,1
33717.03,60,23.09,1260.87,200673.1,31.15,21,42,1
5861.84,36,7.93,689.67,165802.63,24.98,6,11,0
36912.83,60,10.23,1363.44,141048.08,15.19,23,33,1
34925.96,60,24.92,635.16,198770.18,6.25,23,33,1
21234.68,36,8.13,680.64,139014.86,32.96,20,34,1
24059.74,60,19.41,689.08,244072.17,20.45,10,47,1
16561.11,60,19.5,930.36,141150.36,38.85,4,46,0
3135.7,36,18.66,1156.2,92966.84,10.11,23,49,1
14072.69,36,9.55,546.4,122663.26,7.02,13,36,1
32311.28,60,9.3,956.34,,0.32,8,23,1
1180.65,36,18.33,329.83,85201.8,3.3,10,10,1
14006.47,60,8.73,844.45,56510.85,15.42,15,47,1
16528.58,60,18.23,833.48,119218.19,7.93,2,46,1
21958.43,36,14.85,1336.41,226317.55,1.52,11,48,1
36874.37,60,12.73,1346.89,78772.17,9.01,17,45,1
14507.49,60,11.0,746.2,103218.29,29.15,8,42,1
14531.17,60,23.95,66.16,,29.43,18,11,1
29762.55,60,15.16,1271.59,38922.86,5.99,18,22,1
18636.5,36,16.23,30.92,209766.23,37.46,6,35,1
9759.59,36,23.99,733.03,185664.13,6.36,5,9,1
18645.14,60,18.08,59.09,146445.75,3.57,10,10,1
6493.42,60,24.16,548.31,68180.12,6.52,5,23,0
7879.09,60,7.13,966.04,41316.07,5.62,16,46,1
20436.34,60,21.93,575.67,73295.39,25.27,5,40,1
17338.09,60,11.71,1392.53,195143.91,6.25,21,18,1
36678.99,36,21.21,971.92,234703.76,25.37,21,14,1
15133.36,36,22.11,980.27,189714.28,11.06,10,44,1
23642.95,36,10.43,580.42,141351.91,9.94,3,32,1
25658.31,60,13.18,86.66,238657.03,35.89,13,44,1
1510.68,60,19.52,1115.12,210570.49,8.57,9,14,1
26877.96,60,6.98,1082.88,170842.58,34.58,5,25,1
7943.4,36,20.11,809.28,28718.08,12.14,6,7,1
38481.74,60,7.21,641.91,86178.71,39.65,15,16,1
6797.85,36,23.29,821.33,90888.32,39.24,2,9,1
17170.34,60,10.53,1127.82,99866.41,33.1,2,30,0
4328.64,60,16.51,1077.79,109558.7,34.72,19,31,0
39878.1,60,7.34,997.42,236054.93,32.93,7,14,1
20585.61,60,10.39,1358.55,190630.65,25.19,3,42,0
24220.02,36,13.08,926.54,179145.05,32.36,17,17,1
3615.98,60,14.74,51.33,118098.44,25.13,21,30,1
30248.46,60,5.0,938.55,97636.41,33.69,20,31,0
9186.32,36,22.77,930.46,47502.98,37.42,6,45,1
36024.12,36,5.15,132.37,124303.96,30.13,7,12,0
9000.45,36,20.47,658.76,67228.75,38.59,10,27,1
8436.82,60,14.41,987.11,109932.39,17.93,16,44,1
2425.44,60,15.48,1065.62,55969.99,37.02,15,25,1
19410.61,60,9.17,1342.78,99119.06,9.05,11,5,1
23028.8,60,17.15,1266.83,29885.26,1.25,24,6,1
3562.64,36,15.74,201.33,21385.34,5.12,4,29,0
31245.58,36,8.28,924.91,220079.12,6.41,10,44,1
18678.26,36,9.76,906.83,167490.74,32.98,7,16,1
21451.22,36,6.34,476.51,155163.33,16.04,12,48,1
18189.75,36,6.33,300.64,138172.62,9.33,19,41,1
16629.76,60,5.28,323.28,187147.71,32.49,3,20,1
22825.97,60,9.41,291.0,189318.09,8.08,6,16,0
7054.37,60,18.59,1215.21,235107.81,3.12,19,16,0
8095.2,36,11.32,248.14,76214.42,18.65,2,11,1
34609.64,36,11.85,418.66,200595.73,2.78,9,42,1
37898.5,60,7.64,350.15,247966.28,11.16,7,13,1
15559.06,60,16.51,1077.9,26675.03,28.01,19,30,1
11559.04,60,11.84,262.84,106016.65,14.98,11,42,1
26115.98,60,18.53,65.38,120288.25,3.5,10,20,1
16940.63,60,19.83,580.11,209021.44,16.12,12,21,0
1990.07,60,16.69,478.49,23160.99,20.53,13,26,1
7089.95,36,10.52,614.63,157682.49,10.01,17,41,1
28922.92,60,15.17,1138.11,225293.13,6.84,8,49,0
26698.03,36,10.04,48.18,53954.22,30.47,18,43,1
2056.74,60,23.06,85.43,46581.93,2.71,20,6,1
9656.91,36,20.33,405.8,249950.88,38.27,14,43,1
10011.92,36,14.86,1337.14,209970.55,0.3,20,23,1
27203.82,36,24.31,278.54,180406.26,26.05,12,44,1
1768.71,60,15.94,1495.65,111765.68,5.34,19,27,1
5060.23,60,11.57,1214.37,216411.48,21.88,23,42,1
32196.73,60,6.91,700.52,232237.79,7.49,4,7,1
7963.24,60,15.87,1129.36,188453.97,1.37,5,26,1
26457.1,36,22.21,792.66,111561.8,34.39,14,45,1
10289.13,60,22.33,862.01,154213.53,16.96,9,12,1
4878.21,60,17.09,883.73,42658.97,11.01,20,42,1
10483.72,60,12.87,983.62,56344.71,37.89,5,22,1
29168.41,36,18.01,119.32,200098.59,3.28,10,33,0
34372.16,36,20.24,936.25,26742.56,13.94,10,33,1
33378.57,60,13.23,1083.91,31315.08,7.09,15,35,1
16490.16,60,14.53,486.76,136845.4,39.65,15,39,1
27055.32,60,18.61,1468.51,59221.73,21.84,12,35,1
8994.39,60,22.53,242.33,87551.94,32.49,16,41,1
12432.76,36,20.82,1368.35,111731.23,6.54,11,33,1
35957.1,60,5.45,1024.38,140118.74,12.18,24,42,0
1507.08,60,7.49,1006.54,85212.99,24.78,12,22,1
4334.83,36,22.06,1317.75,131215.69,7.12,19,32,1
9107.56,60,21.68,1252.64,105257.45,20.0,22,30,1
2034.76,60,12.78,537.79,38637.16,37.26,24,49,1
8075.98,60,16.69,1066.89,219439.3,37.21,5,42,1
23738.62,36,23.12,104.39,84714.16,14.2,17,42,0
17435.56,36,23.23,712.11,160155.85,20.65,10,18,1
35814.2,60,20.66,1408.53,151054.05,7.94,12,42,1
32880.3,60,9.19,432.91,65808.36,39.14,9,42,1
14330.88,36,19.61,103.46,26890.38,20.79,10,48,1
11117.51,36,7.02,886.93,217094.23,8.25,3,34,0
15808.0,36,22.88,552.0,134468.67,33.79,22,31,1
24021.5,60,7.98,588.13,115327.53,16.81,2,18,1
11454.48,36,18.25,886.21,195469.42,25.45,6,14,1
25341.81,36,17.2,943.74,27626.55,33.74,9,37,1
16967.05,36,20.54,672.86,,12.37,8,34,1
22529.84,60,16.03,776.1,114050.33,23.12,9,46,1
18008.93,36,6.19,1490.09,146873.45,2.24,16,5,1
12484.16,60,19.12,1437.01,193061.03,9.38,9,23,1
37989.68,60,12.66,1069.76,145766.44,5.55,22,23,1
30780.63,60,11.41,267.37,34207.61,25.77,23,44,1
6464.41,60,24.83,559.14,187578.2,10.19,12,9,1
34870.25,36,16.81,1328.14,200858.58,30.4,3,29,0
20009.82,60,19.21,652.64,126235.43,30.45,5,37,0
35887.54,60,15.53,1434.39,120983.66,31.37,20,25,1
32194.35,60,20.4,747.8,77942.88,5.31,11,35,1
17583.33,36,20.04,1296.8,168157.43,21.04,6,18,1
1876.3,36,18.14,82.01,222857.36,27.16,22,35,0
11478.42,36,24.95,668.22,170872.81,12.91,13,20,0
22123.73,36,14.2,1059.38,197404.72,10.4,10,44,1
25705.65,60,19.12,1299.44,212614.8,28.72,16,29,1
11057.62,60,20.96,926.16,72013.16,14.05,8,9,1
6434.89,60,12.52,284.7,112484.0,9.96,18,29,1
33562.28,36,14.14,1332.12,120270.71,22.52,13,35,1
39391.69,36,24.38,874.98,148547.08,24.82,8,19,1
21501.92,36,5.65,188.79,31311.89,31.07,18,14,1
7695.49,60,11.71,711.85,155333.65,1.64,15,43,1
11619.99,60,14.72,1057.45,40359.94,6.98,13,45,1
1717.24,60,5.03,692.99,205511.07,31.09,8,45,0
36657.65,36,22.98,1310.06,241495.06,21.27,9,16,0
5592.29,36,10.72,652.83,86644.57,32.24,10,18,1
23484.14,60,10.15,887.68,136521.48,17.94,19,30,1
11688.15,36,21.41,340.42,209333.14,18.38,5,11,1
22612.94,60,10.56,783.65,92370.42,15.1,15,7,0
26405.4,60,18.15,357.6,56288.87,27.65,12,30,1
33359.93,36,21.43,361.03,189984.38,23.61,13,6,1
9050.43,60,20.85,441.46,180623.17,15.71,8,36,1
1428.84,60,20.64,94.97,151087.46,7.5,10,43,1
6338.54,60,6.77,270.07,237220.46,0.1,8,17,1
36100.73,60,6.6,653.81,239678.13,3.65,16,48,1
35081.71,60,11.14,222.66,218156.37,4.31,3,6,1
24299.11,36,5.72,226.08,87394.62,22.78,11,15,1
24420.16,60,15.01,1452.86,71834.16,30.37,3,41,1
26936.43,36,12.9,657.83,212220.36,18.28,12,40,1
7839.48,60,16.14,623.49,169813.01,16.57,10,22,1
36662.07,36,10.98,423.57,111108.99,5.28,7,19,1
17332.05,36,14.72,783.3,114243.99,36.04,23,27,1
15942.4,36,11.69,906.22,216266.4,29.41,15,18,1
21237.79,60,8.9,644.73,57546.87,16.68,17,34,1
2831.67,36,17.99,608.9,237113.88,3.88,20,13,1
7485.05,60,18.47,1059.63,165639.52,33.84,7,38,1
29783.31,60,21.58,1426.17,202012.28,6.79,14,29,0
4229.15,36,22.5,1320.4,105299.31,26.94,11,27,1
24522.93,36,19.09,204.37,154986.16,13.58,4,15,1
10568.62,60,18.75,988.89,192497.81,34.38,21,10,1
16182.53,60,6.13,40.36,120079.89,23.48,22,15,1
12259.06,60,7.2,960.64,132225.36,9.1,2,49,1
14871.24,36,21.25,712.6,153878.36,0.51,4,16,1
29042.79,60,9.66,751.94,34583.61,8.49,20,36,1
12587.75,60,12.11,894.4,218532.9,14.61,3,44,1
23089.78,60,7.91,1121.7,219335.93,28.34,22,16,1
19565.97,60,8.9,1102.3,84726.06,8.64,16,21,1
26883.18,60,20.51,95.38,222359.18,10.46,14,31,1
37536.36,60,10.24,1112.65,191394.81,17.4,14,34,1
29570.31,60,13.98,1249.83,131134.02,1.72,24,13,1
9382.67,60,8.03,130.21,99985.73,30.74,16,6,1
2216.14,60,18.56,504.73,111857.15,3.15,13,29,0
11228.3,60,19.57,1194.33,142916.35,29.48,3,48,1
24208.04,60,12.23,754.87,114879.76,10.72,2,26,1
3005.61,60,20.69,1051.49,116654.81,18.4,3,21,0
20358.28,36,9.8,768.4,66718.38,16.42,22,32,1
24276.87,60,18.84,1467.99,182796.76,10.13,13,40,1
14035.51,60,19.6,1406.2,160206.06,10.23,15,42,1
31065.58,60,24.37,443.28,248137.34,37.96,16,35,1
5157.33,60,9.65,597.25,,12.22,7,16,1
3930.37,60,6.87,664.08,46159.82,7.32,11,16,1
29399.36,36,10.26,183.18,138664.43,10.02,9,24,1
20324.16,60,7.46,623.99,54957.88,27.81,15,17,0
27847.69,36,8.39,1169.03,160442.86,12.36,6,16,1
17958.27,60,11.68,1274.94,65106.47,6.86,21,41,1
10609.68,36,13.28,1332.62,131089.65,16.58,19,40,1
32944.99,36,23.07,51.4,160601.63,4.7,14,37,1
32177.22,60,8.91,1189.54,125349.38,15.95,12,31,1
28093.16,36,24.44,768.86,93596.62,34.49,15,14,1
11613.66,36,21.2,333.05,199932.7,14.92,4,17,1
24019.0,60,22.63,763.16,216571.35,20.57,2,44,1
15077.98,36,23.59,1271.06,83951.46,31.57,10,42,1
4571.7,36,20.06,668.35,207080.56,20.64,19,8,1
36775.23,36,20.78,1485.98,110075.82,1.9,9,15,1
6335.93,60,13.76,936.52,132153.44,8.59,21,8,1
38059.26,60,15.21,749.95,73302.43,35.77,10,35,1
18394.23,60,23.65,463.49,163916.47,32.09,20,35,1
8220.18,60,12.57,46.25,43213.14,30.43,22,13,1
22134.14,36,5.84,927.51,156076.63,21.9,9,9,1
35044.89,60,20.26,878.92,247635.16,14.13,5,47,0
29556.77,36,16.46,789.72,193297.25,27.78,19,28,1
32455.88,60,21.3,820.43,225859.04,26.53,7,7,1
26692.55,60,6.51,1269.98,126764.97,25.71,23,47,1
27998.79,36,17.42,495.8,52684.23,20.15,24,40,1
34118.63,36,9.95,838.87,86346.24,10.38,6,40,1
10737.05,60,23.07,1029.52,31276.83,17.42,18,15,1
20087.57,60,7.2,338.43,135416.52,20.48,2,9,0
9627.17,60,21.86,1389.48,169423.38,8.64,17,6,0
39519.05,60,6.77,1113.57,117631.16,9.2,18,42,0
37818.31,60,5.5,108.34,149537.13,31.67,21,17,0
2537.65,36,9.7,1301.71,93761.52,12.79,24,16,1
28517.43,60,11.66,1396.91,39747.36,38.95,15,20,1
37084.68,36,17.53,1196.69,119359.77,17.46,9,42,0
8042.44,60,7.63,656.55,145993.49,24.35,2,20,1
23149.86,60,13.75,1491.73,246006.0,20.16,22,15,1
36704.04,36,9.09,212.92,99872.88,19.72,6,13,1
2323.89,60,22.11,818.81,175887.02,35.6,8,28,1
28199.39,36,5.9,280.47,209203.62,3.72,2,39,1
12596.61,36,12.12,675.84,97139.87,13.83,9,42,1
37051.45,60,17.63,1393.31,233884.19,11.44,5,28,1
38871.27,36,23.26,1197.56,97931.2,13.04,15,42,0
37826.39,60,22.36,1179.66,243054.99,36.5,12,34,1
19494.35,60,22.9,550.17,20496.09,2.8,14,46,1
34619.66,60,6.26,1403.38,165859.86,11.34,19,39,0
33937.43,60,21.82,571.34,201683.04,29.51,5,25,0
13444.92,60,20.6,88.76,84413.9,9.55,20,21,1
33327.7,60,23.05,967.57,46921.56,33.32,19,28,1
2443.3,60,11.23,563.09,25604.74,13.2,14,31,0
24254.53,36,23.24,255.98,37113.6,4.53,5,34,1
9970.34,60,13.05,1403.95,144897.83,20.77,15,17,1
5702.11,36,17.68,966.74,213008.5,20.45,5,7,1
4001.17,60,13.48,1412.58,34520.1,1.57,16,32,1
28155.26,60,13.55,886.98,46031.49,28.72,13,26,1
14255.12,36,15.93,123.88,21173.69,5.67,22,22,1
29265.9,36,12.12,74.01,84923.8,8.54,21,38,1
3548.9,36,20.85,1353.83,231886.67,22.5,8,14,1
13296.32,36,17.67,86.93,83546.24,35.63,2,42,1
22040.16,60,18.8,934.31,121387.32,0.83,18,25,1
31838.2,60,9.62,468.02,61160.2,32.91,15,37,1
13431.35,36,24.39,1040.86,46745.44,30.17,4,28,1
25409.76,60,18.2,448.54,61950.72,,7,17,1
35553.13,36,8.94,84.72,68399.55,14.92,7,43,1
25018.66,36,20.01,1104.33,49966.43,36.24,22,47,1
10085.42,36,8.47,487.03,202057.19,5.86,7,27,1
1951.63,36,6.27,839.67,129766.5,4.45,23,35,1
34933.86,36,15.55,1167.58,144146.97,29.41,15,44,1
1829.51,60,16.07,1063.15,106169.63,18.84,14,14,0
35113.37,36,8.78,542.4,68470.85,11.36,2,5,1
21628.55,36,11.97,1129.31,41597.38,6.87,9,6,1
37623.64,60,23.92,1390.75,37462.91,28.89,7,6,1
32152.55,36,10.7,926.66,62582.67,17.58,23,29,1
39919.43,36,8.11,1064.15,215540.52,9.58,14,34,0
14677.76,60,24.85,1302.88,69805.39,37.74,7,20,1
30920.34,60,11.05,1270.15,101608.51,22.44,24,24,1
16675.31,60,18.61,546.85,151732.88,14.13,8,21,0
19715.15,60,9.63,1487.8,137625.01,28.79,22,10,1
25472.71,60,16.0,71.99,173138.74,19.86,24,32,0
35073.41,36,12.73,1480.46,64692.41,0.38,12,10,1
39379.26,36,24.23,391.62,140531.25,33.63,19,5,1
30962.66,36,13.66,677.44,196582.31,2.65,4,49,1
17292.9,60,16.68,1329.02,109126.6,39.57,19,28,1
17432.92,60,23.9,389.16,243535.71,13.99,18,46,1
29765.71,60,24.78,360.43,152928.37,20.99,6,18,1
10312.31,60,7.03,975.37,175210.11,39.98,14,31,1
5308.49,60,21.69,1067.01,125590.18,10.77,22,17,1
14830.26,60,12.64,40.98,217305.69,18.51,2,43,1
12202.32,36,16.9,692.15,123841.99,30.2,2,18,1
12556.02,60,12.5,748.99,236724.47,18.68,7,28,1
10110.7,36,13.02,429.6,90722.82,13.35,14,13,1
2641.63,36,8.18,832.78,219138.46,4.83,4,26,1
1697.08,36,16.46,257.23,167051.23,20.52,18,9,0
39521.17,60,15.93,505.7,203782.57,22.07,15,39,1
17683.15,60,8.79,1078.46,28671.3,9.31,20,32,1
15988.74,60,15.83,1314.47,83774.32,13.36,10,41,1
27506.24,60,24.46,896.39,214828.14,11.94,15,34,0
9511.9,60,19.29,140.02,93216.75,17.09,9,13,0
38048.49,36,14.62,1027.76,183910.73,31.93,2,30,0
31667.46,36,23.32,1349.47,248203.43,13.3,18,25,1
4487.03,60,16.51,771.34,60748.81,10.9,8,8,1
17285.65,36,7.7,755.73,116035.57,33.59,21,21,1
35285.61,36,15.95,1487.38,57979.14,32.44,18,38,0
37844.55,60,8.62,965.36,55485.88,31.73,14,33,1
19228.66,36,20.35,1214.86,,29.71,20,23,1
24923.04,36,24.34,980.35,64016.49,35.55,14,49,1
7514.32,60,12.22,354.75,131010.41,28.53,16,38,1
39655.58,36,13.7,447.59,244926.54,6.78,17,13,1
10035.2,60,13.43,1008.59,96619.78,1.32,14,15,1
37766.54,60,10.71,700.42,220934.86,7.27,24,18,1
26336.22,60,20.88,624.39,111163.96,14.59,24,32,1
24701.74,36,17.35,63.0,80458.93,2.12,5,46,1
20994.85,36,6.28,1330.02,97337.89,30.28,17,41,1
9996.12,36,21.78,1330.21,49367.89,25.65,15,23,1
7884.59,60,8.74,707.63,176166.59,28.72,19,44,1
9598.96,36,24.58,1060.09,137074.59,3.83,21,48,1
8271.09,36,12.53,291.39,161181.01,13.15,9,14,1
31403.79,60,17.33,770.6,89711.34,18.38,23,40,0
14654.89,60,6.56,675.13,170296.94,24.1,6,20,1
3255.86,60,11.89,995.22,57857.74,32.11,3,19,1
38795.0,36,21.05,720.38,170068.72,39.08,10,22,1
35467.65,60,14.54,762.7,38661.78,3.29,12,10,1
37182.34,36,23.09,464.7,112062.83,25.67,19,46,1
39801.41,60,16.5,101.18,160243.2,5.39,9,49,1
7781.91,60,23.57,1378.03,216723.04,11.99,16,47,1
16453.44,60,24.65,47.98,206855.46,30.88,22,28,1
30571.3,60,14.08,443.55,141198.52,39.76,4,27,1
28144.8,36,16.3,687.99,223175.26,21.06,23,33,1
7001.94,36,21.7,499.07,,14.12,13,27,1
32817.49,36,9.43,841.32,138948.34,8.56,4,35,1
9753.18,60,22.23,708.57,185727.34,31.3,6,31,1
9728.89,36,16.84,405.55,221889.93,36.15,20,39,1
21942.0,60,19.51,159.39,158624.79,33.94,8,31,1
24124.66,60,6.6,232.18,237164.1,20.39,12,38,1
23623.36,36,20.32,744.89,73494.8,23.57,21,29,1
4567.99,60,11.22,1273.54,232591.17,33.46,9,9,0
35220.97,60,21.1,177.94,70980.18,37.15,12,25,1
11358.4,36,15.18,1025.49,141075.56,37.56,18,15,0
6051.08,36,10.49,1194.37,203087.31,27.59,20,23,1
35661.18,60,24.06,436.86,204364.36,7.67,18,45,1
38270.41,36,20.3,1012.31,83976.63,12.52,7,20,1
34622.98,60,24.71,1039.39,246755.9,10.65,8,10,1
32571.13,36,12.29,1070.46,38538.79,6.94,2,45,1
26554.44,60,17.98,1339.49,28000.03,10.03,3,42,1
22483.44,60,17.23,615.83,213551.78,34.79,17,30,1
4392.48,60,18.75,388.22,208374.35,30.81,11,42,1
16929.68,36,5.77,829.45,183948.01,1.75,21,32,1
15534.85,36,10.83,121.95,215678.03,5.91,4,26,1
11130.4,60,23.19,520.86,51638.63,39.39,18,11,1
29213.38,36,13.48,1328.34,42008.14,9.04,8,5,1
20339.15,36,24.21,812.12,242962.61,25.38,22,45,1
4160.8,36,9.27,671.91,163574.74,8.22,17,17,1
9587.14,60,24.95,420.56,231564.75,9.35,20,21,1
27647.09,36,18.95,398.05,228481.94,19.94,18,45,1
3969.1,36,20.53,377.82,170222.16,19.51,13,25,1
34197.07,36,12.94,1248.97,164549.14,25.85,9,5,1
20310.71,60,23.14,1477.98,102787.53,6.73,16,21,1
19742.88,60,15.91,816.15,54295.31,10.51,12,24,1
24103.9,60,18.62,147.36,177919.14,24.97,4,34,1
33162.56,36,6.9,1134.03,208107.93,3.9,7,21,1
14564.56,60,17.63,1319.27,145263.46,36.37,19,31,1
27442.63,36,22.58,1398.91,31699.9,7.15,24,31,1
23063.55,36,8.57,954.3,53331.07,17.54,8,48,1
11414.1,60,19.75,775.11,43450.88,4.35,24,45,1
35266.57,36,5.51,942.18,171301.28,27.39,8,8,0
32099.61,60,23.52,49.04,149901.49,13.08,4,45,1
26679.62,36,24.66,993.47,127295.07,2.95,18,37,0
34172.69,36,12.08,1073.18,144983.97,23.71,23,5,1
34824.47,36,7.14,1091.38,83469.61,39.23,15,15,1
28626.16,36,18.17,857.72,205087.25,34.84,9,12,1
33643.52,36,5.6,1059.07,95565.41,28.12,21,39,1
28201.39,60,14.65,969.08,168189.27,0.51,11,34,1
27525.49,60,10.44,199.83,109901.08,34.39,22,41,1
25125.84,60,14.47,1350.6,36598.3,35.87,4,44,1
30355.95,60,5.37,945.41,79098.83,1.52,3,28,1
7185.6,36,6.03,1099.86,241972.62,4.9,23,7,0
35353.96,36,5.32,534.04,63823.54,18.06,7,35,1
35001.9,60,17.38,1381.28,44133.6,16.08,20,45,1
2140.64,60,16.2,768.85,86965.0,11.78,4,42,1
33206.85,36,9.66,1028.14,221922.96,7.92,7,8,0
6025.92,60,17.93,1429.71,90386.08,21.96,15,8,1
14069.64,36,22.68,1376.64,115997.43,30.85,20,12,1
29996.82,36,10.55,977.85,91317.69,37.48,23,40,0
7269.64,60,21.64,273.64,247463.92,,20,6,1
32900.71,36,18.25,1427.34,249971.27,28.13,22,7,1
33453.23,36,5.68,1476.68,131037.73,,21,35,1
20791.24,60,12.5,181.99,200509.91,19.12,22,14,1
1249.05,60,15.16,691.94,70613.76,36.84,17,30,1
12194.49,36,19.63,835.94,106087.88,0.92,24,6,1
25060.15,60,10.74,165.36,176248.12,36.02,2,18,1
39266.26,36,24.65,308.83,85855.53,35.7,12,6,1
25640.73,60,18.69,820.43,71680.71,5.48,11,22,0
11132.34,36,12.46,1445.74,232114.71,17.58,22,31,0
25726.22,36,6.94,70.88,76188.56,20.63,18,13,1
22059.43,36,8.63,1371.29,33633.9,16.08,11,36,1
31413.97,36,14.75,1350.95,192750.24,35.82,7,15,1
5172.24,36,14.89,1290.05,,28.52,11,25,1
30680.09,36,20.35,585.0,123542.35,4.94,15,37,0
22109.4,36,19.52,751.51,45658.12,37.06,8,37,0
38556.69,36,9.03,623.28,35758.58,1.85,12,48,1
14333.01,36,16.9,1422.95,125902.5,23.83,12,22,0
25672.25,60,5.41,796.39,97530.32,20.91,12,28,1
37349.1,36,12.97,148.5,136362.8,2.9,7,16,1
4997.88,60,20.28,432.87,242130.15,27.83,9,19,1
37551.91,60,12.99,709.19,113699.31,38.5,24,25,0
27827.54,60,21.71,1431.73,158611.13,18.34,15,10,1
3645.65,36,24.52,866.36,42446.94,20.56,19,42,1
12737.58,36,17.14,1053.23,223761.05,15.36,4,11,1
28618.71,60,7.9,160.12,205348.05,35.01,10,22,0
3626.67,36,12.59,1319.67,140153.61,37.11,5,26,0
23704.65,36,5.19,822.36,62176.68,15.88,19,36,1
14489.44,36,17.05,1384.21,117968.48,35.64,15,41,1
25215.71,36,21.43,684.85,88398.32,8.17,6,11,1
2783.94,36,17.6,1034.13,248738.85,18.32,14,24,1
34989.94,36,20.72,722.13,132892.81,10.08,10,17,1
38966.07,60,21.0,239.56,117113.61,8.96,16,40,1
38786.24,60,22.02,429.91,58883.41,34.28,11,33,0
30236.42,60,10.33,128.87,74995.06,28.57,19,47,1
6073.36,60,22.43,677.19,183665.17,2.68,22,48,0
30572.26,60,18.08,984.53,143029.15,,21,25,0
1958.89,36,10.79,388.26,102347.2,22.92,12,6,1
1862.82,36,24.75,750.87,88313.15,31.48,5,48,1
13620.8,36,24.0,704.69,66170.26,23.73,13,33,1
20057.08,60,16.49,814.13,27796.52,15.1,5,23,1
31045.89,60,21.86,301.34,244744.49,19.8,23,38,1
27648.52,36,10.23,814.96,193215.38,5.66,14,12,1
18390.21,60,13.32,565.38,233410.29,12.42,10,36,1
11671.44,36,8.68,450.48,114886.7,,13,17,1
39887.86,36,15.4,891.39,219958.03,16.25,8,22,1
17621.07,36,14.92,247.61,78937.48,3.65,17,8,1
18604.09,60,9.26,1353.97,137262.01,26.42,9,22,0
7381.33,60,18.46,1404.23,66570.27,36.5,16,18,1
31997.57,36,7.36,1001.1,197177.55,29.63,18,12,1
28053.61,36,6.23,475.64,134448.46,8.3,20,23,0
9610.01,60,12.7,950.23,143342.78,20.28,10,28,1
4212.86,60,13.2,914.24,217674.56,28.48,3,20,1
27539.47,60,11.39,605.14,190020.01,32.23,7,41,1
26525.94,60,10.16,452.25,242241.17,11.32,9,5,1
11657.12,36,11.78,277.63,113227.28,19.08,4,49,1
38083.68,36,8.27,349.55,126134.59,4.17,3,19,1
6891.26,60,13.07,989.95,161527.9,29.05,19,13,1
17861.06,60,23.09,1332.26,124261.86,17.39,15,46,1
37801.02,60,9.49,595.89,116511.54,1.67,7,22,1
17369.37,60,18.69,209.19,98331.5,21.18,13,8,1
25902.51,36,7.84,48.83,211333.37,31.66,9,46,1
16506.18,60,12.08,626.68,142702.55,1.78,15,9,1
11694.39,60,11.42,371.87,159702.72,16.13,23,11,1
39375.13,36,23.74,504.16,66937.37,19.27,10,6,1
16964.03,60,13.56,385.25,77908.59,39.98,7,7,1
35869.87,36,18.81,1006.3,98152.44,8.75,13,5,1
9968.23,36,17.05,968.62,127034.86,32.77,17,22,1
9311.08,36,7.82,1371.09,,5.84,7,11,1
2214.23,60,23.79,1058.63,224330.01,38.56,15,10,1
26415.01,36,11.92,272.46,227853.82,12.27,14,38,1
15372.53,60,5.9,1134.84,172186.38,5.82,9,40,1
34709.97,60,11.01,296.46,92692.15,15.27,5,47,0
19455.19,36,11.71,851.14,108623.21,0.61,9,9,0
38759.54,36,6.85,143.3,188831.73,4.35,19,45,1
8235.5,36,17.4,99.57,85846.93,19.85,22,25,1
34876.3,60,11.94,712.42,160051.15,37.63,20,27,0
31287.28,60,17.58,184.33,228442.35,17.8,12,39,1
31065.95,36,5.13,480.8,114403.0,26.41,20,5,1
33946.55,60,24.64,528.09,155021.22,28.28,7,47,1
30679.94,36,8.41,1161.06,233575.65,1.46,20,39,1
25422.59,60,18.19,519.04,98333.76,12.88,9,23,1
6118.55,60,19.32,756.62,194717.14,39.88,22,34,1
2268.52,60,8.43,1165.7,193678.03,0.28,19,46,0
36913.07,60,7.23,331.2,233553.89,18.81,6,10,1
25049.36,36,8.05,1213.2,217475.54,33.5,24,46,1
32064.95,36,9.94,1252.74,192230.48,11.54,16,35,1
19779.37,36,8.36,1483.6,166398.55,39.87,18,48,1
5575.02,60,18.48,682.75,75473.31,19.44,12,18,1
5882.25,60,13.42,574.85,174249.19,36.56,7,20,1
27737.05,36,15.76,1061.95,83582.0,21.13,4,33,0
17781.93,36,5.95,115.48,121204.51,15.91,4,43,1
8820.46,36,22.22,88.43,183230.69,28.4,10,46,1
20172.19,60,8.41,522.44,175225.68,38.33,16,44,1
3504.15,36,12.2,1102.39,112275.79,15.04,13,23,0
23696.88,36,6.44,201.19,62015.41,34.6,10,25,1
11490.74,36,7.74,964.25,131352.76,26.38,16,37,1
32104.8,36,18.32,426.17,82093.77,15.14,22,34,0
13104.12,36,18.85,987.96,78749.93,2.22,9,18,0
18753.59,36,18.54,701.75,95162.52,12.46,8,35,0
1453.2,36,16.04,199.27,182434.68,33.25,18,30,0
3825.43,36,24.05,393.51,134375.74,3.81,5,22,0
16307.25,36,15.14,352.98,105829.32,22.89,21,8,1
19717.61,60,13.99,271.94,227136.81,20.47,22,40,1
24400.8,36,9.95,718.47,182559.56,26.47,11,17,1
12374.84,36,6.98,1433.36,133770.15,37.56,4,41,1
28104.29,36,15.96,997.39,116896.32,30.07,23,14,0
34544.77,60,11.3,1258.92,208346.27,20.42,7,41,0
31414.19,60,15.48,1472.19,59772.63,33.21,16,34,1
2545.13,36,9.12,824.72,172755.4,28.07,19,45,1
19739.77,60,21.76,379.96,24833.52,35.82,12,8,1
5092.28,60,24.99,1393.88,21600.96,28.97,11,14,0
10439.76,36,11.45,1057.51,234310.25,30.12,8,46,1
39479.84,60,21.85,1439.64,138217.37,3.36,21,48,1
6557.33,60,22.46,987.02,92477.01,0.15,5,44,1
20456.64,36,24.92,1169.46,202780.13,38.22,15,44,1
25108.07,36,11.85,1339.24,246510.44,10.08,13,32,1
28396.13,60,20.12,1146.1,27915.17,6.6,18,6,1
22826.3,36,9.58,857.09,28730.96,6.35,7,31,1
1381.06,36,17.5,723.72,216599.87,29.52,22,33,1
13731.99,36,19.1,1240.36,148044.4,1.86,17,10,1
21190.75,60,19.82,1164.82,223030.6,26.44,20,27,1
4426.79,36,9.14,568.65,179767.91,22.86,5,16,0
14674.45,60,21.97,762.55,128234.7,5.89,6,45,1
2294.92,60,13.42,963.44,57109.56,5.42,24,12,1
4064.56,36,9.33,71.7,109668.06,5.31,23,14,1
16480.01,60,15.85,393.93,201043.37,10.38,24,21,1
6175.91,36,22.27,397.82,73801.04,25.67,23,5,1
23134.09,36,24.34,1328.35,183844.29,8.28,21,7,1
27889.13,36,19.96,517.29,76889.25,26.4,14,48,1
32222.88,36,5.11,831.36,126612.91,38.87,21,32,1
8805.86,36,7.69,1252.43,39649.36,34.48,14,46,1
7531.82,60,6.53,411.75,124649.65,31.92,22,40,1
5078.15,60,7.02,211.92,160921.59,37.97,15,30,0
25820.78,36,12.66,1424.09,149563.15,24.5,2,29,1
28552.55,60,11.77,1065.88,113487.3,30.75,15,38,1
2231.86,60,7.27,290.27,105029.91,30.96,24,7,1
37512.28,60,22.64,1234.98,83341.71,38.98,5,32,0
3026.88,60,17.31,1187.08,196433.94,25.89,2,33,1
22110.56,36,20.93,1261.19,200006.76,10.92,9,17,1
28653.36,36,12.43,436.03,131096.34,7.83,14,46,0
34967.8,36,13.2,689.41,107989.21,12.27,10,43,1
28849.39,60,11.35,1049.7,166607.28,30.47,5,24,0
32267.4,60,13.77,604.28,148278.43,26.26,24,26,1
14238.56,36,17.21,132.86,173468.76,8.77,15,17,1
32778.18,36,14.86,230.58,90383.57,34.39,2,12,1
4124.48,60,21.76,907.76,201320.4,,6,46,0
35897.85,36,23.0,581.5,92850.85,30.29,11,23,1
22356.1,60,14.39,37.91,116306.35,2.48,10,9,1
32874.61,36,9.79,1157.28,50457.23,25.1,9,9,0
18640.41,36,23.9,642.55,216734.94,37.51,14,38,1
26099.53,60,19.7,491.24,,12.52,14,38,0
21529.7,36,17.8,1078.87,74116.02,23.42,17,15,1
29531.99,36,19.91,699.01,215895.15,9.08,3,42,1
4183.57,36,6.52,1051.4,182102.39,35.23,23,11,1
3353.73,36,6.35,49.4,121701.46,34.8,3,20,1
10637.03,36,8.06,43.85,247663.85,14.58,23,22,1
7222.24,36,7.95,853.06,97558.24,13.99,21,10,1
34999.56,60,13.41,1473.85,42896.4,0.0,6,5,0
9549.35,60,8.15,430.37,188695.58,12.7,6,27,1
39058.74,60,22.09,1033.85,194121.28,31.26,13,42,1
14138.94,60,16.56,283.22,33561.97,1.14,24,12,1
8102.6,60,12.37,487.98,208466.4,8.11,6,16,1
31798.24,36,6.39,144.77,198466.55,29.21,11,9,1
26689.6,36,16.82,1324.77,233807.17,25.92,15,47,1
20429.63,60,7.33,486.34,47266.3,39.47,2,31,1
22659.18,36,19.86,368.79,158186.2,15.62,23,49,1
29048.87,36,21.06,1103.99,70467.18,5.33,12,25,0
9909.73,36,15.88,323.18,,26.59,24,47,0
39857.02,36,7.99,383.2,80970.89,3.16,6,41,1
39016.93,36,20.74,182.32,123338.47,4.67,24,17,1
26362.7,60,11.16,1445.42,45961.56,22.72,5,23,1
8782.16,60,9.45,394.03,89808.57,18.88,12,17,1
27528.9,36,14.41,1493.63,36311.31,10.54,8,26,1
3815.74,60,23.45,288.94,133121.36,19.12,24,36,1
2195.45,60,10.95,60.36,88237.14,34.73,14,7,1
11049.63,60,23.11,1346.67,155770.97,29.0,24,13,1
19042.3,60,6.07,882.63,124982.62,18.19,15,42,1
34862.63,36,6.67,546.57,76086.21,12.45,2,27,1
29359.59,60,18.97,784.61,43676.25,23.29,21,30,1
29965.55,36,8.81,413.27,193262.84,0.11,18,11,1
17594.24,60,11.33,963.1,165620.49,29.32,16,14,1
14491.46,60,7.73,936.21,27573.9,32.1,8,9,1
15470.51,36,11.64,147.88,247554.08,4.87,7,20,1
39518.33,36,10.61,1368.71,167772.76,16.1,18,13,1
2564.26,60,19.73,706.97,67651.58,5.8,18,29,1
34814.23,60,19.04,316.88,213314.28,37.95,23,43,0
23568.34,36,24.1,481.85,222883.17,33.04,4,42,0
18106.0,60,19.49,1303.35,151947.64,0.8,2,19,0
29285.05,36,18.9,593.28,223681.61,38.82,4,36,1
19980.09,36,18.88,856.08,26709.51,5.67,5,39,0
35063.51,36,22.66,1423.1,237388.34,3.36,15,28,1
36127.37,60,10.92,988.02,33156.83,1.3,4,40,1
17447.12,36,11.0,1023.3,167749.71,31.63,23,44,1
11796.28,36,19.82,395.4,99555.77,37.01,23,45,1
24101.66,60,9.57,1012.39,29041.84,3.82,6,30,1
36582.17,36,23.24,608.89,233736.31,39.33,22,41,1
9215.83,60,15.7,1369.23,51132.26,12.63,6,45,1
25295.7,60,11.0,220.42,216361.16,27.15,18,27,0
25630.85,36,20.52,449.89,95979.35,39.45,6,23,1
29591.41,60,11.25,127.02,190467.72,0.34,24,15,1
6131.14,60,24.27,589.93,78470.78,21.87,4,22,1
28917.17,60,24.66,248.11,154189.81,26.24,4,32,1
36452.27,36,18.34,1272.36,203897.38,14.85,10,19,1
8007.64,36,7.27,1389.81,150221.36,4.4,10,46,1
10264.19,36,10.26,1014.06,90507.09,24.84,12,44,0
38884.41,60,15.31,181.9,73690.22,1.88,10,36,1
8058.1,36,22.03,532.2,60205.29,36.94,24,19,1
34321.02,36,8.7,1447.8,212926.88,18.48,20,47,0
20198.84,60,7.09,230.36,160516.8,36.41,23,41,1
10642.01,36,6.49,848.04,136995.92,33.46,24,7,1
34959.25,60,15.14,548.81,77403.56,0.15,8,44,1
18366.9,36,22.69,1498.77,119763.25,18.37,15,16,1
21077.88,60,5.85,449.52,162614.45,35.51,18,20,0
15010.1,60,9.25,100.23,36532.78,14.89,8,9,0
24125.08,60,18.87,1062.21,102964.44,12.93,13,9,0
7377.43,60,21.52,510.31,75085.84,27.42,10,48,1
16252.18,36,21.15,996.64,168698.43,28.2,18,29,1
38807.08,60,20.7,183.84,159441.87,25.73,14,15,0
11067.2,60,7.6,798.9,88865.56,14.54,4,44,0
26612.73,60,12.94,581.59,29575.07,2.55,17,14,1
13682.41,60,24.69,819.05,62046.93,36.92,23,41,1
31165.45,60,24.78,1284.6,56814.28,12.69,2,12,1
6104.07,60,17.05,1459.94,150730.7,31.83,6,24,1
38823.02,36,19.19,1137.1,58937.03,14.07,24,41,1
18697.79,60,24.03,1157.28,130936.9,19.79,8,39,1
10205.97,36,14.0,807.54,161341.63,14.95,4,33,1
3866.37,60,7.74,173.18,222300.08,3.25,16,37,0
7620.56,60,18.38,1010.58,76356.34,13.18,6,31,1
21271.18,36,24.2,247.24,62759.98,38.23,17,11,1
14143.12,60,18.94,391.12,59848.38,4.41,17,27,1
33326.45,60,21.07,1070.15,102898.74,22.23,6,31,0
17804.61,36,13.45,995.78,169311.68,38.74,9,9,0
10699.86,36,6.93,492.06,174528.36,0.82,17,46,1
25068.65,36,8.38,1164.91,68521.24,2.77,18,15,1
28564.31,36,24.65,1410.79,50183.69,36.36,5,13,1
7514.63,60,14.86,831.53,123195.92,29.42,10,49,1
7537.15,36,5.24,1026.2,52473.99,21.81,14,5,0
2430.19,36,24.11,429.52,206971.77,21.47,24,48,0
29719.68,36,14.96,1457.09,39292.73,39.0,5,33,1
26888.38,60,21.73,432.35,192981.46,0.84,20,9,1
19510.6,36,15.97,1334.49,29809.02,10.82,16,20,0
33922.65,60,7.03,1393.97,205606.35,12.67,19,18,1
32421.14,60,17.31,1087.85,,4.78,12,44,1
23828.82,60,24.95,1223.03,94145.81,14.29,3,21,1
34862.58,60,5.69,703.05,113269.25,14.82,21,13,0
9027.81,36,21.84,1381.73,174931.97,38.35,14,36,1
5364.87,36,9.71,1121.69,62694.47,17.68,12,37,1
11520.23,60,12.88,510.31,224773.75,37.39,16,46,0
3226.39,36,12.45,81.37,131064.04,32.4,13,11,1
21715.61,36,22.98,824.95,194832.08,29.47,15,43,1
37527.62,36,15.09,1265.76,136540.09,13.22,11,25,1
2534.4,36,13.94,1295.18,124024.22,17.08,4,19,0
5762.29,60,21.36,1257.62,128011.58,1.78,8,38,1
18635.76,36,5.98,345.68,103518.68,15.09,19,8,1
37421.13,36,6.73,656.44,188533.47,34.82,16,16,0
13330.09,60,5.43,932.32,214615.06,31.26,4,38,1
20782.16,36,18.76,1011.31,216511.23,32.33,20,28,0
2621.34,36,15.51,521.84,47863.51,8.86,23,25,1
6785.38,36,22.52,1048.18,195114.62,8.4,7,42,1
39478.57,60,14.97,898.62,65989.56,26.53,12,47,0
38639.63,36,9.44,863.16,22801.02,26.05,7,45,1
1192.66,36,21.1,1004.65,83355.58,7.81,11,32,0
38120.66,60,10.89,916.95,87359.78,28.79,16,7,1
25925.68,36,23.71,275.31,206251.48,15.05,5,5,1
34848.81,60,10.01,1315.39,190751.15,35.47,21,44,1
18734.85,60,8.35,383.64,39477.45,14.58,5,15,1
21108.25,60,14.87,1124.4,94971.1,9.2,10,24,1
20065.02,36,6.01,289.39,77798.96,7.83,16,10,0
27007.71,36,5.73,1001.62,156954.69,35.93,6,47,1
6446.4,36,14.92,1346.66,144547.75,34.4,10,43,1
2168.97,36,9.3,44.27,176149.95,17.03,22,45,0
13009.27,36,5.19,1470.13,229467.86,9.63,23,40,1
28482.55,60,10.92,73.62,116846.92,11.38,11,28,1
8872.28,60,14.55,46.71,170862.52,15.4,21,34,0
27263.86,60,12.89,1290.61,231221.07,1.77,3,47,0
38826.57,60,7.71,1071.79,144586.53,2.69,7,46,0
4662.13,36,16.59,185.54,90904.63,37.1,11,5,1
27231.48,60,19.21,1408.0,112667.04,30.64,16,30,1
18306.26,60,18.51,1017.74,193561.14,32.56,18,14,1
34857.55,36,12.88,193.23,185602.57,19.15,17,24,0
7908.84,60,7.75,1295.01,192135.54,14.6,18,21,1
28012.41,36,14.99,736.93,190958.28,3.68,22,20,1
33686.5,36,22.81,438.86,231705.55,22.32,19,36,1
37839.95,36,14.37,1242.81,195721.18,29.73,3,13,1
27646.67,60,8.91,1115.52,216750.53,7.84,15,35,1
20389.82,60,6.86,945.87,151953.68,15.57,23,31,1
25096.04,60,23.88,1350.81,168159.42,37.09,5,26,1
34887.29,60,19.86,1296.08,242575.48,33.75,17,25,1
23253.78,60,11.26,363.38,220169.2,31.93,7,41,1
2185.1,60,10.91,1321.67,198792.86,1.58,18,46,1
37307.0,36,22.9,579.84,177668.37,6.62,7,46,1
27891.54,36,8.55,664.71,,12.24,16,29,1
27384.02,60,15.7,1459.33,146068.88,12.15,2,7,1
9411.33,60,19.27,1147.02,32679.48,5.16,3,7,1
26696.53,36,12.93,502.58,115718.35,11.58,10,8,1
16360.71,36,5.8,982.45,45736.18,17.13,5,49,1
26398.09,36,9.56,822.81,187587.09,1.97,16,46,1
5157.13,60,23.04,201.41,225233.06,16.13,21,41,1
26655.97,60,15.46,1335.0,60039.09,19.86,2,38,1
39977.14,60,21.31,1238.17,76507.18,1.64,21,14,1
2880.27,36,16.11,1173.23,217105.62,26.97,16,35,1
39109.79,60,23.87,851.96,154741.4,3.19,9,29,0
16869.41,60,23.18,354.63,155311.04,25.92,21,6,1
34959.38,60,14.66,1329.33,149461.56,39.76,21,13,1
31513.03,60,11.37,548.86,70199.97,2.42,16,34,1
23113.63,60,17.03,59.57,75959.69,10.89,22,29,1
29799.52,60,18.5,1473.21,238417.92,5.17,21,35,1
35262.11,36,14.97,1295.9,186398.13,14.77,16,33,1
16761.47,60,21.45,945.34,40799.93,33.41,7,18,1
13754.29,36,8.67,48.24,71275.8,37.18,17,32,1
27036.14,36,11.69,364.74,164236.57,33.59,20,12,1
32505.99,36,18.73,694.51,85197.04,27.64,2,43,1
30729.12,60,9.93,953.28,77898.74,28.69,17,47,1
32114.73,60,13.8,1070.99,66540.04,4.82,5,41,0
17987.75,60,24.27,1188.76,62717.18,9.95,10,31,1
32895.53,60,17.52,846.82,161066.03,14.56,22,13,1
5688.15,36,23.98,994.59,228345.23,2.01,18,17,1
22235.07,60,19.45,1222.53,103060.33,32.87,7,45,1
1224.59,36,19.49,1088.17,47946.98,10.23,13,24,1
13658.85,60,16.84,1433.57,48588.85,2.09,9,20,1
15292.0,60,7.84,1315.73,234748.63,2.92,11,14,0
16450.73,36,15.39,278.96,141609.16,38.78,10,29,1
28123.22,36,10.05,1422.71,127245.67,36.48,9,7,1
16153.77,36,24.97,330.14,224870.49,38.35,18,19,0
18499.05,60,10.34,1487.16,136635.98,38.27,19,5,1
10264.22,36,9.61,1060.95,130537.75,31.98,22,19,1
15556.82,36,17.48,952.47,233130.08,11.04,9,20,1
9863.52,36,15.22,506.75,129125.6,12.99,18,15,1
3854.64,60,5.43,225.67,109921.05,16.08,11,5,1
24534.5,36,7.59,215.47,153782.29,31.4,24,23,1
27060.3,36,21.22,1303.87,244763.25,37.07,17,14,1
25160.12,60,14.67,665.69,241680.68,,8,12,0
19076.27,36,7.92,852.98,198388.32,12.06,15,24,1
15811.65,36,14.3,1399.8,134834.6,,2,13,1
34670.01,36,10.06,405.37,222736.19,10.26,8,11,1
21244.19,60,9.47,1152.99,116458.09,0.28,23,16,0
19688.09,36,24.15,721.58,167232.9,9.37,5,27,1
2000.04,36,12.24,342.75,61268.17,11.8,21,43,1
14308.67,36,5.93,1283.87,172096.16,31.02,3,45,1
15827.63,36,24.41,1029.53,83504.36,21.94,5,40,1
16554.09,36,20.9,169.53,197503.19,13.24,5,30,1
23626.72,36,10.09,826.38,115229.24,23.88,10,44,1
21810.5,36,13.18,1282.09,111634.25,31.53,8,14,1
24708.3,60,22.25,128.39,191712.86,24.4,6,29,1
30830.45,60,12.15,641.92,117823.29,2.81,24,34,0
32706.44,60,16.35,1213.67,184224.91,9.64,13,47,0
29006.8,36,15.7,1291.79,216665.08,11.43,21,41,0
38265.42,60,13.03,1169.78,51482.09,14.52,23,46,0
1711.07,36,17.79,479.39,130175.29,0.99,15,37,1
8635.34,36,14.47,775.19,237329.65,29.77,18,48,1
1294.95,36,5.42,1119.68,206801.73,18.81,5,40,1
26251.51,60,21.29,254.3,243930.82,35.86,23,47,1
36023.19,60,7.26,904.65,217870.95,20.71,5,7,1
10495.81,36,14.28,1088.95,91350.56,39.53,7,36,1
37154.35,36,16.6,1279.49,61205.1,28.03,6,39,1
3350.43,60,19.11,194.16,68424.62,35.47,21,22,1
37443.01,60,13.22,514.62,69885.33,38.93,5,34,1
14713.28,60,19.71,826.23,,18.87,21,23,1
4955.41,60,7.63,1060.55,228562.87,25.32,17,16,0
19949.0,60,18.07,1103.15,135586.18,36.56,10,38,1
11014.29,60,21.53,402.29,43292.38,23.01,12,8,0
12110.04,60,22.79,50.4,195407.57,2.11,13,28,1
12984.31,36,16.59,1049.91,94897.37,27.88,11,11,1
32318.01,36,11.26,1366.42,36338.63,37.43,18,21,0
22027.29,60,8.27,1202.35,63644.01,31.25,21,43,0
13141.0,60,11.91,945.03,171236.46,31.65,5,28,1
24803.02,36,15.8,1467.03,202621.45,3.17,18,20,1
28929.88,60,8.93,666.68,78345.64,29.5,2,29,1
11632.34,36,24.05,801.82,152723.4,1.29,10,23,0
17128.41,36,22.94,48.06,20200.69,37.23,22,30,1
5753.56,60,5.66,1420.55,84029.12,36.57,18,37,1
8064.82,36,16.24,887.52,61775.78,39.21,13,18,1
27563.6,60,20.79,604.48,37605.63,12.13,4,48,1
8076.1,60,9.91,95.51,131295.92,21.61,20,27,1
21481.37,36,15.48,562.76,165133.57,23.15,2,35,1
28652.8,36,13.12,35.29,30666.56,22.27,16,23,1
5168.2,36,8.93,506.77,,16.49,13,34,1
23125.18,60,17.29,1428.64,234426.97,39.48,13,30,1
11005.95,60,24.87,256.77,71315.95,35.47,13,12,0
38554.15,60,12.31,831.75,194797.18,24.41,14,26,1
19858.28,60,16.05,304.33,191979.05,25.91,4,31,1
32433.71,60,11.56,1181.57,93963.98,28.57,16,34,1
22458.84,60,22.54,856.72,66946.89,24.15,7,38,1
2693.09,60,22.29,327.29,76108.63,28.3,4,6,1
25692.9,36,8.58,1303.37,150156.76,32.66,9,17,1
38104.73,60,23.0,1182.51,107666.57,39.12,19,14,0
24462.86,36,8.03,1428.41,133980.03,33.96,10,29,1
32948.37,36,6.91,30.92,206670.87,5.17,6,37,1
35484.05,60,18.06,701.96,135528.17,21.86,24,45,1
9895.11,36,12.72,1499.77,248902.65,25.28,19,31,1
9269.75,36,15.61,1222.45,173141.77,10.63,19,33,1
24828.26,36,18.05,1251.99,67666.96,19.02,20,31,1
17030.11,60,6.06,943.06,134889.32,37.31,17,43,1
33754.59,36,10.86,1077.96,207086.08,10.36,9,20,1
36100.9,60,14.22,1213.83,70209.35,12.69,24,47,1
14783.43,60,10.33,165.65,187767.09,36.33,8,33,1
10237.95,60,5.98,1048.09,27693.28,3.77,12,39,1
31440.5,36,6.73,1228.65,,35.21,9,20,1
11717.44,36,21.03,90.07,172573.2,12.15,6,19,1
33081.96,60,23.23,466.67,57391.17,19.94,16,31,1
17525.79,60,8.04,506.3,221087.78,25.71,14,37,1
27034.45,60,9.99,1286.24,38818.76,25.86,11,29,1
4725.88,36,18.04,1177.12,113363.66,39.2,20,37,1
25330.51,36,24.09,994.94,189498.35,1.39,2,16,0
18618.94,36,10.99,1212.94,235603.52,28.15,9,18,1
23877.73,36,22.1,696.54,100226.36,33.82,18,14,1
7552.55,36,15.12,1316.07,211017.58,23.53,6,46,1
29738.08,36,24.13,374.3,65253.02,39.03,13,41,1
34649.09,36,7.73,1065.73,28075.38,16.71,10,16,1
9452.85,60,24.47,385.37,26615.03,29.99,9,25,1
4732.87,36,13.82,88.6,171379.21,27.45,6,40,1
1921.9,60,24.06,447.7,55467.68,1.25,19,11,1
26036.89,36,14.17,754.57,31574.59,22.11,20,16,0
24676.67,60,15.6,1269.85,244651.93,10.44,15,24,1
22321.2,36,21.1,778.02,75662.82,21.15,7,38,1
10045.94,36,19.45,293.35,126387.53,35.36,10,35,1
16245.33,36,17.39,1489.37,161008.66,25.21,8,10,1
24184.58,60,13.34,427.01,53224.89,23.76,8,49,0
20373.91,36,20.85,1478.38,102148.84,26.9,15,46,1
39523.64,36,23.96,1406.41,168972.57,21.13,19,8,1
6321.15,60,5.2,827.39,167145.2,17.91,3,20,0
28110.64,36,16.76,165.19,213673.18,14.98,24,44,1
16768.43,36,22.32,1052.26,120607.16,28.0,4,34,1
17699.78,60,18.06,1273.2,224660.35,31.03,10,36,0
28986.31,36,21.02,684.59,176904.33,16.93,20,32,1
28005.01,60,22.9,381.39,149284.19,1.75,5,7,1
39658.98,60,20.02,1210.15,46941.47,21.73,3,7,1
6007.38,60,19.34,831.26,152181.9,22.95,13,31,1
5060.28,36,24.29,320.52,156774.56,19.16,3,45,1
29249.21,36,22.27,1425.82,194525.01,14.4,9,33,1
23557.09,60,21.31,1423.7,185401.99,35.84,16,49,1
11692.27,60,6.73,569.56,141895.44,19.24,2,17,1
4097.36,36,9.78,124.08,156350.71,31.96,5,49,1
4340.67,36,16.14,957.26,197638.82,25.51,17,15,1
35873.44,36,19.19,496.32,100831.26,31.48,24,12,1
8482.83,60,11.06,127.54,51043.36,35.11,7,48,0
13611.49,36,6.87,1340.96,221088.86,9.73,13,41,1
9839.6,60,11.22,1497.23,241954.32,33.15,10,33,1
14844.86,60,20.42,545.1,118740.11,28.84,16,14,1
3707.53,36,22.55,1124.78,247771.25,22.44,3,43,1
21243.33,36,23.26,126.68,94219.83,21.8,11,11,1
3636.89,60,12.58,573.47,35312.04,12.46,11,12,0
32213.9,60,12.45,189.87,151665.7,21.63,23,42,1
10114.77,36,13.13,111.36,219686.16,15.37,18,30,1
22060.46,60,12.52,895.52,162020.82,35.55,15,6,1
35323.08,36,18.32,1208.99,22168.24,23.28,20,40,1
26384.22,36,12.17,695.87,22721.52,11.96,16,39,1
21785.35,60,5.41,800.54,186600.75,5.77,16,15,1
13649.02,60,13.78,427.97,214428.89,27.76,16,28,1
13987.07,36,9.48,1112.49,78198.44,26.59,9,33,1
27109.99,60,5.58,560.78,128130.14,14.4,15,27,1
39771.44,60,14.42,129.22,241050.91,6.49,2,9,1
26811.73,36,9.12,273.3,125932.04,28.65,2,28,1
22753.55,60,14.05,218.85,51237.24,10.82,18,18,0
29495.37,36,10.55,670.74,229680.19,34.48,6,21,1
19143.02,60,17.07,125.86,133888.56,29.05,14,43,0
3345.55,36,24.82,1215.53,99190.6,35.7,24,48,1
22929.58,60,15.94,1364.77,42409.53,39.38,15,5,1
38347.39,60,17.94,395.14,125401.71,13.64,21,16,0
7836.81,60,23.39,743.7,197024.74,20.16,17,42,1
27910.19,60,12.48,793.02,184952.4,16.15,16,48,1
8836.41,60,8.33,1477.95,134215.16,3.1,10,20,1
21897.28,60,10.66,126.46,185493.13,16.2,23,40,0
4770.38,60,13.06,1011.79,100674.93,17.75,22,7,1
18564.47,60,17.9,538.27,189111.69,6.94,22,44,0
30490.37,36,5.09,767.66,39718.86,35.33,7,9,1
14555.29,60,22.07,349.04,65823.83,11.7,19,36,1
26931.56,60,6.52,265.56,221876.36,30.34,4,21,1
32022.55,60,23.01,388.04,87540.74,3.05,20,12,0
37159.93,60,23.99,134.76,67366.52,1.2,15,7,1
10151.04,60,24.8,438.79,40470.6,39.82,21,37,1
16573.32,36,21.19,1044.82,110379.65,4.92,15,23,1
6944.22,36,7.84,987.68,35405.88,30.63,16,46,1
39706.86,60,19.12,845.11,134305.51,24.18,23,45,1
37153.04,60,9.07,30.57,231417.09,18.12,14,20,1
22058.33,60,22.94,214.9,201040.9,1.48,2,7,1
33839.3,60,11.33,1269.02,,13.15,24,28,1
21317.36,36,11.54,429.46,88944.38,36.0,7,47,0
25319.84,60,23.35,1370.93,63158.19,36.21,24,30,1
4475.85,36,5.26,1315.58,35396.17,23.99,20,15,0
30455.55,60,8.88,257.74,44987.33,22.99,18,31,1
5980.83,36,13.44,1350.28,228873.21,17.02,22,41,1
33216.64,36,19.01,952.92,91319.14,31.02,23,15,1
31499.1,36,17.95,956.52,110211.49,35.32,5,38,1
28641.04,60,18.39,1283.44,131711.2,29.1,9,10,1
2410.25,60,22.6,625.43,191333.69,21.01,12,43,1
12822.01,60,7.42,1110.84,203625.21,25.38,20,7,1
11261.39,60,15.44,1011.61,241657.79,8.79,9,40,1
15045.32,60,19.51,1164.13,68455.96,39.65,16,38,1
4418.07,36,17.72,1000.48,89245.22,37.43,22,40,1
37541.36,36,13.97,147.68,91980.96,38.27,10,19,1
22598.29,36,5.34,460.29,122409.52,6.67,6,37,1
12915.45,60,6.21,1411.68,205703.0,26.11,12,37,0
16482.28,36,7.38,358.44,75074.9,26.25,5,9,1
18440.9,60,11.86,724.22,200072.01,14.2,14,9,1
24423.18,36,7.35,554.68,66929.2,34.61,21,7,0
21111.5,60,13.52,156.86,183333.95,31.29,18,47,0
36856.29,36,8.57,296.35,203770.3,28.78,24,35,1
20381.58,60,20.58,451.4,216370.26,1.16,5,32,1
39694.16,36,22.43,711.08,137365.67,39.62,23,9,1
34205.57,36,12.79,1315.55,,28.73,8,34,1
9131.91,36,15.23,787.96,197648.37,38.78,23,21,0
37293.21,60,24.07,988.3,93810.79,3.47,12,20,0
5538.29,36,15.71,656.15,54060.42,27.77,3,12,1
32880.54,36,24.9,1308.99,211977.88,29.79,17,36,1
15844.31,36,7.84,1004.05,114585.41,2.59,6,19,0
35241.0,60,22.24,163.23,151291.77,2.58,13,19,1
34854.21,36,14.94,731.93,231242.13,30.49,14,34,1
32431.09,60,5.45,1246.03,51233.22,31.91,3,44,1
31811.19,36,24.44,1108.47,148152.3,36.41,2,41,1
12882.49,36,24.3,1360.81,148515.86,30.88,12,44,1
4155.85,60,12.67,364.67,218235.0,9.61,21,37,1
16716.23,60,24.08,1466.44,98489.56,38.75,5,29,0
7767.46,36,7.82,449.06,112279.24,10.69,19,21,1
28103.09,60,18.6,103.76,139437.43,29.09,18,7,1
14497.89,60,8.84,758.64,58456.0,21.18,9,22,0
39048.8,60,9.93,192.2,128252.12,4.89,12,47,1
25997.91,36,20.59,1031.53,120298.81,37.09,21,11,1
33076.74,36,12.55,1353.82,65400.73,23.52,3,29,1
6168.46,36,5.14,1384.37,211595.18,3.67,14,19,1
34618.56,60,13.28,922.34,119137.77,15.33,14,14,0
36987.53,60,9.56,816.84,90395.16,30.6,17,20,1
19995.41,60,18.67,1491.17,49986.07,24.74,2,30,0
24643.86,60,8.89,881.76,40641.99,8.94,21,25,1
30827.58,36,21.85,1393.36,240852.19,22.78,11,14,0
7818.71,60,10.34,1377.39,248885.29,12.35,14,15,0
20600.08,36,12.86,455.59,226522.84,21.09,22,24,0
16547.86,60,10.96,50.21,125485.23,12.72,2,38,1
6708.59,36,17.88,675.58,205820.62,19.85,16,43,1
15333.84,36,7.02,1296.21,211884.91,33.69,23,24,1
3658.72,60,14.56,1259.12,88956.12,8.48,18,17,0
2006.66,60,11.69,917.39,154786.68,0.07,19,27,1
6271.49,60,22.68,260.29,240069.06,6.2,9,18,1
38561.49,36,6.47,188.15,84415.59,33.67,12,32,1
22431.65,60,21.59,1433.38,172463.87,16.6,21,46,1
38667.06,36,8.35,649.45,172384.46,29.59,17,27,1
17867.42,60,6.77,982.8,124114.25,1.23,12,44,1
13160.83,36,9.05,1361.62,132775.64,5.85,17,8,0
20739.53,60,7.05,1308.74,,22.76,20,38,1
18140.96,36,15.42,863.35,139847.69,28.81,2,38,1
5120.92,36,24.76,747.22,54218.89,31.52,22,23,0
25992.23,36,5.69,1110.83,202791.84,25.72,23,30,0
9425.49,60,14.22,543.98,172047.28,30.27,15,15,0
25163.93,36,12.72,949.32,243979.12,6.63,21,34,1
26357.84,60,11.79,64.03,76497.93,26.33,11,22,1
6928.97,36,11.64,1241.74,53572.7,17.01,18,34,1
3392.64,60,22.9,1497.11,98787.44,36.59,15,22,0
31449.7,60,5.38,1433.42,137240.52,24.61,2,15,0
18932.22,36,20.5,559.05,67152.2,21.67,23,6,1
3268.39,36,10.06,810.72,125938.24,23.13,22,23,1
39799.79,60,12.67,377.24,167801.05,33.25,22,25,0
3253.44,36,13.4,475.39,32919.4,0.45,8,21,0
28106.37,60,11.09,702.3,194346.87,34.41,6,38,0
39363.48,60,6.87,1128.21,236133.59,1.17,5,48,1
10328.02,60,7.29,56.29,81697.09,23.31,17,19,1
6547.73,60,10.96,608.85,198531.15,20.1,21,43,1
5734.01,60,21.44,848.05,116124.88,14.81,18,41,0
12827.73,60,7.69,346.32,172819.51,5.15,3,24,0
4940.79,60,19.85,145.36,190893.7,4.96,9,8,1
27994.29,60,10.78,823.17,87843.94,29.69,8,21,0
3429.38,60,22.67,967.58,201101.45,4.54,21,29,1
20867.46,36,13.57,972.27,44175.61,27.49,2,12,1
39871.18,60,8.43,554.18,246946.71,39.61,5,45,1
32744.84,60,24.72,378.92,97515.75,27.28,13,31,0
24993.56,60,8.53,353.97,71474.64,3.01,16,35,1
12943.89,36,16.35,89.57,51890.43,21.68,16,12,0
25331.94,36,16.39,301.48,206801.89,33.38,21,29,1
21554.62,36,12.46,1233.35,154754.79,38.18,18,13,1
17617.25,36,24.03,34.49,238884.17,29.11,11,46,1
6097.7,36,21.88,94.52,168966.03,12.39,15,48,1
35577.56,36,21.6,216.72,98336.39,10.05,10,47,1
18541.6,60,24.48,647.75,212374.88,31.35,16,5,1
8590.28,36,14.14,520.59,84684.06,30.41,13,40,1
15342.61,36,6.94,291.42,86893.36,19.46,20,34,1
17151.06,36,20.31,193.1,26504.42,,14,18,1
33273.98,36,12.62,1410.13,77965.22,26.88,19,46,1
29610.96,36,8.81,1369.54,80129.87,23.62,22,8,0
31002.89,60,14.66,1164.69,88429.95,0.47,2,30,1
1430.22,60,23.51,400.47,104784.58,25.7,21,18,0
17230.01,36,8.43,505.84,152635.02,5.3,23,44,1
19772.42,60,21.97,1008.79,69769.93,33.03,8,49,1
1748.5,36,13.36,458.8,166455.03,26.94,13,40,1
11132.72,60,7.74,810.02,50662.46,2.07,19,7,1
30651.3,60,21.97,987.39,234109.51,21.27,11,24,1
6347.28,36,24.39,793.22,26005.35,32.22,15,10,1
21877.1,36,10.83,637.53,228885.51,33.2,17,25,1
9392.87,36,11.07,541.4,145856.06,3.42,13,15,0
1472.71,60,12.81,1173.29,183310.43,3.16,3,31,1
10406.86,60,21.28,1116.33,88618.83,31.0,22,34,1
39059.08,36,5.21,1053.46,59973.72,9.31,8,18,1
32259.95,36,9.48,580.78,237877.78,23.76,17,22,1
38423.49,60,19.12,1170.33,121430.88,24.35,16,10,1
20026.31,36,13.11,1437.82,130517.97,25.19,8,48,1
5279.71,60,11.61,1042.8,246706.03,13.52,23,45,1
22370.42,60,22.45,629.61,97295.82,1.6,23,36,1
18720.72,36,23.35,1200.83,43044.07,21.5,17,37,0
33929.93,60,23.96,925.67,154990.27,20.6,6,16,0
4825.22,60,10.45,1320.19,147605.74,17.33,10,8,0
20041.4,60,23.25,1078.38,197814.0,11.18,11,40,1
6851.9,60,19.74,1161.78,239667.96,33.72,21,47,1
13662.36,36,8.08,1011.13,90765.11,14.8,19,15,1
29756.93,60,17.21,165.27,186013.18,5.07,18,40,1
19564.71,36,5.53,743.12,119935.71,30.32,5,19,1
15659.64,60,19.17,113.04,200267.74,25.45,15,28,1
16384.57,36,19.67,687.9,57783.7,12.37,18,37,0
18918.42,60,20.79,1083.15,135196.98,6.05,14,32,1
31615.65,60,8.45,649.25,37752.99,17.59,9,44,0
35791.3,36,17.56,32.4,149070.14,2.64,5,8,1
38258.05,60,8.58,572.85,58863.93,8.91,3,16,1
31689.23,36,23.93,129.61,240810.37,38.56,11,20,1
13300.87,60,18.5,1177.48,147495.98,6.02,12,16,1
27837.25,36,6.91,1182.11,141756.16,11.0,7,25,0
18066.52,36,8.74,1215.38,243636.07,5.56,7,30,0
10932.15,60,18.27,74.58,134635.52,36.48,20,13,0
33793.99,60,14.53,77.44,175647.09,36.99,20,24,1
2498.63,60,19.73,1358.07,30736.75,2.38,24,25,0
36168.72,60,10.62,211.82,182917.93,35.93,12,46,0
18997.62,60,18.16,1015.03,43991.39,5.69,24,9,0
25850.86,60,8.54,1199.32,199453.96,15.89,11,15,0
26714.8,60,15.87,688.36,221674.54,23.45,7,9,0
35909.59,60,24.16,833.31,92557.61,18.5,15,20,1
25830.12,60,17.56,364.25,221969.9,5.44,11,16,1
24943.41,36,6.0,1387.69,131006.45,31.66,6,41,1
3599.43,36,24.78,473.65,151462.5,27.5,10,38,1
21217.91,36,8.14,350.18,114526.06,37.65,19,26,0
6856.59,60,19.36,802.34,129604.69,14.12,14,19,1
29759.92,36,15.65,310.06,228902.31,17.22,19,36,1
20976.65,60,10.89,1039.44,237877.71,13.99,21,37,1
27528.88,60,8.55,787.22,122549.86,2.52,5,39,1
2625.24,60,8.55,247.27,138303.14,2.2,11,8,1
4306.89,60,22.17,128.85,46720.25,30.45,11,20,0
28936.61,36,22.46,231.32,94892.86,11.39,21,14,1
3811.29,36,14.3,230.84,138044.55,19.49,22,49,1
3779.01,36,7.07,489.89,66594.03,39.16,20,47,1
1472.23,60,22.68,1254.91,152602.65,0.71,19,37,1
38303.55,60,14.74,114.22,177615.14,20.71,13,16,1
29762.83,36,13.78,218.29,169490.81,20.73,14,19,1
14776.8,60,13.15,475.26,121777.87,39.94,5,35,1
12564.89,36,12.3,843.4,196943.4,33.37,12,39,1
14638.43,36,15.52,1151.44,93490.15,2.67,10,27,1
31211.49,36,17.09,1384.15,127933.69,6.28,21,36,0
26793.45,60,14.33,635.77,82135.62,1.36,12,29,0
8222.63,36,22.93,185.58,158834.58,7.87,11,9,1
7790.26,60,11.35,343.87,121362.62,8.49,11,45,1
4837.43,36,16.57,452.25,69935.93,3.6,18,18,1
26751.81,60,11.0,1185.56,90882.54,21.09,11,35,1
30810.53,60,20.07,1039.37,84277.66,39.0,9,18,1
11336.81,36,7.04,337.24,229509.93,32.15,4,46,1
1816.85,60,8.77,1262.96,140049.48,8.13,16,18,1
4204.7,60,21.02,1292.96,170110.84,31.32,16,10,1
38746.54,60,8.66,1327.18,234988.77,39.29,2,29,1
12522.35,36,17.51,434.26,61910.09,33.41,18,48,1
30999.7,60,24.4,226.58,235485.56,18.75,22,32,1
25361.88,36,15.46,182.82,144116.56,10.77,5,21,1
15895.65,36,8.75,618.13,216929.27,29.92,24,8,1
9021.8,60,11.41,661.11,58638.98,31.46,24,32,1
5734.07,36,21.47,1306.27,82775.25,11.87,10,11,1
24985.51,36,12.03,423.6,64659.34,8.97,20,46,1
31210.72,36,19.47,951.53,170287.01,26.88,11,10,1
26112.27,36,20.55,1188.67,,35.54,15,46,1
21681.78,36,15.02,425.65,202280.19,0.83,11,41,1
2636.1,60,20.66,422.7,77600.35,39.48,12,47,1
38771.06,60,11.34,1013.66,78759.36,7.67,19,33,1
32149.85,36,15.32,1097.42,84657.9,13.98,2,32,1
12420.06,36,18.73,1440.85,191669.26,2.12,3,23,1
39218.84,60,8.36,1279.41,232569.67,2.22,19,18,1
24473.38,60,10.47,1238.42,228727.3,10.91,7,17,1
23714.48,60,18.04,1047.7,,22.6,18,33,1
30174.85,36,18.11,204.18,80360.49,36.04,22,39,0
32659.02,36,14.87,1219.58,174601.85,2.79,15,45,0
26602.67,60,20.91,1404.92,162266.65,21.84,2,6,1
5995.73,36,14.64,604.36,100506.68,16.65,13,6,1
14192.43,60,22.63,491.08,218453.96,39.57,24,30,1
37195.26,60,19.72,798.05,50007.24,7.48,9,5,1
9760.01,36,11.29,1435.99,166977.33,14.78,13,32,1
15514.51,60,12.91,104.72,82809.43,1.34,18,41,1
17851.0,60,18.35,1072.05,141250.16,36.57,3,38,0
18136.79,60,22.89,1227.56,109121.91,24.9,19,28,0
24904.64,60,8.57,1189.46,245339.07,23.51,14,33,0
37779.96,60,15.29,863.16,131939.22,1.95,24,32,1
10387.02,36,7.38,1383.23,244501.48,3.96,5,38,0
5738.55,60,10.59,227.75,78654.81,31.61,5,37,1
8701.35,36,18.72,390.37,196626.41,21.98,3,42,0
35590.07,36,6.55,481.23,184923.37,7.96,3,38,1
26186.62,60,18.25,42.76,214958.42,21.99,2,9,1
12150.36,60,23.02,574.88,179529.72,38.72,6,34,1
32821.93,60,24.39,266.17,176942.59,4.15,7,26,0
34593.43,36,9.33,1095.2,171962.78,38.81,24,7,0
34014.06,36,19.98,639.98,246561.86,31.0,14,33,1
36838.13,36,23.53,1065.56,72462.49,5.77,23,35,0
10837.4,60,6.83,461.67,26926.15,32.59,13,34,1
30446.64,60,13.28,223.92,175933.3,29.76,4,33,1
18961.04,60,23.39,224.02,59637.69,22.96,5,35,1
33837.94,60,9.06,328.8,176258.3,30.97,17,28,1
29411.14,60,23.68,199.37,93527.64,5.65,9,45,1
31281.45,36,15.54,354.2,29970.9,28.86,13,27,1
26590.31,36,7.0,881.18,197046.64,25.64,6,42,1
7919.72,36,14.0,406.81,31879.08,11.39,24,38,1
22256.05,60,11.53,534.13,71551.81,27.61,8,28,1
39402.12,60,10.64,107.52,97373.99,27.15,15,29,1
37558.13,36,15.83,1341.55,50532.37,9.56,20,6,1
2683.78,60,14.67,233.1,230120.91,5.91,24,10,1
7427.78,36,14.64,542.54,163022.39,14.49,6,45,1
6137.42,60,6.76,587.83,221341.07,15.97,22,36,1
29313.22,60,21.05,1165.03,176871.97,32.97,12,48,1
32893.63,60,14.63,740.81,248147.44,17.44,5,17,0
9326.94,60,21.42,592.95,140785.14,29.46,10,20,1
20728.26,36,21.49,1052.94,32365.55,18.51,9,30,1
33787.42,60,11.34,907.61,56997.49,2.69,12,14,1
29579.26,36,5.09,144.86,155339.51,26.11,17,8,0
22147.25,36,23.22,489.67,99977.56,35.82,12,18,1
24023.56,36,20.21,1468.55,45965.34,20.73,13,28,1
20826.06,36,7.15,740.5,74772.14,28.08,15,42,1
12604.39,36,19.03,653.56,129151.27,31.15,18,41,1
23035.86,60,5.4,250.38,139181.83,18.7,11,43,1
27866.53,36,5.56,1263.43,234953.69,9.99,6,27,1
35059.59,36,15.52,225.96,40856.23,34.4,9,15,0
25815.36,36,6.92,184.47,102295.71,33.15,10,12,0
30683.74,36,24.29,675.33,136391.32,34.38,19,10,1
7242.79,36,22.88,671.87,46051.54,33.03,21,38,1
19000.74,60,18.0,1472.76,178194.47,5.32,9,41,1
1363.93,36,6.27,217.47,138456.46,16.59,8,37,1
10620.48,60,11.5,741.23,125687.74,7.66,17,49,1
29332.01,36,12.43,325.83,170898.53,6.21,10,14,0
39680.59,60,14.62,1061.59,86197.38,31.26,8,40,1
4867.95,60,8.38,605.78,98045.23,19.25,15,11,1
16658.28,60,16.55,983.25,57420.65,3.63,6,21,1
32202.77,60,13.72,527.46,140456.97,16.24,20,24,0
8957.39,60,23.95,859.88,105654.01,39.73,3,32,0
22648.31,60,23.72,719.63,79876.1,8.5,20,28,1
29589.78,60,16.31,580.32,48690.71,15.89,3,42,1
25023.43,36,17.89,820.16,25341.8,23.78,11,13,1
8332.96,60,7.76,594.18,64471.02,7.98,19,34,0
14860.0,36,9.47,1214.85,76908.03,38.71,14,43,1
31567.88,36,23.01,758.0,131650.35,25.4,6,40,1
22614.83,36,18.98,1357.6,75429.22,9.18,2,21,1
1203.95,60,8.79,357.52,208060.3,17.86,16,20,1
30678.64,36,16.4,194.82,129049.64,14.44,22,38,1
2377.14,60,23.7,590.02,163476.48,4.89,8,47,1
30083.62,60,11.9,299.98,67825.82,11.38,9,11,1
8896.74,60,8.72,607.89,115709.47,22.15,17,31,1
38364.87,36,23.84,334.89,158638.79,3.52,8,11,1
15349.69,36,14.23,1306.28,91540.55,1.93,19,36,1
13750.33,60,13.34,864.82,97325.4,21.65,15,20,1
6806.63,60,10.35,761.46,205707.79,17.36,18,23,0
12918.56,60,22.83,1187.99,212551.72,7.53,24,30,1
35189.38,60,21.91,221.64,142576.41,28.51,24,5,1
39857.04,36,13.06,1289.81,226174.47,3.52,22,47,1
15364.07,36,5.61,740.46,189436.86,10.82,23,34,1
18495.81,36,13.93,230.56,32719.36,4.05,5,47,1
29160.77,36,8.62,1234.53,148678.89,29.1,24,19,0
35561.64,36,7.85,707.34,180492.46,25.31,8,7,1
24128.73,60,12.86,918.76,144403.51,7.54,18,24,1
16269.5,60,6.98,1343.61,211354.45,22.29,23,23,1
17092.25,36,24.15,1339.32,89192.54,27.86,12,31,1
28129.11,60,5.95,1342.44,35060.2,1.37,6,5,0
1125.51,36,13.03,642.87,165732.72,26.53,24,49,1
25163.98,60,8.25,1131.92,188084.14,12.46,10,17,1
14864.23,60,18.78,372.91,196008.39,5.41,17,37,0
31973.7,60,6.58,1251.83,22543.92,32.85,20,47,1
4626.63,36,15.94,532.33,174877.0,24.25,9,28,0
23939.89,36,20.46,711.95,24767.39,21.86,5,15,1
19757.94,36,24.0,1340.35,198200.78,33.46,6,9,1
26050.7,60,18.97,1214.44,181714.18,10.6,20,47,1
3529.29,60,6.99,1430.19,150505.2,0.57,10,36,1
23619.37,60,6.77,564.31,136454.61,37.95,6,39,0
22897.9,60,19.63,252.1,184474.81,10.51,15,23,1
22865.74,60,9.31,1368.3,33154.92,25.33,17,5,1
24536.02,36,13.94,754.94,211403.55,39.08,15,19,1
27382.25,36,24.53,1337.42,66282.02,9.34,24,23,1
32394.57,60,21.4,1106.15,129891.44,39.71,2,8,1
11523.01,36,21.93,1315.96,131963.87,21.55,20,29,1
33176.93,60,22.22,992.44,198738.41,38.36,19,40,1
20431.97,60,17.39,1224.19,64387.95,3.44,11,12,1
4005.27,36,19.88,206.89,,21.24,11,49,1
3283.49,60,12.18,1453.39,172514.83,37.77,14,30,1
14035.29,36,24.97,296.04,114937.5,6.22,15,40,1
31610.98,36,10.59,66.02,88738.63,11.01,19,22,1
28599.56,36,16.8,810.29,162927.34,8.5,15,32,1
31755.98,60,10.64,1076.51,39911.6,38.62,17,37,1
21173.49,36,7.24,1083.14,201649.07,10.54,17,40,1
18167.76,60,16.35,528.67,140692.32,4.84,23,9,0
6750.65,60,12.07,1138.13,67384.72,31.87,11,40,1
13799.52,60,16.66,1268.56,113958.66,20.54,22,32,0
17926.76,60,16.17,926.72,50147.66,23.6,4,21,0
4455.42,60,15.85,597.41,161813.66,24.27,21,18,0
9603.87,60,7.47,931.95,173939.15,24.52,4,33,1
24330.79,60,13.8,1297.48,113215.76,18.17,6,19,1
29690.86,60,21.24,1353.69,98128.81,39.02,11,7,0
39935.55,36,11.3,76.33,215450.49,6.96,6,7,1
37391.42,36,13.88,209.93,152495.93,38.31,17,23,0
26060.04,60,14.88,36.64,173414.89,11.7,11,37,1
17428.67,60,22.25,753.89,49329.4,7.6,5,40,1
25810.92,36,18.11,671.49,184064.82,25.03,19,30,1
31640.41,36,7.0,832.33,122260.48,35.67,6,43,1
5615.11,36,22.3,1034.96,104333.74,14.52,10,20,1
16986.29,36,21.64,567.7,233762.97,3.02,2,28,1
33752.29,36,20.07,336.61,32404.82,21.46,5,33,1
15969.49,36,14.32,610.39,64989.47,39.41,22,44,1
23303.02,60,20.15,43.25,106259.22,15.58,3,49,1
23923.01,36,14.57,1249.29,94529.22,0.8,11,31,1
8194.57,36,19.73,594.08,137457.29,20.04,24,11,1
15127.18,36,22.6,945.5,112207.47,15.35,14,13,1
14045.94,36,22.81,507.35,201306.48,2.67,18,43,0
2021.67,60,14.09,933.77,196640.13,34.99,9,49,1
1943.48,60,22.19,824.44,197646.2,24.75,3,8,1
33436.18,60,7.03,336.58,104951.55,6.17,2,41,1
11649.76,60,7.04,949.23,113694.75,37.04,21,38,1
21205.07,60,15.97,191.14,185706.24,23.05,5,11,1
12650.3,60,18.04,737.2,48565.62,27.57,6,8,1
37686.49,60,8.06,1088.22,215941.51,23.34,15,13,1
11112.57,60,14.44,837.12,144489.39,39.13,15,6,0
17756.62,36,6.89,1127.02,215165.4,35.63,3,31,0
35036.48,36,17.04,431.55,202528.69,0.66,13,36,1
33835.41,60,22.1,101.76,106108.11,0.58,3,24,0
8257.96,60,19.75,112.28,43358.73,19.53,14,25,1
32303.09,60,12.57,425.03,231790.96,12.56,23,21,0
18869.29,36,24.88,629.27,99259.23,21.55,23,46,1
19835.79,60,18.26,820.13,105960.59,13.53,9,47,1
6205.72,60,21.3,1143.76,229081.16,35.13,20,17,0
4143.46,60,18.39,1264.23,230989.86,6.79,17,28,1
29389.63,60,24.79,1049.71,80468.42,2.29,23,10,1
20361.98,36,21.43,710.92,40459.94,13.72,12,30,1
18037.18,60,15.39,418.8,20254.85,,24,36,0
29450.82,36,12.34,658.87,120807.73,23.66,2,6,1
30855.0,36,18.64,431.89,150771.88,18.9,18,9,1
7197.42,60,16.8,947.96,82177.74,28.32,7,9,1
24798.78,36,17.59,1232.76,79742.42,2.91,23,18,0
6278.81,60,11.86,791.74,102060.56,30.18,3,10,1
30303.63,36,13.57,97.38,80509.57,11.06,8,24,1
26621.25,60,16.16,1411.43,217440.83,26.86,2,38,0
38307.97,36,21.79,462.6,167853.75,11.64,17,21,1
3689.36,36,20.26,1374.33,210657.77,33.35,14,7,1
3225.13,60,7.37,1225.21,217910.0,33.36,4,37,1
12005.3,36,9.91,637.29,120052.29,12.25,22,13,1
11206.52,60,5.53,113.35,129842.81,36.38,8,10,1
10632.17,60,5.16,1423.12,244898.51,12.84,19,13,1
36343.93,36,9.49,998.81,207873.18,35.83,8,22,1
10732.3,60,20.99,396.99,203515.69,7.73,24,44,1
11606.04,60,23.09,814.3,154254.04,11.52,13,12,1
30616.53,60,12.84,963.99,126064.56,35.37,9,21,0
18539.85,60,16.26,363.19,225760.46,3.23,22,29,0
31291.71,36,19.12,167.5,205048.1,28.07,7,29,1
3549.28,36,24.06,423.17,138861.45,27.28,15,13,1
20015.28,36,23.26,99.98,82212.88,38.89,21,13,1
2310.93,60,6.14,132.88,53874.26,38.89,3,8,1
3443.47,36,9.96,260.18,147122.31,19.22,15,19,0
36351.06,36,5.98,262.86,88086.9,26.34,4,14,1
6430.57,36,17.33,394.49,80769.63,6.23,16,19,1
21764.41,60,19.21,1408.02,44330.83,9.04,19,21,1
17032.73,36,11.17,876.46,27928.73,22.34,9,42,1
14546.39,60,22.08,651.08,200171.38,9.5,9,41,1
36093.5,36,14.06,858.79,44836.57,8.67,7,7,0
1851.11,36,24.97,38.4,224380.18,0.91,10,23,0
26887.8,60,5.01,1345.28,69170.05,2.93,8,25,1
38572.38,36,7.19,812.5,194725.41,28.46,4,43,0
22846.56,60,11.04,693.93,209289.88,0.57,17,5,0
37536.08,60,5.51,1414.15,202287.86,35.83,21,28,0
3038.06,36,20.65,1103.7,220756.84,3.15,8,22,1
17332.94,60,6.06,526.01,98135.8,6.26,19,21,1
11146.15,60,19.98,1406.15,246754.35,13.61,20,36,1
29502.02,60,6.05,1282.44,84306.78,29.07,3,33,1
39270.59,60,10.05,1433.16,234888.56,28.03,16,6,1
11004.67,36,21.83,171.45,120611.22,9.86,24,45,1
26512.81,60,24.02,1434.27,33094.36,13.08,5,7,1
8725.81,60,13.29,828.04,,32.85,9,11,1
23047.88,36,24.4,1018.16,201104.49,19.87,20,26,1
19093.37,36,17.54,341.99,65378.52,18.33,10,42,1
38908.21,36,13.32,236.39,209407.86,25.34,12,12,1
24732.56,60,21.06,146.7,56243.26,18.27,8,39,0
14630.75,60,10.91,650.8,54829.28,17.36,2,8,0
5449.74,60,10.32,355.38,206051.44,31.94,24,47,0
6898.63,60,18.13,149.99,86750.4,37.26,19,47,1
9787.36,36,12.81,1433.95,37681.9,21.97,5,25,1
10787.7,36,7.72,1108.09,239959.12,11.57,9,41,1
34174.03,60,6.34,791.25,148119.24,37.99,20,19,1
22887.69,60,20.76,1122.72,123057.82,28.08,3,49,1
21412.25,60,18.52,928.84,135945.31,26.17,11,32,0
5475.99,60,13.24,291.71,174203.56,24.27,5,46,1
34545.45,36,22.92,961.15,218183.18,29.62,12,9,1
29189.76,36,13.22,1031.09,174693.14,31.02,5,37,1
3639.07,36,19.21,379.08,190091.07,31.65,4,8,1
28605.57,36,23.18,500.61,61435.21,39.03,23,9,1
22197.99,60,21.81,593.45,108341.41,16.45,22,49,1
4187.29,36,15.22,915.74,154506.25,9.71,20,7,1
18873.73,60,18.61,216.41,162463.49,15.76,7,25,1
19903.16,36,13.27,1122.91,82259.42,30.67,5,10,1
7465.21,36,17.94,538.66,244245.92,21.63,15,15,1
37882.23,60,10.15,1046.91,47182.77,34.59,17,29,1
34149.04,36,13.69,1401.34,45824.02,9.45,8,12,0
27091.87,36,9.19,1308.72,72704.55,29.48,8,32,0
19029.53,36,5.76,1114.24,193400.05,9.97,6,5,1
17058.86,36,16.77,314.19,28406.8,31.96,5,30,1
26387.97,60,22.29,1106.15,247209.13,17.53,24,36,1
22271.84,36,5.51,964.61,247177.77,39.58,23,8,0
3428.65,36,8.92,1165.64,56727.37,26.75,24,28,1
20987.6,36,14.2,1307.16,,29.67,22,47,1
32449.74,60,18.32,487.87,66900.99,1.71,12,38,1
18910.36,60,8.42,977.13,113843.5,28.12,17,28,1
3026.31,36,6.13,434.45,142558.45,16.75,9,35,1
31664.85,36,15.38,539.04,209228.35,12.93,22,13,1
8853.19,36,21.37,795.35,28235.68,31.81,24,19,1
11086.21,60,5.7,668.22,246986.46,9.15,6,33,1
7423.55,36,11.99,912.93,236329.48,7.27,16,14,1
13878.39,36,18.27,1145.38,151195.98,14.21,12,17,0
30513.31,60,7.61,919.38,130606.17,25.17,13,6,1
21256.05,60,9.72,1455.61,146648.29,10.29,23,18,1
8990.37,60,15.71,1115.04,24241.41,22.34,4,48,1
35235.37,36,24.06,1477.97,189667.02,15.39,16,45,0
35303.69,36,10.75,1122.86,134180.28,15.87,17,20,0
34952.56,36,14.75,776.64,85789.18,8.12,16,8,1
10313.05,60,13.0,634.18,126155.02,12.88,8,26,1
18598.33,36,22.95,1111.42,87290.59,10.95,18,34,1
39414.6,36,6.44,1040.07,180988.68,9.74,6,25,1
31108.49,60,16.32,1013.08,161319.87,3.23,9,44,0
2059.53,60,21.92,1091.02,109261.3,17.32,10,12,0
3542.98,36,24.76,1312.09,92275.65,9.79,2,40,1
19093.32,60,18.97,364.81,221948.43,38.44,4,19,1
36459.59,36,12.6,860.4,176914.89,24.07,2,14,1
22009.37,36,13.24,916.85,184629.82,18.48,17,36,1
20414.69,36,12.03,460.5,162279.29,13.52,12,20,0
5113.47,60,17.07,1482.29,37303.03,18.43,5,19,1
26614.42,36,19.79,1184.74,33630.37,13.66,3,43,1
33062.02,60,21.39,502.26,118709.45,34.27,5,43,1
15836.38,60,13.33,556.9,234014.99,10.23,11,48,1
31248.86,60,19.33,1085.84,140682.86,11.2,19,5,1
38614.59,60,23.32,46.9,221453.44,28.38,18,7,1
8946.89,36,23.42,712.14,42206.46,36.04,14,21,0
21409.86,60,19.08,534.37,186580.05,27.2,9,16,0
12198.38,36,17.74,1285.38,76427.71,3.39,13,39,1
31921.32,36,15.63,1193.2,140634.12,35.96,11,6,1
23526.14,36,8.66,518.18,87371.85,30.77,2,39,1
25748.71,36,7.47,1301.25,183836.67,9.59,12,15,1
32118.65,60,14.71,1372.99,112204.48,2.5,16,31,1
16442.85,60,8.19,842.11,126298.75,28.7,19,23,1
36688.51,36,16.54,264.08,76429.44,9.38,11,24,0
21788.13,36,17.91,1162.38,84735.34,20.95,18,15,1
7160.24,36,15.51,499.44,61279.41,3.58,21,32,1
28140.07,60,5.73,805.1,147373.67,22.73,19,21,1
31937.19,60,6.15,97.02,53349.3,0.86,19,16,1
13353.71,36,7.27,765.13,81686.6,21.36,13,9,1
34429.99,36,8.07,588.99,142006.11,33.35,18,43,1
36339.59,36,24.8,1038.52,83211.2,23.23,22,30,1
11799.28,60,11.89,89.95,155354.92,35.39,11,27,1
39357.34,36,10.84,948.67,23257.72,21.96,12,44,1
6487.75,60,6.05,1164.78,243841.24,27.5,22,16,1
8878.61,60,17.71,48.78,187897.44,14.65,14,6,1
8184.77,60,18.04,1132.45,135878.4,11.87,18,11,1
35865.6,36,8.51,221.4,231792.72,13.43,17,16,1
26517.41,60,23.38,1056.14,220046.2,4.11,4,47,0
6932.07,60,21.01,699.26,104307.49,10.18,13,15,0
18172.61,36,9.61,841.43,46709.71,15.48,10,28,1
24996.62,36,14.72,525.9,78013.45,13.66,18,25,1
4255.1,36,14.17,390.84,67998.53,19.82,22,27,1
35414.24,60,11.97,134.44,192513.21,19.53,22,16,1
32340.54,60,21.35,1301.09,146065.28,29.42,15,49,1
20703.06,36,7.19,927.33,215522.58,15.83,13,32,1
38717.94,60,13.31,1474.71,132631.17,27.09,5,38,1
17292.68,36,13.56,1280.16,197045.96,35.63,23,41,1
39380.3,36,14.37,1308.36,94387.25,18.23,9,5,1
27048.88,60,22.23,908.84,158494.68,22.14,10,10,1
25752.18,60,9.36,148.99,167062.04,27.09,24,8,0
7472.24,60,7.06,1372.69,194636.03,19.76,18,44,1
35395.18,60,17.36,203.29,203882.33,6.53,17,46,1
17672.1,36,8.48,790.2,83595.7,11.74,20,17,0
7327.1,36,6.5,1289.58,108563.34,1.13,15,23,1
1491.69,60,13.53,724.44,67641.07,27.34,3,25,1
22830.47,60,9.39,273.54,192001.91,11.18,10,38,1
21568.59,60,12.22,578.6,,32.94,11,29,1
29054.79,36,10.19,1482.93,109934.42,26.24,21,27,1
35720.06,36,6.85,1499.65,204696.09,29.45,6,27,1
4096.86,60,16.21,1074.93,98154.61,35.3,3,10,1
29528.36,36,5.54,1335.35,87045.07,17.03,23,22,1
8309.07,36,24.33,94.98,169771.73,7.54,21,7,1
34468.91,36,11.83,435.68,244335.92,37.42,17,44,1
32943.48,36,18.9,572.37,34403.51,39.83,8,38,1
22090.96,60,21.21,47.64,212001.33,8.72,17,10,1
28699.47,60,10.58,584.13,47969.11,29.64,3,38,1
13259.65,60,19.97,166.76,99326.57,2.89,21,49,1
19375.55,60,21.65,790.59,115845.12,1.1,4,6,1
33043.84,36,9.83,36.5,185310.05,27.01,8,19,0
18911.34,60,24.85,427.56,233110.16,10.21,12,35,1
14954.13,60,5.41,1303.44,43462.52,34.71,6,37,1
20274.29,60,9.34,343.2,191305.94,20.52,22,47,1
33301.72,60,20.6,125.32,94127.25,31.28,19,6,1
14073.11,60,8.88,397.1,227439.53,4.14,5,33,0
7776.7,36,18.97,1246.51,83989.87,34.98,12,12,1
28768.55,60,22.11,893.17,179588.25,7.6,22,8,1
33213.15,36,24.18,891.53,57893.83,22.73,12,5,1
4924.86,36,14.48,30.84,240327.83,24.39,11,5,0
10355.09,36,24.42,724.06,20994.6,2.64,12,33,1
6536.91,36,13.23,420.46,73555.95,39.1,20,48,1
14569.72,36,9.36,524.23,,12.09,23,42,1
18563.69,36,15.28,910.07,216310.57,28.56,8,29,1
30204.23,60,18.0,1315.28,248518.18,25.27,18,22,1
26394.76,36,14.16,297.04,59849.95,1.32,8,16,1
25216.21,60,16.34,1159.29,90643.08,34.49,3,15,1
14742.62,36,13.33,101.89,225125.96,12.18,5,9,0
33816.45,36,15.5,510.29,27474.98,9.96,22,11,1
19380.2,36,24.05,351.8,188664.02,2.34,11,41,1
39185.09,60,15.0,1375.91,117301.94,10.01,21,47,0
25731.54,36,10.06,291.66,178428.14,24.8,22,39,1
5924.32,36,20.17,880.59,140727.03,8.03,16,37,1
27370.92,60,11.75,272.23,164235.73,18.66,15,13,0
13679.06,36,21.32,726.02,173332.65,31.99,20,21,1
27766.76,36,6.14,637.7,165186.57,38.21,6,7,1
3716.0,36,11.64,90.8,172849.48,28.02,18,44,1
7820.38,60,6.89,1244.03,150720.02,7.83,11,21,1
34373.75,36,6.71,1176.77,184195.93,15.33,10,43,0
9860.0,36,18.17,438.45,198485.4,22.16,6,17,1
33644.6,60,12.71,932.57,201225.15,34.86,23,7,1
11891.77,60,22.43,563.12,216308.01,21.91,19,23,0
26072.39,36,15.33,1160.76,92772.56,19.65,11,41,1
28071.87,36,10.91,1047.95,191527.89,10.39,11,10,1
20993.54,36,19.42,162.99,237732.1,19.98,21,38,0
12907.12,36,17.48,1270.96,104517.66,12.75,3,39,1
9293.13,60,20.99,293.76,198857.46,22.58,22,43,1
2294.38,60,17.87,285.94,87036.44,32.35,19,18,1
12853.91,60,8.34,1108.61,60380.93,37.83,19,16,1
26473.35,36,18.41,299.38,122678.19,32.38,23,32,1
37593.89,60,12.83,209.92,205502.4,33.13,20,43,0
34976.97,60,14.26,523.31,90638.18,14.32,16,6,1
30876.53,36,23.43,1262.91,87836.05,27.82,5,43,1
31749.45,36,12.2,289.91,83865.26,15.52,16,42,1
26934.41,36,17.24,528.44,70167.83,0.97,21,29,1
11151.19,36,12.27,450.79,160555.53,35.38,7,31,1
36380.61,36,6.89,553.41,75967.48,2.09,2,38,1
27158.56,36,14.07,1079.98,235027.65,4.62,14,32,1
22857.18,60,16.94,626.03,99564.14,0.74,23,47,0
5328.59,36,13.15,1146.58,144751.71,2.69,24,46,1
18435.17,36,12.81,971.39,114109.21,2.36,5,31,0
18953.97,60,21.41,560.82,241424.62,27.09,4,13,1
34717.98,60,5.59,665.39,117522.65,34.14,18,33,1
22319.28,60,10.91,1064.33,149649.72,31.87,8,12,1
15835.62,60,21.24,816.09,195587.35,25.05,24,43,1
39095.21,60,23.41,1306.46,59398.2,31.44,9,6,1
5318.1,36,13.25,1401.78,27507.61,18.26,18,21,1
17479.39,36,22.78,1085.03,124631.58,36.26,21,43,1
2638.96,60,8.98,1484.13,146647.45,18.4,11,42,1
29856.26,60,9.43,906.91,86024.04,1.13,20,40,1
36804.99,60,21.92,88.55,126376.07,28.1,15,18,1
11921.46,60,23.07,772.13,161486.9,33.23,5,27,1
34475.33,36,9.46,368.11,243852.78,8.98,7,5,1
12396.51,60,6.19,520.56,158408.75,12.71,15,5,1
36520.04,60,6.81,750.4,123237.18,27.8,9,7,1
30404.51,36,10.23,463.72,25181.55,22.95,14,44,1
32391.36,36,20.23,485.14,91434.14,35.6,21,27,1
1702.26,36,15.2,620.96,102451.77,19.11,16,32,0
38549.6,60,14.11,451.09,129697.25,26.9,19,20,1
29340.17,60,16.68,279.17,199899.34,10.87,23,33,1
12885.29,36,22.8,1155.37,198454.1,37.18,22,37,1
33346.39,60,6.81,610.96,214415.78,14.79,5,36,0
11979.33,60,18.89,1252.68,86698.29,21.58,22,27,1
35037.4,36,23.54,1327.59,99685.65,24.66,12,37,0
5390.64,36,9.27,1133.92,54554.94,10.17,10,46,1
28443.75,36,21.76,613.11,217205.63,12.67,15,37,1
22087.24,60,18.96,1090.34,170014.09,20.1,13,42,1
4764.84,36,5.29,258.17,37836.48,10.83,20,7,1
10433.86,60,9.63,1001.84,89841.11,5.21,13,38,1
1483.76,60,17.12,626.87,55126.76,33.46,9,32,1
19281.95,60,15.05,993.8,242922.48,12.99,3,12,1
12749.35,36,15.56,1139.54,94658.65,16.64,2,13,1
24335.94,36,9.64,857.15,134187.48,21.89,12,9,1
12592.27,36,18.5,974.44,93117.46,33.7,17,35,1
12696.85,60,10.33,343.89,129088.2,5.61,23,39,0
29984.53,36,12.79,901.27,249683.09,25.04,14,39,1
2877.57,36,12.38,706.9,86099.42,14.04,6,9,1
36212.9,60,18.44,659.24,85003.07,34.78,5,37,1
34238.29,60,6.81,633.16,105417.3,26.45,6,17,1
27044.38,36,9.11,487.06,58942.86,5.81,9,29,0
24135.64,36,9.01,478.84,189968.1,11.88,9,47,1
35799.8,60,7.17,1058.57,107248.27,1.45,10,28,1
8227.88,60,9.15,849.97,153597.52,30.82,14,15,1
4079.8,60,17.14,74.03,172099.71,16.51,21,23,1
10340.9,36,19.64,101.33,28152.04,1.95,23,15,1
31988.55,36,18.21,868.07,168120.64,0.54,21,37,1
2352.14,60,14.5,1274.04,142536.95,38.22,16,34,0
23729.47,36,6.05,94.65,39055.59,34.09,20,18,1
39822.06,36,24.18,775.59,48631.9,13.38,21,5,0
34372.15,36,8.36,1281.17,121383.64,20.66,9,35,1
21336.38,60,18.37,36.54,99650.77,23.04,5,7,1
3482.0,36,23.26,435.42,120624.04,20.61,6,47,0
33423.57,60,18.96,1382.28,166168.47,12.32,15,29,1
24360.16,36,9.36,149.76,55517.71,15.62,7,29,0
5482.39,60,11.32,922.28,172362.26,7.25,5,22,0
4660.43,60,5.6,775.85,208169.07,1.33,14,48,0
36475.45,36,17.26,252.97,20673.49,6.19,21,38,1
27098.81,36,17.26,92.46,104746.63,0.52,7,18,1
33342.19,60,19.51,768.8,83288.55,17.32,3,49,1
35280.18,60,5.22,1110.64,119359.95,26.44,12,48,1
23299.12,36,21.36,290.55,161514.1,7.24,4,31,1
21180.41,60,19.77,1046.24,63140.94,21.36,8,35,0
17786.67,60,7.82,833.18,50841.99,13.0,23,47,1
13360.92,36,11.95,556.03,187632.83,4.8,10,6,1
17949.24,36,17.77,1006.71,177723.22,5.1,3,36,1
31181.31,36,14.92,312.21,125994.23,24.72,11,41,1
24475.01,36,7.3,701.69,135304.23,4.71,15,38,1
35808.41,60,6.75,837.48,82068.09,22.13,5,38,1
18291.82,36,20.63,704.28,95711.2,7.62,13,34,1
24676.49,36,8.12,614.33,93618.99,34.65,15,37,1
25620.99,36,8.44,1119.14,187057.07,2.0,14,28,1
24076.19,36,21.62,994.47,147797.91,15.48,7,37,0
28402.72,60,17.24,970.01,187782.39,30.46,13,30,1
10259.91,60,17.09,1340.95,155864.83,29.97,14,45,1
20982.19,36,14.59,1490.45,145496.35,5.79,8,40,0
5064.77,36,16.38,863.79,93733.85,7.87,2,45,1
15995.94,36,17.04,541.95,110957.14,21.85,24,10,1
20019.02,36,24.36,1174.95,224101.51,27.37,18,21,1
26436.75,60,9.46,238.89,152463.9,30.09,18,28,0
38070.71,60,9.29,783.98,140624.72,24.82,3,20,1
24425.39,60,6.14,801.03,32220.24,31.32,14,48,1
30000.16,60,18.16,1475.7,174304.51,17.6,16,28,1
20744.38,36,15.98,1486.78,177784.01,22.42,24,9,0
25730.06,60,7.22,1204.84,178851.01,17.33,15,28,1
3766.36,60,12.29,725.33,40981.09,30.44,7,30,1
10921.27,36,8.57,834.42,89104.71,6.99,24,24,0
15112.27,60,11.63,500.02,105381.99,10.1,11,32,1
19427.24,60,24.03,1249.87,210094.29,33.47,4,24,1
2780.3,60,18.67,1127.42,245554.73,28.58,5,33,1
6460.94,36,5.15,1164.0,115391.95,29.41,15,38,1
11795.76,36,10.05,233.85,147484.56,3.97,11,32,1
38889.77,36,5.21,615.99,21687.57,19.38,6,30,1
13922.53,36,19.3,819.91,22019.23,22.57,12,36,1
19799.6,60,14.39,213.25,37135.05,31.2,21,25,0
8647.81,60,24.88,571.88,185477.28,16.89,18,22,1
24820.42,36,19.67,158.53,60971.42,21.63,19,16,1
11946.65,36,15.36,1439.5,194305.27,9.53,24,39,1
9072.71,36,21.09,1134.36,119331.51,33.28,22,26,1
21146.33,60,19.1,942.5,215492.87,36.56,4,33,1
1214.73,60,9.88,331.14,220172.77,18.57,9,23,1
1298.9,36,15.61,521.17,222361.57,17.49,15,22,1
9543.68,36,16.12,242.39,145005.61,13.13,11,22,1
2432.13,36,14.02,818.1,201356.71,10.67,14,48,1
5213.0,36,8.58,1236.16,172239.81,22.14,15,20,1
14215.57,36,9.47,57.98,62944.03,6.75,16,48,1
32300.84,36,10.62,181.86,107748.85,23.57,7,23,1
23309.9,36,5.21,367.14,241343.34,22.45,21,13,1
20994.04,36,23.34,1079.68,197689.88,27.76,2,37,1
12446.06,60,18.72,1344.15,80488.59,9.03,20,17,1
37338.4,36,18.79,1136.93,84624.1,28.08,19,15,1
16483.59,60,16.45,801.67,78461.66,0.68,17,37,0
4396.62,36,18.79,184.52,95627.46,21.38,10,41,1
25065.59,60,24.64,1139.72,233510.7,33.76,20,34,1
5439.7,36,12.7,185.29,119714.73,29.11,5,43,1
14463.7,36,19.25,541.1,103778.05,34.03,19,13,1
20789.07,60,12.19,482.75,75011.94,5.93,21,27,1
35094.68,36,22.09,558.06,225253.85,28.76,5,28,1
20248.32,60,22.16,514.41,240196.61,18.76,6,36,1
28388.09,60,23.05,1160.69,94414.53,12.93,20,42,0
39719.86,60,5.11,282.43,161830.29,14.23,15,8,0
6128.08,36,10.96,1273.39,240439.67,4.08,6,48,1
11714.53,60,7.68,1291.64,134880.4,27.88,7,45,1
16388.47,36,14.08,751.66,127792.34,25.28,20,31,0
17451.3,60,14.91,186.04,141369.68,6.1,3,15,0
17029.82,36,10.12,875.85,27629.11,21.77,10,25,1
36396.83,60,19.47,1236.77,89027.37,5.19,23,18,1
28847.27,60,10.4,455.53,180768.21,12.53,22,22,1
24708.3,36,22.08,1261.49,242347.8,1.76,12,28,1
13065.54,36,8.55,1025.07,150811.29,24.84,5,24,1
33127.82,36,12.34,1481.25,63809.44,0.5,23,45,1
38247.36,36,17.44,1242.33,118167.05,10.43,15,30,1
33026.73,36,17.11,326.21,132704.53,10.67,17,35,1
1061.04,36,6.56,690.04,55011.68,29.93,2,20,1
25819.65,36,21.93,182.16,95735.04,18.03,8,45,0
2994.28,36,16.96,132.42,122364.84,22.93,3,46,1
11046.68,36,22.4,1067.9,80237.5,9.96,14,43,1
3321.46,60,22.35,1372.01,101393.87,21.91,18,23,1
24548.02,60,15.92,1461.16,83536.2,5.97,18,11,0
27777.01,60,23.22,427.59,160948.95,39.69,3,20,1
5465.02,60,21.97,326.6,153078.6,20.68,12,28,0
15969.72,36,24.16,853.52,146889.91,35.18,20,10,1
18793.22,60,22.01,325.26,,4.23,20,44,0
15393.07,60,21.42,464.98,62218.26,23.62,11,20,0
5719.98,60,14.39,1260.72,45490.25,26.84,9,40,0
17338.96,36,9.24,1221.38,34554.62,31.56,18,43,1
30295.94,36,23.21,1345.76,76770.87,19.44,6,19,1
3769.3,60,19.45,738.9,64739.94,1.44,14,44,1
4127.02,60,10.63,859.21,186749.17,10.45,6,8,1
14836.08,60,11.82,1162.77,180053.97,11.22,24,6,1
37727.3,36,18.72,381.72,66308.01,12.74,24,18,1
27074.33,60,14.56,1239.95,58079.66,3.69,3,26,1
27468.13,60,6.63,55.81,53326.02,0.03,3,6,1
15114.88,36,7.83,1202.56,93611.49,20.79,19,24,0
24152.77,60,19.91,1170.58,87662.98,29.47,10,8,1
1395.12,60,11.57,473.62,26563.65,9.2,11,38,1
25807.75,60,15.15,1100.03,150610.21,27.75,10,22,0
36618.19,60,20.33,344.57,226547.24,29.24,15,24,0
24890.37,60,20.02,877.06,143937.03,16.45,2,30,1
35074.25,60,8.34,1059.86,34675.87,21.0,16,11,1
29234.95,60,6.97,1080.61,157896.72,12.56,2,23,1
5701.78,60,16.82,1474.91,131539.89,15.01,12,28,1
36195.68,36,19.83,297.55,228593.63,23.56,9,15,1
3591.31,60,7.98,736.77,103540.47,14.48,3,20,1
21824.73,60,12.44,1323.75,192955.87,20.04,24,5,1
6543.35,60,22.41,855.42,28841.26,29.75,2,40,0
1456.56,36,23.88,1318.29,185943.41,38.58,7,32,1
17459.34,60,14.08,668.07,29551.12,35.64,22,17,1
12506.59,36,6.59,1199.17,99284.51,36.58,11,15,0
19954.02,60,10.15,1308.97,238059.74,36.45,4,10,0
23510.8,36,9.66,1274.27,181737.1,9.66,20,34,1
2705.82,36,9.78,1310.91,,37.86,11,41,1
5797.13,36,14.88,352.75,134046.18,8.89,12,38,1
22787.05,60,16.66,675.31,159429.82,34.57,9,32,1
14383.53,60,7.45,286.62,139082.11,23.24,23,13,0
29437.77,36,22.79,295.4,130138.85,33.55,2,35,0
26439.37,60,17.4,747.11,152993.04,39.29,10,10,1
33978.57,36,16.95,1441.33,28946.85,35.03,8,10,0
28007.22,60,24.75,900.11,62707.31,32.66,2,40,1
17767.31,60,17.56,1285.15,69362.96,8.26,2,24,0
27245.7,36,23.58,1407.66,108055.25,34.4,13,44,1
11739.87,36,10.73,157.27,119947.68,6.63,2,36,1
12946.23,60,9.8,268.23,190135.17,20.51,13,36,1
31770.42,36,15.33,457.54,58074.22,20.09,17,9,1
18410.36,36,15.17,936.66,151075.27,20.75,2,42,1
32136.83,60,9.53,120.74,82626.5,28.93,7,41,1
33074.47,36,18.99,1186.38,138600.36,15.84,18,14,0
34444.93,60,5.59,123.77,164121.53,18.27,20,41,1
36748.77,60,18.81,262.89,153963.62,26.36,14,6,1
17808.42,36,14.14,591.11,69537.58,27.29,12,11,1
13435.81,36,18.78,849.85,183174.22,17.5,14,15,1
23705.75,36,14.54,1325.81,170371.21,2.09,3,5,0
15475.72,60,24.55,1446.68,234360.76,10.36,24,18,1
24441.89,36,11.69,1330.42,165854.94,37.76,21,25,1
28517.85,60,24.65,187.36,185674.61,37.1,16,10,0
27847.8,36,6.3,957.91,206536.36,25.99,6,30,1
15607.56,36,18.68,679.32,44380.99,7.41,8,21,1
7507.55,60,14.08,214.91,180156.88,3.83,12,30,1
17790.64,36,21.44,846.02,93273.45,37.98,19,11,0
6561.17,36,20.79,554.29,209324.22,34.93,5,5,1
35713.78,60,21.0,538.31,130441.52,15.92,13,19,1
14489.22,36,6.89,168.83,153541.65,25.18,10,35,1
7023.93,36,21.45,1468.91,79877.64,36.57,4,40,1
1992.46,60,9.28,1097.16,169629.98,5.53,23,10,0
26187.07,36,5.51,442.09,28199.35,25.45,21,23,0
25839.19,36,9.35,1378.69,192172.09,36.78,15,10,1
14283.56,60,14.59,1423.69,57558.04,33.46,19,34,1
3796.76,36,19.84,1221.25,72342.15,11.49,6,39,1
16975.53,36,9.37,999.19,20209.36,38.08,17,49,0
13137.48,36,7.26,583.27,92030.17,8.13,13,21,1
27407.7,60,17.92,668.49,109297.32,8.34,5,20,1
24625.39,36,24.68,698.87,73819.93,3.86,16,14,0
15219.16,60,17.02,1424.68,72948.39,4.72,24,40,1
9497.81,36,18.82,1147.4,225385.63,30.47,7,49,0
39533.4,36,16.22,459.26,95084.08,11.03,9,22,1
18706.06,36,20.65,948.22,186124.88,34.77,20,14,1
27842.7,36,24.52,903.03,74597.74,34.3,4,41,1
6481.57,36,15.88,1223.83,206079.48,4.66,16,8,1
19938.0,36,13.34,170.1,175880.66,21.29,17,12,1
2073.93,36,22.21,1060.87,193926.92,29.58,20,28,1
20712.75,36,24.39,516.82,121093.46,27.31,12,38,1
38596.68,36,7.58,220.56,222299.85,4.15,2,16,1
15984.06,60,16.56,1105.71,106022.86,12.87,11,28,0
2520.84,36,20.85,517.52,158205.86,24.48,9,46,1
2207.28,60,15.67,1103.28,167216.59,23.37,9,48,1
16131.48,60,13.18,268.78,239017.82,32.56,8,31,0
7240.97,36,18.1,1479.31,50940.22,2.24,17,42,1
1910.73,60,10.4,1211.01,,19.21,20,21,1
30492.33,60,11.98,455.05,126271.83,33.96,24,20,1
18882.4,60,24.85,1118.57,231111.39,39.75,17,45,1
12280.55,60,17.73,229.63,24987.57,5.14,15,31,1
36103.24,36,22.46,990.55,83543.39,25.84,24,39,1
5529.42,60,21.16,117.67,85224.85,0.05,8,30,0
38280.83,36,18.05,520.08,90139.1,13.98,5,10,1
13244.7,60,21.81,1468.34,25682.14,17.79,22,49,1
35647.74,60,10.74,207.75,209889.46,13.83,22,5,1
24514.77,60,17.74,908.21,22049.17,24.98,21,40,1
33241.59,36,16.81,133.79,129871.91,0.62,18,23,1
39376.51,36,17.45,1014.02,32962.58,36.33,19,38,0
12247.81,36,8.37,439.63,203688.13,12.74,19,10,1
38484.28,36,10.54,485.66,191714.74,6.01,15,9,0
16189.79,60,10.73,526.57,185952.1,17.33,22,43,1
16034.96,36,17.04,331.58,189340.94,20.56,4,35,1
14275.1,60,24.45,1414.24,236255.1,2.08,19,43,1
22114.9,36,24.08,1361.57,115866.51,31.96,6,46,1
7011.66,60,9.54,1308.92,218162.2,29.5,3,11,0
22594.75,60,11.1,186.47,62373.42,20.47,4,9,1
22126.49,36,5.72,373.16,123790.84,7.44,8,39,1
30714.17,60,12.98,929.97,22049.09,37.06,13,32,1
33512.35,60,21.69,1456.45,85352.27,31.77,10,31,1
18177.21,60,23.32,919.08,125376.68,9.35,24,10,1
12791.0,60,9.73,510.84,229136.66,29.44,21,44,1
11114.06,60,10.32,1231.58,92898.86,4.05,23,22,1
8590.33,36,9.42,229.08,174653.97,4.74,18,21,1
3248.26,36,12.0,1326.16,211812.37,17.78,2,5,0
14355.47,60,21.1,1462.77,95101.84,28.07,4,23,0
11539.66,60,17.94,1452.45,58922.49,36.69,22,9,1
38690.28,36,20.72,247.11,155974.65,38.84,7,14,1
22750.64,36,16.66,837.92,85408.29,27.68,11,14,1
14543.8,36,10.15,889.83,170063.99,31.33,9,28,1
23638.24,60,9.56,316.53,50981.24,20.42,2,6,1
6428.67,60,5.18,833.76,54866.81,2.24,2,15,0
18317.71,36,20.62,980.41,175462.31,5.01,11,8,0
25423.14,36,21.94,513.57,243918.67,38.83,21,27,1
20067.02,36,20.37,494.05,76786.15,15.72,20,11,1
16669.37,60,6.49,118.55,184199.95,30.87,2,19,1
39760.09,60,20.24,1436.53,142369.34,8.82,3,27,1
35332.28,60,5.92,1211.32,214083.55,21.32,24,39,1
25312.83,36,7.11,1146.39,109443.78,6.11,18,15,1
23205.72,60,13.81,62.02,243494.22,32.35,21,43,0
25205.76,36,14.52,947.73,38951.28,6.72,24,35,1
8851.17,36,21.32,295.52,246469.0,28.24,20,6,1
16410.37,36,18.59,1002.72,214634.58,6.04,20,14,0
2538.92,60,8.07,943.1,219285.37,32.75,7,9,1
19546.3,60,9.52,1282.33,213752.79,20.12,9,16,1
22177.96,60,10.71,405.49,218228.65,16.5,18,22,1
9882.24,60,7.47,70.37,207485.1,13.47,9,32,1
38597.13,60,10.75,1373.74,226888.94,27.51,3,12,1
36468.73,60,19.57,1365.69,125984.17,3.52,11,8,1
29163.59,36,9.83,700.11,236036.92,34.25,20,21,1
21802.08,36,21.71,144.79,108541.46,30.45,10,33,1
34928.8,60,14.39,762.01,187558.82,14.92,14,13,1
6095.44,60,11.46,800.3,183381.09,,3,18,1
31829.88,60,13.25,1237.94,208806.2,33.28,3,44,1
5868.01,36,19.19,1084.14,189828.01,10.83,2,13,1
31974.22,60,15.34,134.08,28137.29,35.51,3,42,1
11754.94,36,5.15,1066.85,190005.15,3.96,23,13,1
35206.53,60,23.45,229.54,25358.26,27.58,9,45,1
37817.64,36,6.32,161.52,142642.97,5.25,6,15,0
6803.04,36,23.77,615.95,212958.34,39.04,5,26,1
19044.35,60,5.56,143.72,210802.29,1.99,12,45,1
39258.51,36,20.42,1249.03,213501.99,9.31,21,49,1
19852.89,36,15.69,710.8,158554.44,21.21,16,31,1
34678.35,36,15.11,892.9,,23.36,4,34,1
23960.53,36,6.46,877.99,136834.97,20.52,4,10,1
15637.87,60,9.77,1467.82,138728.73,29.6,12,37,1
12145.56,36,20.55,1376.2,94696.58,0.06,5,26,0
8925.7,36,22.83,1278.22,117542.83,22.55,22,30,1
30710.13,36,15.58,593.41,220600.63,24.6,11,10,1
16075.08,60,12.07,243.3,139123.4,8.36,11,37,1
20939.74,60,6.2,900.04,182091.08,26.37,8,14,1
20200.69,36,18.64,677.26,134036.64,26.16,22,41,1
23513.88,60,10.57,361.52,162018.4,21.21,14,5,1
34757.51,60,6.1,173.61,41295.01,10.37,5,48,1
39248.83,60,18.32,671.06,234219.29,16.66,24,19,0
16895.78,60,14.71,986.78,120264.61,10.9,17,27,1
33273.24,60,5.24,949.32,192109.61,30.79,12,16,1
30816.58,60,7.22,1167.66,173433.26,24.74,19,22,1
23367.63,60,18.98,715.84,203832.6,6.05,24,20,1
38285.84,36,6.27,502.81,28020.77,22.7,17,31,1
8818.51,36,22.32,821.89,235130.93,36.13,16,32,1
5261.3,36,11.23,1463.26,210841.77,33.31,2,13,0
34304.52,60,6.77,96.28,211765.16,35.65,15,24,1
18126.84,36,20.2,807.14,127436.09,36.68,21,37,1
34031.79,60,15.49,514.02,203154.5,7.53,8,30,0
35830.52,60,11.13,184.86,152291.87,28.79,15,33,1
3435.85,36,13.12,668.97,135799.95,25.77,5,33,1
35455.13,36,5.43,972.51,200532.05,1.34,9,5,1
18484.44,36,18.25,806.4,164394.01,31.13,15,21,1
20906.87,36,12.32,72.89,37746.9,8.29,20,48,1
25437.11,60,19.28,881.3,92337.21,36.68,16,21,1
37128.92,36,17.56,371.04,163081.32,33.41,20,36,0
1745.53,36,18.03,531.97,227874.21,30.76,18,21,0
19596.9,60,20.86,488.94,234590.19,27.87,2,41,0
27821.16,60,17.62,1292.01,212949.67,18.8,2,16,0
29185.57,60,13.37,99.93,78491.88,31.91,17,15,1
28008.76,60,12.8,541.56,128877.83,32.77,20,32,1
6242.97,60,7.39,610.38,119679.79,3.94,17,25,1
12676.43,36,20.59,939.69,120897.62,13.24,22,6,1
14989.91,36,20.22,1189.78,31450.45,12.67,16,24,1
32373.05,60,9.93,1099.67,59936.75,4.98,5,24,1
11871.64,36,22.25,1136.35,55249.85,39.03,14,40,1
9217.49,60,16.78,312.81,161971.77,23.34,13,37,1
38340.47,36,14.57,1370.25,114713.62,23.59,20,21,1
1345.67,36,5.35,638.8,,15.3,23,21,1
39915.01,36,12.65,46.33,122098.17,30.75,20,23,1
27396.03,36,17.81,1012.1,94569.23,19.03,21,9,1
33310.3,36,6.79,917.88,194218.06,29.69,23,18,1
12490.16,60,14.19,215.16,58419.64,35.12,20,18,1
1558.3,36,24.87,1441.01,32910.99,26.28,11,43,1
29776.91,36,19.33,855.5,169662.25,24.93,12,20,1
33531.64,36,15.94,719.82,73033.2,31.48,7,8,1
29878.57,36,15.66,615.24,167971.48,20.12,3,14,1
6571.16,60,5.88,338.48,33464.61,32.47,11,28,1
30383.69,60,24.15,1430.63,76832.34,3.7,17,34,1
30987.99,60,23.56,1062.17,55393.29,9.68,21,35,1
26683.08,36,18.65,864.38,86854.86,36.98,17,28,1
30878.52,60,6.98,957.86,95636.71,6.85,7,31,1
33990.94,60,9.16,1265.42,133895.27,18.12,21,36,1
24930.56,60,8.68,964.51,139631.89,19.23,3,12,1
4455.58,60,15.39,198.45,164922.55,16.7,6,33,1
20017.48,36,9.16,1055.02,96279.99,34.68,2,20,1
4028.32,36,18.92,860.36,,29.99,10,9,1
16894.18,36,15.9,1450.53,247726.99,32.41,18,24,1
16877.15,36,5.35,1108.57,68447.03,39.65,8,19,1
3574.38,60,19.88,535.68,55122.34,38.99,11,19,1
14604.0,36,8.78,229.03,213789.74,35.68,6,24,0
5328.93,36,21.5,738.95,114384.09,22.63,4,13,1
32521.17,36,12.1,1028.65,214783.25,12.05,13,32,0
37959.83,60,11.77,290.6,117678.47,28.95,4,43,0
3820.34,60,5.24,984.68,24987.52,37.97,2,48,1
38249.49,60,24.75,1243.65,106220.8,39.61,7,11,1
21380.49,36,17.24,260.86,160330.06,24.53,22,27,1
12683.06,36,13.45,1067.5,122937.6,28.03,11,28,1
3997.62,36,6.93,130.34,125648.88,11.15,18,20,1
20524.35,36,18.98,41.69,249612.67,8.06,13,26,1
31986.11,60,10.65,77.97,145149.25,,7,27,1
28576.37,36,24.77,958.31,180296.14,9.01,18,23,1
2958.81,60,24.01,1460.84,185823.77,15.81,5,16,1
3843.17,60,19.71,1163.92,20039.39,19.7,10,30,1
16712.06,36,24.42,403.98,147066.02,37.31,9,37,1
12516.33,60,7.11,135.38,241502.94,39.1,7,45,0
10062.99,36,10.6,936.48,192689.25,9.88,6,43,0
11959.18,36,10.06,34.75,98298.31,5.28,3,6,1
32335.83,36,6.44,1195.1,103851.38,9.0,18,21,1
37239.89,36,24.44,387.39,89831.96,20.76,16,15,1
16799.01,60,6.2,469.85,164947.9,31.32,9,9,0
36338.33,60,22.13,535.65,42382.56,20.88,4,45,0
13538.33,36,20.36,1152.42,86700.1,37.33,21,12,1
19581.04,60,12.52,420.64,134589.33,25.5,9,45,1
9815.13,60,5.38,448.17,143099.93,19.35,4,24,1
25978.57,60,5.12,825.26,159703.76,30.81,20,31,1
39180.26,36,9.08,710.61,203361.75,,24,31,1
24536.23,36,14.88,1434.69,57544.38,13.33,6,34,1
14954.75,36,14.16,417.19,71753.5,11.0,12,38,1
26264.88,60,16.71,165.08,220631.94,8.53,7,46,0
5793.91,36,20.44,825.24,211166.55,21.43,13,28,1
35657.7,36,12.55,301.24,208961.27,18.73,23,16,1
20620.27,36,8.21,638.03,67981.63,9.89,12,33,1
18524.64,36,21.0,305.18,33399.03,28.87,2,13,1
23848.73,36,11.65,1325.03,140385.42,11.9,10,18,1
25366.57,36,10.74,511.35,220109.84,30.26,24,23,1
3799.26,60,20.29,1169.06,74628.88,33.56,2,45,1
27622.07,36,23.68,1424.45,227966.07,34.65,8,34,1
10435.34,60,23.3,1412.61,52552.48,5.86,4,15,1
28844.15,36,7.75,801.46,88562.13,12.24,13,26,1
33078.86,60,15.06,1475.39,88606.29,20.97,21,48,1
32354.38,60,6.86,994.23,54753.04,33.82,7,36,1
22547.54,60,24.22,218.88,220738.98,16.04,22,40,1
21286.63,36,9.3,1335.91,114895.69,26.39,4,41,1
6572.16,36,8.95,718.97,63851.21,18.18,7,9,1
31238.5,60,22.78,254.46,53866.18,1.18,23,23,1
11584.97,60,24.36,1193.39,116810.24,12.65,11,41,1
20371.12,36,18.95,947.87,23976.33,30.27,11,44,0
12086.69,36,7.42,1326.72,47842.9,29.21,4,24,1
6219.31,36,14.72,1246.16,20850.56,35.35,3,27,1
25552.75,60,21.33,500.56,25608.66,23.72,9,19,1
3118.95,60,16.45,406.78,249395.96,30.66,16,37,1
30197.16,60,7.65,1108.73,123244.52,16.61,4,7,1
13385.89,60,8.44,872.77,187652.7,13.99,17,48,1
1005.25,60,22.28,132.72,189528.57,13.59,21,24,1
20934.04,36,15.54,297.01,222493.72,6.36,6,9,1
2827.22,60,19.12,252.49,43861.53,17.51,22,40,1
11770.61,60,12.46,897.0,140904.68,32.43,2,26,1
28572.08,36,15.65,156.07,93995.45,0.49,14,21,1
3444.9,36,24.54,335.32,146150.94,23.0,21,43,1
33734.2,36,11.59,831.7,96387.49,6.92,3,21,1
1148.98,60,18.5,225.59,62241.33,29.77,9,10,1
10626.13,36,8.45,394.96,174750.26,5.61,7,20,1
29895.26,60,7.43,1362.98,28838.66,6.56,20,6,1
13334.54,36,20.67,1054.76,225938.67,1.7,9,19,1
4973.8,60,21.88,481.12,53641.05,17.71,15,10,1
15049.12,60,18.37,1319.71,161483.17,25.9,9,45,1
11545.34,36,8.16,397.92,193467.1,11.55,18,6,0
33865.76,60,9.81,895.95,36773.32,1.66,5,7,1
13220.57,36,23.22,571.69,227757.75,37.31,10,9,1
31768.37,60,10.77,1135.66,101920.75,34.42,2,30,1
35783.01,60,21.38,576.23,249247.08,18.51,15,26,1
17918.88,60,10.72,395.83,35819.84,32.93,8,41,1
36487.78,36,23.79,923.33,184857.88,32.05,5,14,1
15715.4,60,23.29,1125.65,56964.32,22.46,18,28,1
38599.06,36,5.87,818.45,112619.3,21.07,9,42,0
4482.29,60,20.41,1082.94,121938.87,26.04,18,19,1
27793.75,60,8.39,650.36,113415.61,28.89,7,42,1
20258.75,36,9.31,1199.31,97641.81,32.83,19,48,0
16118.3,36,14.2,889.99,196458.19,22.98,10,17,1
25675.76,60,16.53,318.49,208574.59,29.85,15,36,1
28450.43,60,11.52,1339.41,97191.26,7.43,14,46,1
1170.17,60,16.51,1260.13,131008.33,29.84,7,9,1
7511.17,60,8.41,1446.95,117004.34,2.33,19,48,1
28808.8,60,5.45,866.44,156508.88,26.34,10,17,1
26989.03,60,16.42,1023.34,54561.19,28.5,7,15,1
38675.85,36,15.35,1299.46,205307.54,38.7,9,38,1
30680.47,60,18.79,107.31,203312.93,16.87,6,38,1
38080.14,36,18.0,1370.94,155795.03,4.56,9,13,0
28399.08,60,22.95,428.61,191613.17,13.39,10,31,1
12624.04,60,14.19,113.85,247356.19,16.77,2,46,1
5109.23,36,5.17,379.28,,30.8,20,34,1
31491.13,60,17.61,891.95,160633.26,7.45,17,39,0
26121.82,60,18.5,100.34,137622.33,6.79,5,7,1
2879.25,36,15.43,31.12,142941.22,8.79,21,48,1
15041.97,60,18.79,969.86,127321.34,9.24,15,28,1
38315.19,36,11.47,696.48,,36.95,2,44,0
20515.64,60,7.98,1271.17,188368.51,6.41,4,33,1
17876.44,60,18.29,408.59,248187.98,16.52,8,16,1
18850.28,36,9.9,442.64,30422.29,16.13,15,41,1
9146.43,36,14.13,143.99,72943.27,5.1,2,24,1
15379.58,60,14.83,821.61,68347.76,4.36,12,6,0
15422.72,36,14.54,567.88,211556.92,36.39,4,12,1
3041.85,36,16.97,529.37,116536.49,33.45,21,20,0
30935.14,36,5.59,702.72,140780.42,37.33,13,31,1
17243.67,60,24.79,1279.04,127905.04,12.68,10,37,1
33065.02,36,19.33,184.63,216346.7,21.06,15,28,1
34163.57,36,13.51,799.68,134935.55,10.23,10,46,0
9267.77,36,8.83,318.76,173604.58,15.68,21,17,0
26636.79,36,6.6,342.22,24481.21,31.77,9,27,0
19418.99,36,18.44,407.4,170064.52,19.05,21,32,0
35326.11,60,11.34,705.32,75418.89,4.38,18,16,1
9413.89,60,9.59,756.77,219379.78,0.13,5,6,1
27434.71,60,12.6,1311.12,192857.46,9.45,12,17,1
24702.33,60,16.86,1341.4,45135.99,7.33,2,18,0
12516.76,60,18.43,892.4,,31.76,15,47,1
6327.44,36,17.9,443.66,87389.61,26.67,14,30,1
26413.95,36,22.27,1233.1,48925.63,33.53,7,26,1
29805.3,60,9.38,1195.54,190275.42,16.75,3,38,1
13309.47,36,17.73,1202.99,246967.79,23.35,10,5,1
26148.47,36,7.02,54.06,170709.05,16.69,9,48,0
16410.11,36,15.96,1138.18,77280.74,8.85,16,8,1
28815.07,60,16.68,1283.5,149782.65,25.24,23,20,1
8769.4,36,9.32,919.4,205299.3,15.54,15,13,1
35718.39,36,12.83,1134.33,,9.97,5,42,1
12208.97,60,21.54,1170.97,,37.54,15,48,0
15343.65,60,7.97,774.68,140448.77,,4,35,1
3265.59,36,13.69,1226.02,124239.28,31.07,13,26,1
5348.98,36,23.65,1194.67,115333.33,21.98,22,6,0
21118.61,60,15.08,1376.67,135882.67,30.52,7,10,1
11436.11,60,19.5,1384.42,112806.39,3.59,23,19,1
33583.73,36,21.54,808.68,99123.57,15.62,18,22,1
1573.04,36,9.08,76.3,46405.79,31.84,22,44,1
15784.67,60,9.36,58.09,134964.49,32.6,12,12,0
14156.48,36,20.17,1410.22,208841.83,31.56,16,32,1
1753.78,60,20.07,525.92,,29.77,15,31,1
5850.37,60,6.2,584.97,189853.01,15.06,15,31,1
17132.06,60,11.45,720.76,81586.21,28.65,9,31,1
20221.72,36,12.97,420.72,107685.96,4.38,2,14,1
16767.3,36,21.58,897.91,247259.48,6.5,4,48,1
21706.57,60,13.44,1183.39,175298.63,21.6,17,38,1
24210.14,60,23.52,408.29,185395.83,21.98,19,36,1
1387.03,60,24.93,1122.3,158549.92,18.87,24,16,1
19099.71,60,20.61,1017.87,94143.6,29.4,23,30,1
38576.47,36,18.33,802.61,175276.65,22.55,3,31,1
21242.26,60,12.84,508.4,125171.71,2.63,21,16,0
27424.15,60,6.34,1312.98,211379.04,35.49,17,41,1
13162.69,60,16.46,622.11,151343.15,25.12,7,35,0
31185.66,36,12.23,580.75,197384.28,35.82,21,37,0
31143.94,60,12.02,972.82,,17.18,7,5,1
21330.55,60,18.75,1382.89,208857.52,0.07,6,17,1
39064.54,60,14.27,776.79,112484.67,30.51,18,34,1
5896.46,60,20.04,1092.36,104814.01,22.64,13,26,1
1660.96,60,12.96,701.62,219885.54,0.79,16,14,1
31036.17,36,8.02,351.65,52913.04,22.9,6,19,1
32479.07,36,14.23,212.21,84262.87,37.24,9,11,1
5688.08,36,24.02,230.4,47832.19,8.35,4,6,1
11357.73,60,21.03,61.35,29681.01,11.27,16,6,1
1684.54,60,9.11,842.77,161648.04,25.98,15,24,0
12439.04,36,12.83,222.73,227179.53,32.84,24,11,1
31152.53,60,23.56,1302.58,49765.68,25.67,17,33,1
21200.46,36,7.47,1474.86,203013.08,26.87,13,9,0
14575.73,60,10.08,758.93,107248.18,13.07,7,8,1
15497.83,36,10.24,691.02,162171.95,0.4,21,44,1
1052.79,36,16.42,541.67,,33.59,2,18,1
12692.22,60,13.21,967.9,183318.31,39.81,11,49,1
26211.89,60,6.6,923.8,51441.91,34.66,18,5,1
38993.58,36,17.58,534.77,46538.74,15.9,16,20,1
34035.37,36,6.98,534.45,232564.48,14.07,16,28,1
1920.2,60,17.13,977.86,38278.36,38.39,10,28,0
36043.86,36,15.14,845.18,70231.93,39.54,8,6,1
31544.74,60,14.87,1086.28,120819.91,24.49,2,18,1
31434.67,36,6.35,1413.85,208832.55,20.58,19,8,1
18861.83,60,17.78,1176.0,158603.97,20.65,22,19,1
16522.21,60,13.63,477.39,151372.18,8.07,23,6,1
12813.71,60,13.22,1145.91,179149.61,29.13,11,29,1
3562.1,36,16.93,691.54,204496.46,6.84,24,40,1
9901.18,60,17.12,1173.15,73480.17,8.38,24,37,1
10617.54,60,5.3,1333.26,24347.32,26.97,18,6,1
19879.01,60,7.5,397.41,49255.35,34.77,6,31,1
30150.33,36,9.73,380.81,57987.71,26.64,15,13,1
19478.58,60,18.56,665.96,29205.3,19.0,14,5,1
3255.93,60,16.53,105.75,191929.15,27.81,9,47,1
38353.8,60,20.15,1037.96,223532.68,18.2,6,14,1
37766.25,60,19.81,1132.06,183449.47,26.17,13,19,1
31622.39,60,22.06,537.78,63383.34,31.21,13,43,1
39661.79,36,12.54,713.97,159482.3,0.59,14,11,0
22234.81,60,11.9,897.82,139738.85,8.76,21,49,1
38547.97,60,21.62,138.19,208591.59,28.12,17,5,1
3948.6,36,9.75,1075.61,236728.71,16.06,21,19,1
15261.55,36,14.22,804.25,190875.02,20.89,5,5,1
9789.87,36,8.89,947.67,137883.88,27.4,4,10,1
8637.49,36,23.28,1094.03,137541.1,21.06,24,25,1
6491.32,60,13.16,1023.07,205790.98,33.48,22,30,1
25274.13,36,9.25,170.12,48178.3,15.17,2,11,1
31471.55,60,18.84,1180.41,55262.17,27.67,21,34,1
23553.64,36,9.89,926.77,99007.93,17.02,13,37,1
6731.55,36,23.87,1080.87,191841.97,21.17,23,21,1
32633.83,60,12.35,414.41,35174.64,4.55,12,43,1
25802.23,36,18.29,355.5,99194.44,33.26,2,41,1
16138.46,36,11.9,1244.36,93264.3,12.8,6,43,1
27291.08,60,21.14,603.87,131719.65,12.05,16,48,0
11136.29,36,22.94,875.76,126654.8,3.55,10,13,0
14462.5,36,20.76,840.85,184313.19,20.26,14,47,1
36781.95,36,21.97,890.2,163879.05,16.72,23,8,1
12329.68,60,7.04,132.17,227637.1,3.96,15,48,0
19329.54,60,23.48,474.64,61550.98,30.06,14,21,1
35715.5,60,17.49,127.73,119378.62,2.66,21,8,1
28601.13,60,22.38,735.84,112021.99,5.8,11,48,1
3425.93,60,18.69,1356.09,45879.25,18.43,24,45,1
6744.82,36,9.04,602.09,57910.36,14.31,21,5,1
1305.82,60,17.19,1180.2,97425.04,11.02,20,14,1
25605.95,36,6.82,452.25,189004.53,22.56,4,49,0
18459.26,60,18.91,1288.71,54537.08,20.97,10,25,1
6236.72,36,13.18,646.67,81023.23,17.3,9,36,0
38359.43,60,8.03,552.17,175576.68,31.05,22,34,1
21656.73,60,24.58,1055.3,157230.43,19.93,4,15,1
10433.84,36,23.02,783.75,44010.59,39.15,14,24,1
20523.54,36,22.87,525.86,237052.16,32.07,11,44,1
27505.19,36,20.78,115.4,54046.65,4.26,13,32,1
3973.33,36,18.84,274.96,34123.66,10.96,5,13,1
11713.45,60,18.1,1165.32,89978.29,21.44,20,24,0
32471.65,36,7.12,1383.48,26087.54,18.76,17,10,0
18926.93,36,23.01,278.19,27066.47,1.88,6,29,1
22316.51,60,22.62,867.08,153108.4,21.13,10,41,1
17879.82,36,19.96,80.24,225378.68,24.21,23,11,1
2712.1,36,23.55,457.54,112585.21,18.53,8,12,1
7464.24,36,16.06,689.72,89492.77,34.65,15,40,1
18376.12,60,13.95,1111.74,230364.27,22.26,16,11,1
9158.23,36,24.36,94.84,34136.1,31.46,11,24,1
2949.18,60,14.28,1178.41,128861.89,23.47,23,9,1
33902.34,36,17.83,327.89,78098.54,36.37,20,41,1
39266.51,60,12.46,1146.51,107793.56,8.57,20,5,1
31932.57,60,17.73,949.44,114482.6,33.27,19,11,1
34297.61,36,19.4,529.18,145381.65,17.92,11,27,1
10437.11,36,17.49,1093.91,124247.72,27.9,18,41,0
38464.45,36,15.29,377.39,247251.37,22.64,13,32,1
8680.1,36,11.0,353.0,25867.57,4.35,10,41,1
38105.76,36,17.88,120.76,194261.54,17.46,13,10,1
39797.95,36,23.17,607.82,31728.92,26.96,19,47,1
28757.19,60,5.14,173.63,119146.17,35.94,21,31,1
39264.61,60,7.68,646.67,66424.77,8.74,20,12,1
23212.05,36,7.4,44.41,237419.53,14.21,21,38,1
11122.13,60,23.46,257.97,186172.79,14.42,21,41,0
18042.84,36,18.25,1400.59,126454.85,20.97,11,45,1
24148.88,36,24.04,1199.48,239015.69,34.52,6,30,1
3850.18,60,16.66,377.16,185897.76,15.82,2,9,1
25271.39,36,14.23,1085.89,238946.29,5.87,8,24,1
39265.94,60,20.85,1012.67,182052.22,20.26,16,8,1
8414.2,36,8.22,290.08,37873.49,1.51,23,23,1
31911.21,60,12.63,575.46,161750.24,13.78,17,9,0
36408.05,36,14.33,1373.15,245480.43,20.57,12,41,0
37804.36,60,10.97,1115.92,69261.88,20.71,6,5,1
38445.29,60,12.43,1147.71,202330.13,32.78,3,46,1
21336.93,36,6.56,858.91,62465.37,32.04,5,14,0
39115.01,36,8.96,1008.34,124014.55,11.31,15,12,1
30535.1,60,11.71,777.85,39472.66,12.04,10,15,1
7305.19,36,20.92,1119.11,98334.81,39.27,11,9,1
19599.1,36,8.65,1107.11,198532.09,15.66,16,21,1
29014.92,36,11.93,75.69,30411.65,5.71,5,28,0
10646.27,36,6.3,958.71,93645.23,26.28,10,48,1
25983.99,36,16.14,955.83,164843.03,9.74,23,46,1
26997.42,36,17.23,128.96,238168.21,24.14,14,48,1
7345.29,60,22.31,633.26,76430.91,32.85,5,10,1
23038.33,60,21.38,1351.22,59824.5,,23,30,1
31093.45,36,10.71,1431.56,66844.25,,22,7,1
20456.93,60,7.74,1179.85,74466.01,15.32,24,47,1
1472.02,36,8.12,252.66,166813.96,39.98,22,21,1
1352.5,60,24.38,580.84,249693.61,28.47,9,40,1
14924.14,36,18.46,298.35,140425.99,3.29,18,12,1
37121.57,36,5.85,988.64,82429.08,9.14,11,13,0
9918.39,36,7.74,1166.52,191800.75,6.29,21,48,1
25740.18,60,14.72,1329.14,56397.88,0.61,5,27,1
9660.96,36,9.16,1295.15,26903.26,12.63,19,24,1
13545.13,36,21.07,175.84,159210.94,12.98,10,41,1
34073.64,60,16.46,214.74,68367.98,9.4,8,19,1
29425.6,60,17.25,1367.22,111824.57,22.12,2,18,1
4720.57,36,14.26,1270.36,73161.43,8.74,24,26,1
17719.38,60,10.12,706.76,231154.2,37.64,23,47,0
2137.62,60,16.79,662.18,97737.39,29.3,2,47,1
19754.72,36,19.34,842.62,123286.9,4.86,23,19,1
26834.93,36,12.42,907.05,74013.88,10.75,15,48,1
5621.6,36,15.1,403.7,39515.73,39.3,19,41,1
12266.51,36,21.79,623.5,137888.02,8.01,5,16,1
16515.63,60,7.97,940.95,219806.35,4.68,9,25,1
36861.71,36,15.9,333.21,100886.78,9.29,8,44,0
39736.95,36,11.97,1498.28,199622.78,28.55,21,12,1
2751.54,36,19.06,445.92,27500.83,20.71,17,26,1
30679.31,60,5.38,842.05,74166.99,2.7,9,44,1
15497.24,36,18.41,844.61,50243.93,14.47,10,11,0
16305.87,36,7.06,693.68,112662.95,3.46,7,42,1
30416.33,36,6.3,385.07,,11.63,7,8,1
36818.63,60,19.49,861.07,105907.74,6.84,2,10,1
38086.22,36,17.81,163.79,158764.43,8.82,20,34,1
23507.78,36,22.9,598.78,226572.69,31.13,7,5,1
14927.73,36,15.39,359.65,102750.91,31.34,24,28,0
31714.41,36,15.6,212.54,104123.79,29.3,23,36,1
10789.05,60,19.14,1390.46,40236.1,27.53,5,26,1
22998.89,60,11.47,1058.92,100281.42,9.81,16,17,1
14984.56,36,5.74,278.18,191616.77,17.63,21,48,1
26608.61,60,9.6,1425.61,214264.76,18.4,24,41,1
10375.56,60,9.76,347.51,186232.62,21.39,24,32,1
8472.12,36,11.71,376.35,21592.83,34.25,16,7,1
36811.32,36,23.87,225.91,46904.66,35.55,2,10,0
4970.34,60,21.1,1099.94,188125.86,8.64,8,6,1
20732.36,36,23.72,869.19,236751.23,17.28,2,39,1
9613.26,36,24.97,115.63,179933.06,5.92,5,25,1
2518.27,36,13.68,67.19,72003.76,25.93,18,25,1
2404.73,36,9.54,813.01,44738.42,22.88,6,35,0
7833.65,60,16.2,987.75,221713.75,34.03,14,18,1
34804.04,36,22.62,1239.62,42777.02,20.76,15,12,1
12016.67,60,14.31,733.06,54738.5,31.24,5,32,1
38067.91,36,15.11,1024.5,157239.33,12.72,10,46,1
23683.27,36,7.69,1108.47,63699.33,27.77,5,36,1
18027.95,60,13.41,931.19,72346.47,1.61,3,20,1
23623.46,60,12.74,547.76,52719.47,6.06,12,49,1
21151.24,60,12.03,223.89,237195.03,17.88,23,41,1
30592.27,60,22.75,981.88,48732.79,35.48,24,35,1
12017.35,36,6.19,1159.98,234206.37,35.4,20,42,0
14768.97,36,24.44,309.05,95025.3,23.95,19,15,0
35869.68,60,5.16,757.45,208958.68,5.2,16,5,1
37911.8,36,23.91,613.95,238499.44,27.24,8,5,0
35809.77,36,15.96,332.38,139429.28,7.08,23,43,1
17358.47,36,19.05,390.61,197139.59,14.02,4,31,1
31434.25,60,8.74,379.38,81182.41,12.57,19,21,1
19577.09,60,18.08,645.83,108081.76,35.38,14,19,1
20404.05,60,22.64,603.98,147186.95,27.74,7,19,1
8982.52,60,7.79,844.64,215606.07,2.84,22,6,0
24054.08,60,7.54,167.02,162769.75,33.74,13,18,1
8259.3,60,11.08,884.44,25082.73,17.22,3,28,1
13931.02,60,8.23,62.11,90100.45,30.19,11,42,1
34346.18,36,7.21,408.34,218943.52,31.07,4,41,0
9075.96,36,18.57,768.14,75254.47,39.95,9,28,1
3775.17,60,9.28,1039.8,104623.48,13.88,4,36,0
3691.3,36,18.34,1163.76,109611.39,34.58,4,26,1
37690.6,36,22.24,82.28,,11.47,9,16,1
20769.9,60,18.04,820.11,100456.77,39.82,14,15,1
16967.07,36,7.39,551.02,208006.77,16.41,17,33,1
32624.26,36,16.47,1051.52,215291.59,26.41,12,7,1
33597.21,60,12.87,447.16,153606.44,39.78,17,8,1
13955.45,60,11.87,1123.27,176110.11,8.02,10,23,0
28051.1,36,11.37,915.29,142951.72,24.96,14,39,1
31073.79,60,23.59,1190.82,30182.69,39.94,23,16,1
26531.38,60,19.85,1477.06,180237.52,37.76,14,14,1
6912.21,36,7.68,1365.62,249206.7,8.83,5,14,1
35159.44,60,14.52,902.14,72399.36,3.95,15,14,1
22024.69,36,11.36,1343.83,245894.78,17.04,20,21,0
12016.42,60,24.56,255.04,249487.93,30.53,20,27,1
17583.9,36,24.56,93.26,52548.36,31.59,23,19,1
2465.27,60,11.39,813.71,233011.09,24.3,3,17,1
5986.81,36,12.04,1462.32,175372.51,24.6,9,19,0
30856.32,60,16.99,1073.31,127265.52,4.83,7,12,1
1000.45,36,14.59,478.56,99271.97,17.65,14,11,1
17246.07,60,9.26,1013.09,164854.37,23.05,7,20,1
21377.9,36,18.21,88.66,213840.94,,7,42,1
3130.74,60,11.68,721.81,27843.54,3.67,23,29,1
38950.05,36,18.07,378.77,143156.32,27.63,24,5,1
9818.89,36,12.67,102.32,169560.72,37.65,18,45,1
12863.75,60,19.0,397.37,25888.76,31.45,20,33,1
12853.76,60,18.36,1092.02,224487.85,24.96,6,7,1
9986.25,36,15.18,840.25,238911.68,3.89,13,32,1
1057.48,60,19.09,64.45,160873.0,31.77,3,27,1
29444.45,36,14.22,632.31,46910.25,26.52,4,19,1
38706.97,36,7.32,1135.69,,21.95,11,36,1
9747.45,36,8.64,1433.27,205151.63,32.09,12,29,1
26858.84,36,9.92,1315.31,26566.09,26.98,20,24,1
29933.96,36,6.26,32.23,153206.25,18.79,19,12,1
34088.59,36,19.23,351.49,46343.58,9.38,18,26,1
17482.54,60,12.35,335.37,,20.17,23,29,0
12814.31,36,6.87,637.25,64277.29,6.16,5,41,1
13686.51,36,21.4,979.26,111123.35,2.41,24,14,1
28792.23,36,18.67,255.01,221568.06,9.36,16,20,1
32854.4,36,14.04,1376.05,27147.34,14.68,22,7,0
8082.94,36,9.95,1172.36,178518.52,25.87,8,31,0
15466.7,60,8.03,646.42,241846.68,19.97,12,35,1
36175.67,60,14.17,888.47,167483.69,29.41,23,22,1
32461.05,36,22.7,826.45,207589.16,29.5,17,23,0
39409.48,36,8.77,885.88,227407.63,28.24,10,6,1
30415.68,36,16.37,1294.37,184403.5,21.9,9,25,1
16334.61,60,24.23,324.18,171763.84,26.52,23,19,1
24034.88,60,17.74,1035.06,24132.35,39.1,12,49,1
26779.56,36,13.8,187.34,139344.49,28.23,14,15,1
4059.78,60,19.33,704.97,127921.93,29.7,6,11,1
22235.38,36,21.49,964.68,140222.29,11.65,16,48,1
28663.51,36,16.81,48.38,119470.49,19.12,2,19,1
7525.53,60,22.44,188.86,228508.23,17.41,9,37,1
31444.64,60,15.29,164.16,224476.92,14.14,22,39,0
23767.14,60,21.6,580.8,48910.67,18.38,21,42,1
38136.65,60,24.04,944.35,142565.34,23.92,7,15,0
2654.47,60,15.02,1494.07,240698.57,24.97,24,5,1
11347.72,36,17.1,403.5,157692.76,33.58,14,25,1
24460.6,60,17.19,229.86,204383.74,26.25,10,34,1
12565.84,36,20.63,639.7,105872.81,34.77,9,31,1
28862.54,60,21.46,244.58,106767.27,26.26,4,22,1
30601.21,36,5.54,66.08,94908.08,14.0,23,37,1
4998.12,60,19.67,859.02,25024.46,25.23,24,5,1
21040.32,60,20.68,1322.97,232715.87,29.16,22,24,1
20846.73,36,19.01,1295.45,100417.59,27.43,7,33,1
15401.95,60,19.27,178.16,104430.23,34.0,24,17,1
37384.07,36,5.83,246.79,194695.9,36.22,23,47,1
33272.75,60,13.84,751.95,141185.42,13.41,5,43,0
28191.17,36,21.36,570.54,103269.7,3.16,12,43,0
28858.74,36,23.68,1063.52,223232.01,26.26,7,38,1
19006.93,60,9.59,757.56,209837.22,4.41,11,27,0
36918.79,60,16.58,59.57,244664.36,35.36,17,17,1
28089.22,60,21.09,448.31,167434.98,32.89,11,6,1
29430.26,60,20.05,1355.19,178722.22,28.54,24,32,1
34605.95,60,17.38,781.92,94634.89,37.05,21,8,0
11688.79,36,5.37,1202.98,42903.4,35.49,4,43,1
32475.77,60,19.48,621.38,44360.85,36.92,20,36,1
8614.38,60,20.46,1025.14,168566.31,29.42,19,46,1
14468.34,36,19.46,278.43,46052.48,14.74,17,15,1
14088.81,36,20.32,1112.7,,1.91,24,36,1
39162.49,60,13.62,1186.27,181889.79,2.46,20,29,0
34404.95,36,24.88,162.51,72027.55,31.73,5,9,1
28345.62,60,20.42,299.47,84218.68,7.66,6,19,1
29355.21,36,16.57,710.45,183293.96,12.52,16,41,1
22920.84,36,23.68,967.03,209547.59,23.44,11,34,1
37936.54,36,23.16,967.11,213068.9,5.24,2,8,1
20354.09,60,21.29,1012.26,158236.25,39.41,2,8,0
15840.19,36,16.27,1080.19,55703.36,32.68,7,12,1
7358.38,60,15.54,773.48,208222.69,23.39,3,18,1
31662.02,60,11.57,875.04,202078.01,36.34,19,21,0
29643.31,60,10.02,42.36,212132.24,19.74,10,15,1
15989.85,36,15.25,274.9,56262.67,35.88,14,10,1
1982.54,60,16.56,762.89,177402.28,33.04,4,35,1
33720.9,36,9.89,1126.02,240856.1,0.56,12,16,1
1445.3,36,23.45,1219.12,78894.16,31.87,3,45,1
28444.29,60,16.15,1101.55,184847.45,31.36,18,42,1
38840.03,60,15.53,745.01,79551.01,12.7,17,31,1
18068.79,60,13.71,443.48,90632.17,19.72,20,9,0
10163.96,60,6.16,683.73,131611.66,5.53,7,33,1
28489.97,60,22.65,43.66,225839.43,26.66,24,34,1
32868.0,36,11.34,909.0,28892.22,26.98,19,17,1
22310.78,36,17.85,139.61,247617.5,39.26,14,17,1
38714.38,60,17.15,243.72,197577.74,28.91,3,33,1
3015.08,60,16.69,950.19,102749.15,17.89,2,49,1
20687.03,60,15.51,49.62,101456.85,7.21,24,9,1
29019.7,36,8.63,873.13,131085.68,31.51,11,18,1
34642.98,36,10.61,968.42,221360.07,14.15,20,26,0
7990.97,60,15.48,1188.76,24120.99,37.75,9,21,1
32200.14,60,20.79,130.0,146097.42,11.08,11,23,1
22555.58,36,13.64,34.31,32899.88,7.86,5,49,0
16465.59,36,9.08,1157.28,46588.17,24.82,5,45,0
6136.89,60,6.76,456.38,178853.15,36.63,16,40,1
34746.53,60,18.26,1334.19,73891.04,5.64,13,16,1
7133.66,36,13.47,301.9,29566.81,1.65,20,29,1
13081.73,36,7.51,890.69,57774.57,38.7,4,27,1
12311.78,36,18.49,190.83,67986.76,5.47,23,21,1
34985.15,36,9.15,621.95,197049.86,,6,39,1
27235.42,36,15.18,1326.63,163732.55,7.96,13,43,1
32070.57,60,11.12,924.27,189078.52,6.71,2,28,0
10768.25,60,23.63,1043.74,105059.12,6.24,22,42,1
25370.09,36,9.57,362.18,46020.54,28.4,5,44,1
23298.09,36,13.4,1386.44,205216.72,30.38,6,16,1
33480.38,36,24.19,946.52,52293.57,4.79,3,47,0
36337.4,36,11.37,185.65,108016.81,5.46,4,42,1
1474.11,60,17.89,52.86,80324.0,37.37,16,18,1
27286.78,60,11.33,53.41,88203.02,23.55,3,18,1
3021.6,60,7.21,105.28,158427.03,31.25,6,14,0
22405.49,60,17.55,1370.08,57801.0,3.22,24,5,1
12217.68,36,23.32,556.82,122550.99,2.1,18,27,1
12964.29,36,14.05,468.4,166898.33,15.85,15,32,1
14765.38,60,17.52,642.32,219850.04,22.21,22,11,1
25230.41,36,17.18,632.07,105382.33,14.9,12,36,1
14027.95,60,13.3,380.59,93299.11,28.54,9,47,1
29575.26,36,17.3,164.99,104604.86,26.78,13,15,1
16776.57,36,10.19,189.68,135183.33,17.87,22,13,1
3665.77,60,12.56,910.81,,3.18,19,28,1
31566.63,36,13.85,613.35,77603.97,23.82,5,44,0
12144.57,36,22.28,1356.61,106319.71,9.68,9,8,1
17877.91,36,11.97,711.69,198900.73,15.43,2,21,0
27732.31,60,17.7,770.13,78147.4,0.58,6,25,1
13965.79,36,9.27,1394.52,214264.82,20.84,9,29,1
3206.84,36,10.05,767.41,85574.5,27.96,9,37,1
15582.92,36,17.97,767.91,158707.69,23.1,11,7,1
37833.49,60,20.25,563.85,243324.54,30.06,11,8,1
26027.64,36,14.24,1074.31,238912.36,39.98,8,47,0
27187.69,36,11.7,606.57,119965.59,25.3,18,17,1
25659.0,60,23.21,894.83,35528.63,8.84,23,33,1
8760.69,36,7.72,687.67,,22.89,8,40,1
17315.02,36,19.41,807.25,49190.68,9.8,6,10,1
30286.65,36,18.8,1245.73,232416.32,13.21,3,39,1
4953.54,60,18.8,638.19,188505.04,14.08,17,18,1
11836.26,36,23.71,368.21,234875.0,20.8,5,5,1
11776.45,36,19.56,868.37,173040.12,20.95,22,11,0
17848.74,60,11.03,1408.14,248875.92,26.69,21,35,1
39234.38,60,12.07,1049.02,127410.39,17.51,6,42,1
3632.6,36,12.82,483.29,95812.95,7.51,14,45,1
21229.34,36,5.62,1445.6,110461.75,19.64,20,48,1
7995.22,36,23.27,533.79,100566.45,31.86,8,24,1
38856.39,60,6.47,1475.38,112183.38,28.11,20,33,1
5418.84,36,19.0,312.22,223596.48,4.61,5,31,1
16740.44,60,19.6,1499.48,156174.06,37.93,16,26,1
29777.51,36,21.87,141.58,186910.52,12.23,22,19,1
28477.62,60,16.07,1078.46,86210.85,23.46,23,7,0
17486.42,60,19.51,1118.45,247670.26,1.28,22,17,0
14514.44,60,11.05,1028.97,84568.99,36.38,24,35,1
16506.88,36,19.91,1173.08,56575.78,27.34,19,15,0
11306.77,60,11.87,723.59,198984.75,11.04,8,35,1
9007.98,60,23.06,109.55,212987.33,27.33,16,39,1
19838.55,36,8.27,555.9,110572.91,11.7,22,34,0
11472.82,60,11.32,974.2,144446.51,10.39,10,40,1
12211.0,60,14.98,979.98,115249.44,17.88,13,27,1
26613.49,36,20.52,316.93,87602.05,24.0,8,19,1
38772.96,60,19.98,401.92,207076.72,8.37,14,42,1
24541.85,36,9.21,745.45,194118.59,29.72,8,44,0
4002.2,36,7.88,1101.06,131625.58,23.12,20,42,1
3947.76,36,11.08,1283.61,124776.71,0.3,23,7,0
38105.51,60,14.68,157.13,61437.65,21.98,15,27,1
12594.34,36,15.78,1390.66,166572.87,16.84,12,25,0
4590.61,60,13.58,1393.77,232445.88,26.77,11,9,1
24362.74,60,18.26,41.66,185334.1,35.91,7,29,0
25322.3,60,13.55,774.42,136442.21,10.51,4,14,1
26291.69,60,23.93,893.1,,26.95,18,16,1
11428.68,36,10.22,843.96,233965.05,6.07,12,36,1
1589.32,36,17.55,935.18,90850.2,3.42,5,26,1
38635.6,60,17.23,769.93,88989.08,37.27,10,35,1
10784.83,60,10.63,461.9,128007.09,34.49,10,38,0
27365.03,36,13.23,170.69,118708.16,20.06,4,34,1
28558.56,36,12.31,336.32,241340.38,5.53,9,22,1
24790.29,36,8.45,1118.18,57951.71,10.53,4,15,1
13203.39,60,14.55,384.36,178498.1,22.7,12,39,1
11572.75,36,12.73,1249.67,44555.54,26.07,20,32,1
24309.06,36,8.57,623.13,83686.44,27.62,23,22,1
34777.73,36,14.0,639.28,186091.55,29.91,7,5,0
37922.62,60,13.44,1306.69,204929.99,8.39,11,38,1
5130.33,36,7.63,345.0,127852.64,11.85,3,6,1
7038.32,36,7.62,308.74,201549.37,0.5,8,9,1
37844.71,36,17.95,1478.55,235079.22,2.96,24,11,1
29724.87,60,19.13,824.69,235231.11,12.38,20,22,1
35436.76,60,23.82,310.07,98769.12,7.43,13,26,0
8902.67,36,6.74,273.73,91792.16,19.7,8,33,1
23915.85,60,7.36,1296.65,187082.27,33.95,24,32,1
28344.44,60,6.04,911.77,170441.74,28.92,10,43,1
27524.36,36,15.64,199.11,110220.97,30.18,2,25,1
16917.92,60,17.45,1333.75,72594.86,24.01,4,18,1
1600.4,36,13.07,682.54,162239.33,28.02,10,29,0
23734.12,60,20.96,1484.36,118954.97,7.2,14,5,1
10870.96,60,18.73,444.19,50386.09,22.1,2,25,1
18559.92,36,24.72,807.36,167027.21,22.82,19,36,1
38345.66,36,7.76,284.46,180465.11,25.15,23,34,0
16562.38,36,6.17,676.37,103773.36,31.17,19,47,0
33752.26,60,10.5,289.51,211349.51,37.76,3,12,1
8353.08,60,5.38,481.63,36944.81,28.47,22,42,1
27225.96,60,23.65,426.7,134059.25,36.9,14,40,1
39103.27,60,11.08,446.15,239956.93,22.0,9,8,1
4973.83,36,16.05,1455.64,63806.52,11.57,20,28,1
1324.48,36,11.36,86.52,59634.58,26.34,21,13,0
17909.73,36,9.92,760.39,107100.24,39.24,22,5,0
4612.39,36,8.05,954.99,81659.33,28.39,19,31,1
30186.99,36,11.41,1001.32,70952.68,38.76,16,37,0
36667.4,60,17.31,1139.18,238463.9,0.9,19,33,1
17926.82,60,24.43,1148.62,99314.99,10.33,6,40,1
11089.75,36,16.16,1434.59,33762.76,10.94,10,46,1
17941.73,60,15.65,1140.83,226949.79,17.07,17,9,1
29214.46,60,5.71,1240.82,123096.59,1.23,21,33,0
1353.11,60,21.8,812.5,189266.61,36.57,13,13,1
23988.71,36,5.9,996.78,104489.87,28.28,24,39,1
24918.38,60,23.12,732.84,235088.88,3.36,15,9,1
25869.84,36,15.77,436.33,86194.06,6.99,5,40,0
10438.86,60,8.37,490.67,172436.33,24.12,17,43,1
28848.06,60,14.03,559.98,209599.33,36.34,7,39,1
4564.27,36,24.9,530.75,74724.54,3.5,12,18,0
8771.54,36,11.1,813.75,204347.49,17.33,23,6,1
35221.33,36,10.39,394.02,202223.48,8.0,6,11,1
29810.2,36,7.36,789.46,241771.43,7.21,2,19,1
1536.08,60,16.94,1376.87,232246.74,29.2,7,16,1
10686.67,36,6.78,626.77,109380.01,33.06,19,42,1
9361.85,36,20.32,357.29,155825.06,36.85,12,35,0
11561.45,60,23.38,539.88,232817.69,27.36,16,44,1
10654.83,60,23.64,1319.02,21006.4,2.63,16,13,1
3438.53,60,7.16,1414.3,,14.28,8,26,0
18898.68,36,16.17,1333.43,69533.61,17.66,17,34,0
29576.61,36,6.94,452.4,189916.18,11.04,4,47,1
24662.54,60,16.44,600.13,203188.03,21.59,16,42,1
27242.0,60,21.3,1463.15,183980.62,9.31,23,28,1
4164.82,60,15.76,506.06,249097.94,35.98,11,32,1
38108.14,36,22.44,232.65,130229.25,5.74,20,20,1
33701.18,60,21.03,444.68,149109.46,17.04,2,21,1
32398.52,36,10.53,1447.05,114068.26,4.99,5,19,1
33096.37,36,17.6,641.34,244016.13,14.33,8,16,1
37375.71,60,5.15,1402.81,232233.96,19.39,10,37,0
22225.9,36,12.92,183.0,246926.46,22.16,8,32,1
8811.0,36,9.76,1156.1,246524.98,13.26,4,8,0
25054.56,36,23.74,167.21,225955.06,32.39,3,25,1
29972.38,36,13.11,320.32,234101.83,20.62,13,25,0
29778.78,36,18.08,935.67,47572.67,39.7,5,9,1
21336.51,36,19.64,668.68,59911.45,4.94,12,16,1
3669.89,60,20.46,1010.01,223593.14,7.34,19,49,1
15473.4,36,19.72,1460.91,187164.11,32.07,3,12,1
36909.9,60,10.78,107.49,,22.17,22,16,1
23793.51,36,18.72,311.69,197107.71,14.4,14,15,1
21994.95,60,15.98,971.13,52104.22,16.42,19,35,1
11485.29,60,16.95,1347.89,230810.11,22.55,13,17,1
15369.51,60,5.02,1202.54,197382.56,3.43,18,36,1
35918.5,36,10.17,714.41,151285.43,30.61,20,19,1
26992.06,36,23.61,1125.85,142443.16,17.97,17,34,0
31708.09,36,10.8,335.9,151973.7,16.5,20,10,1
18719.47,36,13.76,50.18,109795.9,30.93,14,12,1
25579.64,36,8.73,867.92,204740.45,22.77,3,19,1
10686.96,36,7.77,1225.47,229074.03,30.17,19,35,1
28512.97,60,9.17,667.16,78170.45,37.15,24,18,1
17676.45,36,16.07,866.8,28750.86,37.83,4,13,1
18259.28,36,23.38,650.61,66673.3,17.17,11,32,1
26323.57,36,11.52,785.64,194187.89,2.78,4,23,1
37514.94,60,11.47,1329.99,219732.24,0.5,23,13,1
3496.25,60,16.28,732.87,100170.07,28.21,12,18,1
33164.99,60,12.13,40.99,55049.01,3.26,19,39,1
12402.94,60,23.21,1205.78,217462.83,15.61,20,32,1
18312.86,36,12.56,938.04,69367.86,26.49,9,47,1
1854.62,36,14.81,1103.68,75631.06,39.94,13,39,1
12740.8,60,15.67,1354.6,41300.9,8.92,9,46,1
20602.62,60,20.64,450.73,229374.57,0.39,14,25,1
3190.87,36,16.28,769.51,95146.37,1.65,17,7,1
20152.73,60,9.78,915.65,59523.51,8.93,20,21,1
37157.31,60,7.48,537.73,239338.33,39.72,15,5,1
5110.34,60,23.76,1273.72,97169.7,3.08,16,13,1
30813.19,60,21.03,1055.42,191921.75,29.97,7,35,1
16977.17,36,5.46,1108.11,72990.99,6.0,23,38,0
26551.77,60,21.43,1217.77,187169.93,8.15,19,31,1
11149.23,36,16.81,409.38,73397.31,3.44,24,35,1
7220.2,60,15.38,1126.09,166680.2,9.12,23,40,1
7258.04,60,5.24,1167.5,121398.5,4.62,23,38,1
3749.19,36,20.62,1268.32,203705.09,0.7,20,49,1
8240.22,36,8.96,748.15,187962.52,31.95,18,20,1
26904.56,60,19.56,771.16,235161.69,7.62,21,47,1
35385.93,60,5.32,174.32,106623.13,4.74,2,27,1
32750.9,60,20.93,1282.62,193497.08,10.89,22,26,0
27720.24,36,5.46,814.23,242834.01,30.15,15,8,1
5306.84,60,9.72,903.82,97351.08,8.99,7,7,1
12278.31,60,10.37,208.52,86700.98,21.68,20,19,1
13082.47,36,8.15,914.68,196881.68,8.68,4,37,1
10748.32,60,14.62,91.72,122469.92,15.48,16,12,1
21085.22,60,10.67,1387.12,111689.91,20.85,20,18,0
21886.6,60,24.87,1299.4,145490.88,30.31,21,40,0
14918.55,36,16.6,315.65,235172.07,11.27,20,42,1
14797.78,60,16.33,902.89,39285.54,17.86,10,18,1
33313.67,60,9.42,915.97,127107.75,25.72,13,40,1
31782.42,60,13.17,1211.05,45332.44,11.01,15,32,1
13004.04,60,7.48,1142.67,223224.79,8.8,15,35,0
36637.75,36,20.25,1490.07,51441.29,22.76,9,47,1
38159.79,60,11.62,545.74,40631.78,38.1,23,5,0
13742.96,60,20.04,213.21,241663.51,36.4,23,35,1
14822.57,60,12.43,873.0,149568.85,24.01,5,34,1
20719.73,60,24.78,1153.07,209955.37,16.88,7,16,1
37703.71,36,8.42,450.12,128159.06,22.63,10,18,1
35176.46,60,5.03,377.22,120197.63,32.08,6,41,0
5000.15,60,16.9,1209.61,229670.24,3.71,7,10,1
16316.5,36,24.06,1137.97,247670.69,31.25,23,34,1
22581.48,60,17.94,328.99,162262.33,26.32,14,21,1
20622.17,36,6.71,1307.83,231183.32,10.76,10,17,1
8560.66,60,15.81,228.05,218425.28,35.04,22,42,1
34493.85,36,23.19,190.58,145122.27,3.2,17,20,1
27400.69,36,5.13,546.13,236453.85,36.75,18,32,1
33678.43,60,8.34,1333.2,68312.92,15.52,21,16,0
34491.81,36,21.29,1052.3,223514.37,32.41,6,40,1
30185.88,36,22.88,610.24,91151.97,6.18,14,20,1
18129.21,60,19.14,261.16,,22.7,7,16,1
24811.32,60,24.83,1078.81,201030.14,1.34,21,5,1
7254.25,60,6.8,910.75,233904.03,11.15,21,23,1
27272.17,60,15.91,1481.89,69859.97,33.19,22,10,1
7990.88,60,18.7,1155.37,142839.69,18.17,18,10,1
28064.03,60,19.05,180.12,192349.74,26.38,16,22,1
9954.33,60,20.87,1100.48,96273.43,32.29,24,32,1
5584.5,60,23.35,408.45,53791.22,21.21,9,16,1
7446.1,60,12.23,1443.99,110216.6,23.43,21,35,1
1077.69,36,5.86,58.33,125011.12,30.65,7,31,0
29030.85,36,12.25,380.38,190710.81,4.82,18,12,1
29563.64,36,18.43,763.53,65697.29,2.86,23,15,1
21082.4,36,9.27,146.23,207475.8,24.88,16,11,0
7293.15,36,21.2,535.77,135501.2,39.0,9,26,1
4258.62,36,9.4,760.94,227894.82,25.79,8,24,1
1746.03,36,5.2,686.99,150130.76,28.2,2,23,1
7464.18,60,15.16,707.06,122776.55,26.34,5,6,1
35743.37,36,19.53,1322.16,85962.54,24.23,19,49,1
10419.94,36,11.99,772.78,44435.75,7.9,21,31,1
14816.58,36,19.98,1413.34,105491.76,33.61,13,29,1
5108.47,36,13.77,247.17,115133.35,23.06,11,15,1
9672.09,36,8.43,441.98,150706.0,39.13,4,13,1
21249.76,60,6.81,995.08,217765.77,2.76,19,30,1
24702.35,36,19.21,446.19,126677.45,11.94,4,35,0
10568.74,36,12.71,540.5,92285.44,3.97,10,45,1
3251.55,60,23.26,1354.51,220849.48,34.37,17,15,0
16250.28,36,15.81,821.68,188801.15,32.71,3,16,1
10133.93,60,11.97,521.95,90616.82,30.92,2,47,1
9562.6,60,11.98,1171.77,58397.51,27.14,4,14,1
38434.65,60,7.63,133.88,86936.3,4.26,6,30,0
25035.72,36,16.88,858.58,48436.65,16.24,22,13,1
22718.26,36,16.64,176.51,227785.76,28.18,6,22,1
17215.23,60,21.0,289.97,160697.18,14.43,13,29,1
17728.83,36,9.02,121.79,218607.89,28.71,3,22,1
22095.3,36,10.82,1355.47,208683.0,11.42,15,47,1
28160.76,60,6.94,100.86,55244.18,21.74,21,48,1
28383.7,60,10.91,789.13,121890.29,14.18,12,18,1
7696.06,36,13.56,360.72,243574.58,36.86,9,31,1
20504.4,60,24.28,593.88,73772.69,17.7,8,26,1
17066.37,60,18.06,755.67,31554.95,11.47,15,40,0
34950.55,36,20.66,691.59,99582.33,2.28,12,21,1
25625.34,36,11.51,1129.69,137517.54,5.82,18,16,1
21767.66,60,7.89,1370.47,32851.81,22.6,6,18,1
5500.39,36,10.13,471.4,118134.97,28.05,2,10,1
24619.88,36,10.13,66.07,78284.91,38.17,14,14,1
5570.95,36,16.66,1344.1,68787.13,23.87,10,47,1
14151.06,36,11.83,1468.81,80698.64,27.23,23,49,1
6570.84,36,22.15,667.03,44241.71,24.79,17,18,1
27990.87,36,24.77,700.01,37629.01,36.1,4,26,1
9043.83,60,11.87,241.91,157044.46,12.1,23,49,1
16282.52,60,19.1,729.02,238001.07,24.13,23,7,0
35931.32,60,18.15,475.92,205090.22,38.39,18,12,1
8968.34,60,8.89,1491.74,211796.69,0.29,10,42,0
20804.4,60,23.36,301.73,189068.77,10.84,21,40,1
17351.59,36,8.99,586.52,239876.05,30.35,20,9,1
1706.84,36,19.74,936.26,238626.61,18.8,5,38,0
31917.57,60,11.95,537.33,199009.72,6.74,3,5,0
3692.79,36,12.34,727.4,184667.64,22.87,4,9,0
19495.95,60,14.11,1461.02,90214.29,20.6,16,17,1
22866.45,36,22.29,776.86,40968.27,18.16,20,30,1
25508.63,60,7.81,1368.17,41359.63,13.67,8,46,1
27856.63,36,6.09,93.33,189340.05,2.1,17,38,1
10877.62,60,13.04,206.13,26525.99,24.16,2,47,1
1389.17,36,6.11,1418.43,207774.13,20.69,3,35,1
29214.3,60,18.75,219.23,104289.58,23.41,17,42,0
21890.61,36,20.21,1112.73,64178.52,0.1,15,26,1
33608.59,36,22.09,685.63,113745.36,3.31,14,32,1
33034.15,60,19.88,627.92,181752.61,6.71,3,14,0
33889.72,60,23.33,999.05,83275.44,17.94,2,24,1
19918.69,60,19.97,1099.57,59932.23,32.32,6,16,1
14011.51,60,23.72,1399.99,189713.38,9.83,21,22,1
31870.77,60,8.86,407.62,222556.7,32.33,21,41,0
18600.47,60,15.0,1056.18,154675.3,9.41,12,41,1
8154.25,60,24.88,533.16,140486.78,29.96,4,13,1
34343.99,60,18.63,1084.89,193621.35,34.97,18,31,1
35419.84,36,22.57,238.91,188508.7,32.66,7,48,1
19186.08,36,5.61,702.59,21444.03,29.54,5,48,1
3952.29,36,22.44,299.94,84824.23,1.54,15,21,0
16125.22,36,18.95,524.58,234362.99,13.21,21,6,0
32337.97,60,8.42,1081.98,,7.86,22,5,1
36169.19,36,5.51,373.02,137366.05,18.98,5,46,1
8935.44,36,10.2,1036.78,148820.7,14.17,10,49,1
3611.97,60,23.32,759.03,20151.0,24.71,19,19,1
35216.67,36,18.36,165.29,174638.2,22.63,11,16,1
16186.79,60,23.39,598.44,68860.24,17.23,2,22,1
22128.68,36,13.92,1307.73,49419.73,30.7,5,28,1
38754.57,36,23.73,1484.26,90077.35,0.59,12,37,0
3596.02,60,14.26,572.31,172925.2,34.63,22,47,1
26284.4,60,9.09,110.67,120356.68,0.12,22,40,1
3890.11,36,8.03,221.38,100283.41,18.08,24,35,1
15643.29,36,24.88,1188.58,187165.77,35.25,5,24,1
32348.77,36,11.68,994.01,207155.62,16.72,3,42,1
17905.42,60,8.2,448.97,219916.57,30.23,21,32,1
39890.11,60,5.17,605.21,122293.15,16.12,2,15,1
22803.31,60,10.71,1222.39,185100.42,34.04,10,31,1
13525.32,60,22.78,637.27,223599.08,39.97,10,12,1
9584.34,60,15.68,1140.99,229048.47,35.93,21,17,1
14670.3,60,17.65,463.95,133187.92,2.23,22,25,0
15528.8,36,23.45,1095.47,101725.11,5.93,14,7,1
3679.83,60,15.26,715.6,227042.8,21.67,11,41,0
15413.39,60,21.77,831.67,80129.01,38.46,11,47,1
19105.3,36,11.48,910.14,203274.91,16.25,18,11,1
29186.77,36,24.54,692.34,228990.63,11.08,6,19,1
26612.45,60,6.58,715.22,190135.32,38.6,14,9,1
28641.86,60,19.5,420.59,176367.84,28.35,23,38,1
1326.18,60,18.21,1479.07,31655.75,30.82,14,23,1
9489.03,60,8.83,1361.55,66798.79,4.43,2,37,1
26805.69,36,12.78,805.25,173311.01,10.5,14,7,1
19875.59,36,11.26,80.91,200594.99,20.15,6,9,0
1207.23,36,6.89,277.59,34579.92,29.46,5,23,1
32375.29,60,16.7,1285.28,24383.67,13.89,23,46,1
31139.57,36,24.87,1398.29,91647.89,8.17,19,6,0
22388.35,60,16.19,267.1,168339.67,17.49,13,10,1
3592.07,36,15.91,1109.74,137769.81,16.97,20,43,1
30894.09,60,5.81,945.84,21922.64,34.92,23,18,1
23764.83,60,7.78,475.98,54870.8,37.35,7,8,1
31496.44,36,15.26,671.05,193006.2,6.75,17,24,1
30318.13,36,24.7,1025.59,88462.19,11.18,5,5,1
32317.08,60,22.53,178.9,46953.4,31.44,20,38,1
21202.31,36,11.8,307.89,31698.59,9.8,23,33,1
6472.66,60,15.86,78.97,215601.71,10.59,11,43,0
27175.14,60,16.05,1356.24,128483.18,27.07,19,49,0
25198.48,36,18.71,873.63,135846.09,20.43,20,34,1
29947.87,36,18.76,799.44,34108.49,28.14,15,15,1
7625.36,60,20.8,1068.17,132373.38,2.9,11,24,1
8604.03,60,5.5,1482.87,168527.83,20.17,4,41,0
35725.97,60,23.87,283.19,,26.91,6,25,1
30249.13,60,6.4,225.67,227578.61,18.98,12,29,1
36420.91,60,14.52,463.34,200170.03,5.11,4,40,1
30589.9,60,23.39,1358.8,204433.57,5.36,3,8,0
24289.06,36,14.75,634.85,143402.61,23.52,8,27,1
26511.18,36,6.27,1196.44,96802.03,5.76,6,10,1
35675.99,36,9.58,328.3,167304.01,12.15,21,30,1
23573.46,60,16.57,755.6,71835.13,17.65,21,32,1
25663.26,60,6.76,217.38,51483.48,23.73,2,28,1
7102.59,36,13.47,636.96,143816.04,10.61,16,44,1
19482.93,36,11.58,415.55,130084.02,16.21,17,37,0
28939.49,36,21.3,837.66,54564.95,14.71,16,30,1
11566.77,60,7.2,1177.2,141992.89,3.88,16,30,1
8887.91,60,18.66,1409.4,145687.7,32.15,14,29,1
13239.25,60,13.13,447.25,220448.4,29.7,16,34,0
10418.52,36,16.76,1122.4,194618.31,31.37,2,42,1
9381.59,36,9.11,1331.82,70040.1,5.89,15,40,1
17569.18,36,17.19,213.53,208124.37,20.7,4,24,1
36405.7,60,18.48,891.32,242873.26,13.21,7,40,1
20775.33,36,6.4,929.41,184822.49,13.94,2,9,1
8328.89,36,21.49,430.41,201010.73,2.63,6,36,1
4001.9,60,22.23,63.1,,37.83,20,46,1
28150.09,60,6.27,407.35,248137.59,37.59,4,34,0
15929.15,36,17.06,889.56,60570.74,16.33,15,46,1
33051.41,60,16.88,318.77,192697.82,34.18,2,31,1
26720.92,36,5.25,452.4,110900.44,13.2,3,28,0
32053.42,60,11.85,1070.65,102079.89,22.38,9,25,1
11605.9,60,24.38,615.52,85586.62,29.78,9,5,1
28002.0,60,16.11,126.18,121443.98,20.92,7,20,1
11298.42,60,23.66,616.77,201901.16,6.55,11,18,1
37623.67,60,18.51,1499.66,236423.69,15.16,2,14,1
25818.6,60,5.57,413.75,115734.8,30.38,18,32,1
13655.96,36,6.55,419.93,169884.48,31.23,15,40,1
11510.96,36,19.44,279.73,201291.55,13.52,13,23,1
8446.14,36,16.09,429.31,42939.32,21.62,21,16,1
28091.0,60,7.54,874.89,240925.04,8.28,8,22,0
9529.91,60,17.28,1447.97,68675.7,10.04,6,19,1
24216.83,36,21.21,923.31,230468.24,5.79,24,23,0
11320.77,36,20.06,632.48,246918.65,17.52,7,44,1
26816.79,36,9.92,602.76,43093.06,28.8,14,22,1
32782.65,60,10.16,65.61,225331.87,35.17,6,32,0
31342.98,36,24.36,33.74,167409.13,21.79,5,21,0
30673.2,36,22.75,1201.87,208123.15,26.08,11,25,1
8321.17,36,11.37,750.54,45092.46,10.67,14,32,1
4447.01,36,21.48,78.82,211880.26,8.08,22,20,1
28259.0,60,8.23,450.46,163987.89,15.83,14,30,1
15365.54,36,8.94,554.32,137442.3,22.36,21,23,1
17861.5,36,8.62,1181.43,,1.34,8,5,1
2214.81,60,6.75,668.55,191227.57,3.68,13,33,1
11123.48,60,22.09,1190.27,88456.45,25.23,19,26,1
2313.38,60,16.58,961.59,236999.77,7.97,22,36,0
35288.25,60,10.18,78.71,90756.41,18.13,4,48,1
10492.47,60,21.97,1453.97,221728.43,37.46,6,22,1
22736.15,36,21.05,296.71,22785.64,34.5,3,40,1
2520.19,36,7.02,435.16,230790.42,2.55,9,11,1
27007.05,36,17.88,1219.66,215862.9,2.35,2,12,1
13598.07,60,19.44,309.06,48561.5,5.81,17,48,1
36018.85,36,19.32,619.6,189492.27,4.66,24,17,1
35636.61,60,19.46,1301.54,106046.47,10.15,17,10,1
13686.33,60,8.39,966.79,130349.0,14.88,24,18,0
36137.47,36,11.3,474.06,35776.45,3.32,8,44,1
39850.15,60,21.88,976.75,68891.97,18.42,24,5,0
33191.21,36,22.97,1224.56,239338.59,21.19,17,24,1
33949.98,60,10.58,623.72,116128.61,26.46,17,23,1
10711.34,36,5.46,870.36,25986.98,16.25,4,27,1
23491.39,60,22.2,1482.25,138467.97,11.84,4,11,1
3622.98,60,12.54,1447.91,248780.8,25.73,3,27,1
4701.8,60,11.59,778.28,96548.74,36.45,20,29,1
39956.81,36,11.94,171.33,52479.12,,7,43,1
13738.93,60,13.31,1060.0,168017.29,11.74,5,11,0
30179.17,36,12.57,424.87,231559.6,28.71,11,37,1
32459.94,60,16.33,1014.13,217604.37,35.09,12,16,0
34462.91,36,6.58,547.08,171107.13,38.39,4,22,1
39907.5,60,24.43,1086.57,62353.91,8.81,6,37,1
10418.36,36,23.73,569.96,200402.77,12.11,6,47,1
2573.68,60,23.69,1413.56,209341.05,36.23,2,49,1
17036.47,60,22.59,230.91,215395.99,10.8,16,8,1
6073.15,60,18.21,130.56,112906.5,13.82,24,44,1
1874.61,36,9.42,1178.36,114037.56,25.58,24,30,1
15056.65,60,5.99,619.95,55686.13,22.73,2,39,0
31565.79,60,6.99,714.4,197717.96,35.11,7,46,0
23081.05,60,11.48,1402.71,189562.03,24.47,15,27,1
13198.34,36,15.08,897.18,42942.43,,19,32,1
26519.34,60,24.87,1000.45,24630.87,2.96,17,39,1
10048.71,36,13.71,58.61,238895.58,39.0,18,26,1
1560.88,36,15.49,1015.66,23971.73,16.89,9,40,1
30809.78,60,18.9,600.88,164577.69,22.9,5,12,1
25325.98,60,8.61,706.52,124337.55,20.08,20,10,1
30729.8,36,23.66,1217.83,198805.1,29.52,2,44,1
2518.58,36,15.58,799.98,40177.61,25.86,12,6,0
33647.67,60,10.53,1480.7,176945.93,13.71,10,16,0
25161.52,36,23.7,1201.31,161436.79,20.8,9,33,1
22972.42,36,17.51,1101.03,216326.66,33.04,9,15,1
25359.95,60,14.67,895.37,139265.38,25.34,22,23,1
34712.9,60,16.6,636.22,187507.18,38.18,6,49,1
23890.52,36,19.97,107.72,120644.1,30.16,16,7,0
23657.06,36,8.09,57.19,246315.06,19.41,23,25,0
39636.49,60,22.3,98.74,148664.55,32.28,19,30,0
30512.48,36,24.19,1439.49,193314.01,17.69,13,31,1
18249.46,36,16.34,505.12,41375.08,8.53,3,33,1
28588.48,60,18.65,1059.9,126433.86,25.19,7,18,1
16179.99,36,22.2,903.64,34820.67,14.16,12,5,0
9926.14,36,12.5,870.35,47993.52,0.99,21,23,0
24277.22,36,24.86,881.49,136411.14,8.56,3,40,1
37199.1,36,18.61,474.37,101030.11,6.68,8,10,1
37236.44,60,13.48,1333.2,125759.29,31.79,20,17,1
14334.31,36,18.55,1381.23,134113.16,29.07,13,23,1
21579.42,36,15.43,977.45,56742.55,24.58,10,47,1
9253.8,60,7.23,1300.01,,37.37,16,8,1
39829.61,36,20.92,118.17,,7.12,23,28,0
39263.6,36,16.29,177.58,217020.53,6.53,20,41,1
26330.85,60,20.92,851.83,132841.91,36.36,13,45,0
32372.15,36,8.1,1274.37,192303.6,25.88,5,36,1
28888.91,36,15.77,493.68,193317.12,22.3,6,26,1
24133.17,36,20.33,835.64,30144.55,29.6,24,36,1
3080.57,36,24.77,44.64,160504.98,11.27,16,21,1
18735.81,36,22.69,1480.35,205041.11,23.8,10,42,1
27316.67,36,22.29,1157.46,156613.38,17.08,16,18,0
27423.73,36,9.95,561.29,144557.14,12.28,24,17,0
15551.78,60,21.76,1475.03,142179.61,35.05,16,27,1
37725.99,60,8.39,165.87,136828.31,6.43,20,25,0
7526.92,60,8.96,712.34,199010.88,0.72,20,31,1
20514.02,36,7.2,116.51,167759.42,14.36,5,10,1
27944.48,60,22.15,522.4,69565.66,7.94,18,16,1
28188.3,60,7.17,352.47,119670.09,32.44,14,14,1
26296.92,60,7.76,495.33,141583.81,5.07,14,23,0
11736.24,60,9.92,1422.69,116358.7,37.5,8,16,1
7092.06,36,16.45,657.96,74643.75,6.7,6,41,1
25801.67,36,22.6,507.55,48690.36,35.57,13,45,1
24372.78,36,13.36,971.94,46981.83,6.74,11,15,1
7994.88,60,15.93,1034.55,88146.22,1.92,16,16,1
28500.43,36,8.33,1476.14,112610.69,19.51,23,10,1
18751.71,60,10.32,832.7,177061.86,14.25,22,30,0
27042.66,36,7.68,1136.27,246530.9,23.91,23,16,1
33657.32,36,13.2,591.78,226391.87,25.63,2,7,1
7619.41,60,16.81,281.42,207150.49,37.38,23,29,1
1746.65,60,10.68,661.86,207159.3,38.11,9,45,1
31385.0,36,21.92,645.6,157094.94,19.8,22,8,0
24778.2,36,24.62,648.3,78134.73,8.35,18,27,0
28285.94,36,7.4,1052.27,128546.25,9.89,17,5,1
33688.04,60,5.36,626.74,52787.42,3.99,6,8,1
32309.63,60,20.8,1432.62,150279.04,11.19,11,21,1
38475.89,60,8.81,1474.64,25290.17,36.46,15,13,1
21901.47,60,12.06,799.34,63576.98,14.58,3,22,1
20051.33,36,12.88,850.91,183827.79,25.18,2,21,1
16673.6,60,23.33,629.21,83685.24,39.25,6,21,1
6993.95,60,18.18,552.72,116591.32,4.27,11,23,1
23331.68,60,5.81,1478.43,211374.02,31.02,5,44,1
11803.49,36,5.3,89.77,30248.35,27.99,22,25,1
36930.99,36,8.99,632.83,25228.83,32.76,21,38,1
23744.44,60,11.36,252.47,72667.04,5.49,12,35,1
24120.77,60,14.69,1097.63,177421.98,20.07,23,32,1
14842.06,36,21.76,315.84,74307.79,25.28,3,26,0
3027.58,36,11.3,1330.43,218650.63,30.4,20,40,1
2238.01,60,12.53,580.48,100925.09,28.51,2,38,1
17510.07,36,11.59,1378.21,85207.57,22.84,18,15,1
4298.05,60,5.18,1480.25,73570.01,18.77,23,11,1
24667.03,36,24.1,1163.62,152013.18,37.67,7,26,1
35357.95,60,7.78,946.04,216951.59,7.27,6,25,1
35433.68,60,10.75,250.36,113394.33,8.17,18,47,1
26702.77,60,7.59,1401.6,78078.91,4.44,11,43,1
9238.04,60,14.81,1171.99,116799.23,4.51,19,15,1
34656.88,36,23.64,453.43,228101.64,34.94,10,11,1
35557.64,36,7.01,718.7,96943.64,24.26,8,7,0
8669.49,60,13.82,129.47,170822.02,37.4,17,43,1
29759.62,36,5.45,998.73,95840.09,35.47,12,40,0
12174.26,60,20.42,214.14,175194.3,12.02,14,22,1
32302.97,36,17.82,987.75,222632.47,25.65,9,11,1
39892.28,60,18.99,1017.18,157668.52,15.18,2,34,1
2171.01,36,14.45,507.2,237911.66,35.05,14,31,1
35997.27,36,23.15,1424.53,158348.95,29.37,13,45,1
25282.59,36,13.19,1175.07,244221.46,4.94,21,6,0
38961.92,36,15.28,760.2,186458.0,10.13,13,22,1
19135.37,60,18.91,1380.3,170141.31,26.3,16,25,1
34048.13,60,15.41,1288.09,210861.65,9.85,4,34,1
3433.37,36,8.79,1047.56,22551.34,21.36,8,47,1
14075.88,36,11.34,254.86,79167.38,9.77,20,14,0
3613.64,36,6.85,760.7,69700.85,27.3,7,29,0
39038.38,36,13.65,1300.7,45506.56,3.0,4,44,0
32861.98,60,17.19,925.07,235690.93,28.85,2,42,1
34249.35,36,7.37,831.9,50130.49,13.48,9,46,1
37580.64,36,17.61,1434.18,80452.43,18.14,16,23,0
4319.04,36,22.86,54.33,97087.72,19.34,9,17,1
16038.31,36,11.75,47.71,163664.43,7.78,14,41,1
3770.36,36,9.44,1342.45,196516.78,37.69,13,29,1
9220.93,36,22.86,86.65,159075.48,0.01,8,9,1
9945.27,36,18.84,518.84,192259.51,14.91,17,8,1
19295.18,36,7.11,1388.32,112488.57,5.14,2,22,1
11473.92,60,13.16,1045.99,249028.99,14.4,2,40,1
4938.15,36,18.48,982.79,59121.23,4.16,24,16,1
7532.15,36,16.49,995.79,111944.85,15.15,8,21,1
6743.75,36,17.37,496.94,211402.09,7.76,4,42,1
38950.0,36,16.34,809.88,76754.85,22.15,23,25,1
30612.41,60,20.96,956.06,192693.89,0.48,7,19,1
38742.7,36,11.41,479.4,103784.49,20.24,7,21,0
18149.88,60,19.17,1199.18,60847.14,11.31,5,21,1
11856.37,60,24.82,502.97,112768.31,12.86,10,18,1
32133.43,60,12.8,135.02,200501.36,14.19,21,33,1
13723.9,60,20.82,326.14,45749.68,26.11,21,37,1
12675.95,36,9.92,630.36,138703.36,30.31,16,39,1
10067.73,60,10.64,1364.84,190511.98,13.19,6,19,1
6057.48,60,23.7,641.17,192861.57,37.0,16,21,1
11002.06,36,5.52,162.01,,29.85,19,16,1
14857.47,60,9.35,318.79,127280.83,16.15,7,47,1
27285.77,60,14.66,830.37,,3.91,8,9,1
3440.03,60,13.04,291.15,67926.9,22.41,4,19,1
9209.77,60,17.58,124.01,248296.27,24.55,21,49,1
32551.92,36,8.85,1080.8,,5.45,6,45,1
6729.96,60,6.41,1182.99,83353.8,34.08,13,49,1
14363.16,36,12.39,1280.43,20597.85,15.26,2,39,1
34721.7,36,15.49,1270.58,48755.31,6.09,21,38,1
7042.09,36,16.24,587.51,193997.08,20.84,6,24,1
4226.74,60,17.03,1109.67,169323.09,16.88,5,6,1
19896.98,60,15.97,887.8,76696.47,25.69,19,30,1
12794.36,36,9.92,64.35,233210.72,6.9,18,5,1
22972.93,36,20.29,620.35,212208.24,0.83,18,9,1
32348.39,36,6.76,107.73,81932.98,19.06,9,36,1
6348.79,36,8.97,152.53,95920.21,6.29,15,6,1
23647.26,36,19.79,112.32,62493.34,6.26,2,30,1
20714.84,36,10.59,1442.59,,27.12,15,14,0
6619.07,60,14.87,1270.98,181261.61,10.35,16,49,1
25335.94,60,11.54,675.48,111052.66,33.6,12,20,1
11671.98,60,15.14,394.56,189546.5,20.59,7,31,1
20025.54,36,11.93,136.5,248060.33,24.32,20,17,1
4208.62,60,24.88,663.86,160748.09,12.84,7,28,0
18923.78,36,12.15,912.52,169335.29,8.95,12,25,1
12952.08,36,17.54,1201.74,105983.75,6.36,18,9,1
33072.87,60,22.77,105.79,22434.86,28.28,2,18,1
3222.17,36,17.76,644.27,239401.91,27.57,15,22,1
17325.68,60,16.32,1465.98,197639.28,19.71,7,47,1
18878.83,60,16.38,207.46,179980.67,31.25,5,43,0
29275.24,60,14.93,618.44,26856.43,32.1,4,33,1
23397.22,36,21.15,434.33,194572.79,17.69,7,45,1
27021.28,36,6.01,227.04,174119.38,26.05,5,22,1
31304.92,36,22.7,1263.25,150848.41,36.48,7,13,1
34625.92,60,16.73,1054.76,163428.16,3.26,20,19,1
13241.14,36,21.98,634.99,231224.21,0.49,23,45,0
21982.89,60,5.21,572.53,21538.79,18.93,22,5,1
33764.22,36,22.39,1246.79,56103.6,13.27,10,20,1
39588.59,60,7.4,163.45,225794.16,3.48,11,39,1
35691.25,60,19.42,245.84,21888.45,5.99,14,19,1
15487.22,36,13.33,1362.63,227836.31,10.3,17,22,1
8611.49,36,18.62,1231.29,26815.33,3.98,13,40,1
20086.31,60,17.56,1169.07,199247.69,12.76,19,42,1
29924.02,60,8.27,947.24,224912.34,5.31,9,24,1
20210.19,36,15.29,459.9,160881.27,24.99,3,16,1
19844.05,60,10.54,1404.14,167531.44,27.86,2,46,1
33690.99,36,16.21,753.05,31629.66,31.02,6,39,1
15094.75,36,19.76,442.51,68504.98,34.79,10,15,1
34531.99,60,6.63,567.39,226878.51,0.12,16,25,1
16865.39,36,15.32,54.76,209454.69,7.06,24,20,1
13801.09,60,17.35,405.08,33695.97,32.59,11,7,1
18705.61,36,10.91,306.3,206986.58,1.22,17,38,1
30735.43,60,24.06,229.27,117401.44,26.62,23,28,0
5914.08,36,15.41,77.25,148966.21,7.23,13,20,1
8660.35,36,8.65,363.51,44933.26,20.26,19,41,1
38106.35,60,7.16,182.17,111688.13,38.49,15,40,1
7844.17,36,15.83,96.36,120029.42,25.95,5,5,1
23141.37,60,12.5,231.86,173982.32,14.73,4,28,1
23593.26,60,8.85,327.53,171233.12,27.56,3,28,1
20095.35,60,5.61,641.46,146241.13,0.22,15,43,1
26145.06,60,16.33,888.03,27232.58,38.02,10,18,1
9963.24,60,16.97,503.73,57145.24,13.78,21,38,1
22553.83,36,7.84,237.65,56861.91,39.2,14,46,1
15514.76,36,17.03,1412.28,224178.46,27.06,2,41,1
26805.02,36,24.04,786.83,227393.23,11.49,15,15,1
6507.72,36,24.57,1120.56,205494.6,24.61,11,7,0
23264.22,36,22.77,1050.82,60222.26,15.21,3,31,0
8225.54,36,21.14,448.8,213234.87,25.71,15,48,1
11867.08,36,9.19,853.0,63146.71,31.63,21,48,1
9529.68,60,8.13,915.18,147565.06,18.83,6,33,1
8130.67,60,13.9,547.13,188791.56,8.88,20,27,0
33202.73,60,17.39,1016.03,31859.03,39.26,3,25,1
12142.6,36,22.01,1192.29,157523.74,16.51,5,12,1
37157.83,60,9.64,565.39,77760.71,7.06,19,40,1
38827.13,36,14.59,51.93,,29.57,17,25,1
23279.16,36,17.95,543.52,108297.52,26.21,9,28,1
6577.04,36,13.91,201.72,177913.05,32.66,24,16,1
15607.38,60,14.08,258.74,132513.78,0.07,12,23,1
32111.56,60,9.5,567.95,89374.95,13.89,17,43,1
15328.24,60,24.73,335.2,229382.51,12.58,12,23,1
4393.67,36,14.5,1404.29,240582.33,36.95,15,39,1
22714.61,36,15.65,989.62,204438.76,13.99,5,40,1
33959.71,36,9.37,792.0,153570.43,21.09,15,9,1
32041.13,36,15.28,44.29,223412.11,0.14,13,15,1
7829.8,60,10.11,182.32,158384.86,32.33,15,10,1
27237.82,60,9.05,1189.06,54230.92,4.56,14,29,1
9599.67,60,10.51,602.92,24008.3,35.29,10,16,0
9510.09,60,5.06,96.87,186960.35,29.4,7,20,0
35088.8,36,16.4,1243.57,193071.65,22.26,9,19,1
10737.09,36,12.75,474.89,232939.98,29.96,21,46,1
11266.65,60,22.97,597.85,209574.63,31.72,7,47,1
1025.48,36,5.81,1462.32,167103.95,30.07,11,5,0
34956.09,36,5.86,52.8,63769.79,26.44,7,38,1
31911.2,60,22.72,1090.35,156631.61,35.23,6,38,1
25465.83,60,7.53,1424.86,119977.59,16.92,5,49,0
30260.36,36,5.04,123.87,73384.95,22.65,12,44,0
6929.89,60,8.58,1303.13,203799.69,38.78,17,35,1
18874.62,60,21.48,641.88,54397.85,14.89,12,14,0
14697.56,60,21.05,1320.65,164978.01,30.04,22,13,1
4657.28,60,11.8,483.16,160473.4,15.67,9,48,1
19959.09,60,18.36,1474.51,89831.2,18.81,22,10,0
36908.85,60,15.14,981.16,118725.0,13.43,3,34,0
2562.31,60,23.09,951.82,46811.5,6.12,13,25,1
12366.98,60,6.13,1214.68,25872.57,38.89,13,33,1
9094.1,60,21.26,671.78,22994.32,17.89,4,30,0
10287.72,36,8.41,410.24,60094.19,11.17,15,39,1
36428.95,60,12.83,416.51,219403.81,25.85,20,27,1
19254.69,60,8.84,515.99,140200.01,4.44,2,29,1
19185.68,60,19.05,937.51,46936.67,21.74,6,38,1
30662.45,36,18.57,1262.43,228263.87,22.96,21,13,0
7025.2,60,15.96,764.38,150844.42,7.84,16,49,1
20003.35,60,18.96,623.07,26413.67,38.38,18,12,1
17769.42,36,17.79,1196.96,195427.65,23.79,21,37,1
24279.52,36,20.53,455.81,128890.09,8.9,5,24,1
39982.75,60,9.79,1042.88,142558.53,33.34,13,21,1
31008.51,36,13.58,185.53,161042.18,12.28,4,20,1
16516.76,36,8.03,196.46,41723.59,29.2,24,19,0
33274.57,36,13.59,976.76,237980.24,25.13,24,17,1
7657.63,36,19.03,151.64,78740.27,6.39,18,9,0
2188.08,36,18.83,257.93,163021.41,3.78,24,42,1
8973.49,60,19.19,947.82,216779.48,24.3,18,18,1
14276.05,36,11.18,674.16,96341.03,26.73,10,22,1
20912.65,60,18.24,855.11,164337.18,5.24,7,38,1
24990.04,60,12.35,1466.11,247441.74,6.91,24,15,1
36513.62,60,23.89,958.98,215913.82,2.0,13,38,1
20884.31,36,11.87,898.55,199235.48,5.38,11,45,1
20549.75,60,17.06,588.8,121039.05,23.52,20,20,1
2959.48,36,20.0,957.39,123791.99,8.03,8,44,1
2361.55,60,23.13,49.11,131674.18,11.55,14,26,1
22495.24,60,13.76,849.26,178799.27,22.21,12,39,1
18088.97,60,12.21,131.28,53197.56,16.57,19,28,1
33728.04,36,13.6,353.65,218036.45,33.81,12,22,1
7266.5,60,11.47,857.79,24158.18,22.84,6,6,0
1973.89,36,18.08,1011.89,59098.42,5.28,20,21,1
18512.51,36,23.65,595.65,130817.3,15.37,3,38,1
10261.66,36,7.52,645.9,77986.9,10.35,3,5,1
2934.96,60,16.22,762.09,104083.79,10.36,19,28,1
29259.33,60,22.95,1145.84,96494.11,10.26,4,31,0
5352.13,60,7.0,55.91,81861.89,16.74,7,18,1
24724.46,60,14.88,687.19,107463.56,5.28,23,44,1
11960.94,36,22.3,50.98,136216.32,10.1,24,6,1
7766.35,60,23.01,499.14,129562.52,28.06,19,15,0
15810.31,36,15.29,794.18,206742.15,33.1,18,36,0
32256.39,36,5.5,147.48,90873.36,0.55,3,9,1
16291.65,60,7.11,743.26,84839.41,3.34,11,30,1
30280.02,60,16.73,1389.12,136023.22,34.2,13,42,1
5893.97,36,7.48,1037.45,31024.9,8.59,10,11,1
31138.09,36,7.99,1179.91,45716.37,12.49,19,39,1
10240.4,60,20.44,883.21,204710.24,13.48,24,32,1
27418.33,60,20.01,1347.65,133553.18,34.64,17,16,1
23065.48,60,21.86,245.9,35303.14,6.51,14,29,0
37236.64,36,7.11,691.19,121288.07,32.5,2,39,1
16105.58,36,8.96,907.64,111600.8,18.71,7,35,1
3580.44,60,21.66,1314.01,76610.93,31.33,15,18,1
1747.06,36,19.42,482.78,105583.75,27.52,10,46,1
33247.48,36,21.12,31.66,63321.74,29.28,7,34,1
21464.69,36,24.79,1462.39,123283.7,4.55,23,43,1
31234.52,36,22.29,68.19,113961.47,12.35,4,26,0
10142.6,60,15.41,253.98,159725.08,9.09,9,37,0
14458.27,36,11.22,650.41,,5.04,2,34,1
2174.05,60,16.39,759.66,62656.38,25.57,7,48,1
38498.2,60,17.77,1256.66,116011.41,27.81,15,28,1
27046.85,36,11.71,688.29,149310.72,5.66,14,27,1
37395.0,60,20.42,834.72,145807.99,30.74,5,12,1
11354.36,60,6.86,324.0,172108.35,11.47,12,5,1
24847.08,60,20.59,866.66,81623.99,15.07,5,9,1
27461.5,36,5.64,542.12,165946.68,39.73,12,17,1
13384.44,60,14.96,175.14,66269.13,7.68,4,36,1
34076.26,36,22.23,1421.3,48854.78,4.72,18,29,1
37939.3,60,6.73,150.08,211278.35,10.74,18,44,0
35509.35,60,15.35,1026.48,128960.18,37.27,19,29,1
29823.61,60,8.19,1365.04,111373.78,4.8,18,47,1
11821.12,60,22.9,293.43,233558.37,24.64,2,10,0
11983.03,36,21.65,378.56,183244.2,31.72,23,16,1
38571.05,60,23.68,657.26,175739.62,36.89,6,20,0
1401.1,60,22.5,462.93,64679.74,19.12,6,46,1
28925.95,60,19.73,1145.78,68129.39,18.31,12,30,1
28543.6,36,8.7,527.09,131113.31,33.1,12,47,1
25284.89,36,11.05,1479.18,170029.87,7.83,2,30,1
39614.24,60,14.94,1292.42,110912.68,18.49,4,26,1
13163.3,60,16.78,1346.16,34762.61,25.51,24,31,1
14258.9,60,20.64,123.59,177096.65,28.0,14,20,1
4078.64,60,9.54,289.17,197962.79,4.47,23,13,0
18269.13,36,7.57,278.97,237189.57,34.69,7,16,1
11180.89,36,14.65,1017.79,114016.58,32.73,9,7,1
14392.08,36,8.16,47.51,79351.05,12.68,6,18,0
33548.3,60,18.87,1215.45,232935.84,19.06,11,18,1
37483.9,60,16.51,834.16,184481.93,15.36,19,23,1
8243.59,60,19.82,862.48,34716.85,39.24,5,27,1
15527.85,60,6.27,819.88,153406.29,23.36,20,29,1
37216.59,36,24.29,816.96,26561.13,10.82,19,24,1
3410.53,36,5.0,320.89,72100.53,29.84,21,14,1
4602.06,36,11.51,446.27,36319.16,32.87,22,25,0
7348.85,60,18.59,746.8,67125.02,29.05,10,11,1
24213.3,60,5.9,1026.43,132682.22,3.34,7,18,1
6868.42,60,6.67,429.77,88739.29,11.51,18,13,1
38754.98,60,6.53,1215.02,40242.91,14.5,6,37,1
18421.87,60,16.63,1221.57,130873.87,8.67,8,5,1
20559.2,36,22.92,432.6,182952.32,19.25,8,20,1
10619.69,60,16.11,853.3,32218.82,12.78,19,40,1
19367.45,60,17.07,542.92,222952.57,1.46,17,47,0
26814.63,36,11.92,310.31,170206.06,26.08,10,15,0
30295.91,36,5.37,1214.82,139471.54,17.44,18,28,0
30400.86,60,5.43,1487.48,111152.88,1.12,18,9,0
23537.75,36,22.77,861.61,110456.18,37.32,16,9,0
36270.03,60,7.05,1373.5,97178.52,26.04,4,30,1
32878.91,60,25.0,973.99,46617.75,2.96,16,14,1
30524.88,36,8.29,861.61,38225.63,35.58,11,20,1
3168.62,60,18.49,735.81,91030.97,16.83,2,34,1
1268.24,60,23.98,376.5,173424.73,9.58,7,46,1
9285.44,60,12.25,153.86,86330.7,1.84,7,10,0
26877.42,36,19.69,680.23,206820.94,29.79,3,26,1
17036.7,36,12.02,855.13,107466.85,38.77,17,5,1
16693.84,36,11.1,778.89,165174.52,7.41,4,22,1
35498.89,36,9.04,1052.49,119340.09,16.68,8,21,1
35926.95,60,21.42,312.39,134500.09,9.5,8,22,0
36457.84,36,10.15,550.68,77536.93,22.9,5,39,1
13241.24,60,10.66,640.88,,34.85,15,23,1
27951.18,36,24.98,304.19,45450.21,5.23,18,13,1
11593.69,36,11.55,1362.5,108956.54,11.93,7,18,1
8433.78,60,13.46,1031.82,123109.22,6.59,5,43,1
8200.67,36,24.8,165.04,181919.07,9.15,18,13,1
14342.2,36,12.39,1077.81,112050.87,5.2,10,11,1
17768.35,60,12.32,835.25,173050.28,25.39,18,21,1
33407.02,36,21.55,800.19,60161.71,1.74,5,8,1
5675.75,60,11.24,1484.99,25801.99,29.16,24,8,1
29662.11,36,9.68,938.76,136367.92,5.68,20,29,0
21726.74,60,13.46,1348.19,,10.67,20,43,0
12229.87,36,19.01,1372.92,174043.07,13.81,12,17,0
20219.96,60,5.86,179.09,92115.41,15.24,12,47,1
12697.74,36,12.48,42.29,26869.03,6.92,3,44,1
24247.2,60,11.92,669.84,186421.01,19.55,17,18,1
17919.91,36,9.9,1160.85,236708.67,35.79,7,42,1
7411.82,36,18.09,1241.57,,18.35,9,31,0
5546.74,36,10.8,1187.62,160559.39,1.11,16,15,0
22321.13,60,17.13,687.51,145278.06,14.54,9,11,1
36194.11,60,15.09,1132.45,150180.34,16.13,12,32,1
14414.35,36,9.34,1086.6,219496.53,11.33,2,20,0
29587.0,36,10.33,491.31,189357.46,11.84,6,32,1
26687.79,36,8.41,278.02,197050.87,7.96,9,35,1
37330.64,36,6.13,943.49,40708.63,38.27,18,26,0
33018.26,36,17.38,1025.32,53742.72,21.18,22,13,0
23097.61,36,18.46,864.92,172560.06,21.47,23,41,1
26624.19,36,8.32,343.37,144305.29,17.02,21,35,1
36037.07,36,17.31,436.71,198084.01,24.68,24,35,0
16581.23,36,24.64,1071.47,41406.86,16.93,12,25,1
13744.99,36,6.49,1445.05,150292.04,27.56,6,9,0
1421.63,60,14.81,1418.91,131795.96,3.53,19,23,1
33235.49,60,19.66,793.9,216577.98,1.19,4,25,1
32238.25,36,5.92,1333.24,63044.26,22.5,6,34,1
5073.73,36,20.57,73.29,100204.02,29.36,19,41,1
23497.44,36,24.59,1295.89,54608.44,26.76,10,17,0
19095.29,60,6.77,729.94,123898.47,15.95,6,5,1
5629.65,60,21.44,1178.85,222723.34,0.13,19,10,1
39242.16,36,12.57,38.21,174176.7,4.83,2,48,0
9373.14,36,7.88,1306.78,191188.72,15.68,21,23,1
3622.13,36,14.86,904.62,41467.48,26.57,21,27,1
24199.05,60,6.43,383.14,123965.96,12.48,21,34,1
29815.8,60,15.44,540.8,212894.18,21.26,15,23,0
2265.29,60,5.39,324.98,212620.31,7.02,7,18,1
26689.99,60,19.57,653.88,247244.64,6.78,17,11,1
21759.38,36,14.76,515.11,140989.39,29.71,22,49,1
5027.34,36,14.18,815.72,20476.43,17.54,8,14,0
7728.43,36,8.92,1227.73,226783.91,37.96,16,36,1
23151.0,36,12.23,1473.94,239925.24,8.45,6,18,1
12557.95,36,8.64,399.64,233381.63,17.91,10,44,0
37594.31,60,19.71,186.57,197539.59,7.53,17,21,0
32930.87,36,8.98,611.63,68740.44,10.24,7,43,0
39359.12,36,17.34,241.02,51983.13,25.6,17,18,1
11127.16,60,10.59,1256.33,181203.78,36.39,22,6,0
38819.22,36,18.14,766.65,52297.29,5.14,2,49,0
17818.12,36,15.81,941.34,239262.6,5.18,7,17,1
14553.23,36,13.47,251.4,122540.39,38.1,6,17,1
2963.63,60,18.46,1131.92,27087.46,29.45,11,45,1
3057.85,36,13.31,1461.17,54636.53,12.51,17,25,1
27988.44,60,21.43,739.11,86810.67,16.28,4,31,1
18859.23,60,19.59,1444.81,181863.58,31.56,5,34,1
9834.34,60,15.81,81.03,189577.23,27.95,11,35,1
24944.84,60,22.54,82.51,68995.8,24.38,22,28,1
10861.47,36,21.58,1441.22,169167.77,34.59,10,32,1
23527.64,60,15.64,1059.39,27320.29,12.5,10,14,1
15009.14,36,6.37,307.37,43656.17,8.45,23,33,1
33118.54,60,16.32,564.9,143052.46,16.39,12,38,0
33007.15,36,12.11,776.4,181879.44,0.3,7,23,1
19616.67,36,15.8,1062.88,230304.47,20.29,17,21,1
14681.95,36,17.94,1267.78,120683.07,14.61,9,38,1
15139.83,36,17.9,151.5,47589.2,5.28,24,18,0
32422.87,36,18.47,995.16,,35.02,23,32,0
13799.0,36,18.59,730.77,120610.67,,3,15,0
9153.32,36,7.19,908.5,134418.81,28.24,16,42,0
4302.85,36,8.83,777.54,216518.79,28.23,11,44,0
19201.03,36,17.61,692.52,154729.33,1.7,6,11,1
19803.15,36,13.16,332.1,89333.56,17.11,17,22,0
33795.44,60,20.26,724.33,144379.5,19.06,7,37,1
9628.31,36,7.5,308.79,163718.05,32.7,4,15,1
15858.66,36,8.83,95.58,224653.97,24.98,18,45,0
32527.82,36,16.17,579.52,74011.93,2.53,14,24,0
33121.32,60,15.01,66.68,148657.18,17.95,17,46,0
15999.83,60,10.33,856.94,231714.78,12.03,7,43,1
18905.84,36,13.17,136.42,30458.74,6.84,17,22,0
12828.15,36,5.7,673.2,64750.6,11.04,14,46,1
37369.64,60,5.74,1470.81,99652.43,33.61,17,19,1
5627.11,36,6.9,44.53,176047.73,24.8,5,39,1
37416.23,36,16.54,569.28,213624.87,17.42,6,8,1
27670.79,60,22.27,1019.7,65809.3,28.82,5,42,1
21731.31,60,10.2,263.61,76742.03,38.73,22,39,1
2273.7,36,5.68,854.28,209355.65,37.09,2,43,0
19548.25,36,19.17,409.54,54119.01,3.87,16,48,1
16902.18,36,22.11,357.47,80070.7,13.29,15,47,1
7287.53,60,7.76,1345.63,188519.52,12.53,21,32,1
26599.97,36,12.71,328.82,58216.52,22.15,5,42,0
38874.89,36,8.17,583.53,210447.71,3.62,11,28,1
22925.36,60,7.13,279.31,132818.82,36.87,7,10,1
28875.38,36,17.96,447.31,122941.58,31.3,20,34,1
3669.57,36,24.35,460.87,51108.7,4.91,20,38,1
17289.01,36,18.56,510.36,176321.41,10.17,6,9,1
5537.98,36,24.7,972.37,223320.24,5.72,4,15,1
24899.04,60,13.69,1121.61,,19.11,15,13,0
37600.8,60,22.96,780.68,92883.46,35.6,17,17,0
26809.33,60,9.1,927.4,180723.69,25.79,24,21,1
3995.32,36,7.36,1225.51,137286.77,24.22,4,47,1
14831.98,36,19.05,1499.35,216358.0,2.98,14,12,1
22475.87,36,12.43,701.06,125718.83,36.25,5,31,1
16725.1,36,11.35,1406.56,74579.61,11.23,15,6,1
33512.12,60,18.43,750.84,43288.93,36.01,3,23,0
32772.17,36,11.67,1179.54,,18.16,18,43,1
24861.41,36,16.45,872.64,149614.17,21.15,4,35,0
15564.86,36,10.99,1329.54,59109.78,24.2,5,47,1
10958.12,60,20.68,689.59,29145.06,11.54,10,26,1
5129.1,36,11.25,1052.85,123233.9,33.42,6,15,1
14841.01,36,15.7,715.48,99909.39,38.33,9,18,1
17113.73,36,5.46,1289.83,116689.84,11.34,6,20,1
27357.09,36,20.83,1491.72,124450.68,0.01,19,34,0
26668.23,36,17.41,387.67,196196.21,21.02,18,38,1
3734.22,60,8.84,727.28,241013.18,23.71,24,18,1
16415.11,36,9.31,149.45,80325.42,2.54,15,36,1
8089.38,36,10.25,237.26,236751.74,26.92,17,39,1
7115.7,36,16.53,1395.85,72526.39,11.68,8,40,0
33264.78,36,15.97,829.11,193637.37,38.35,10,30,0
2634.69,36,10.48,610.82,176709.59,31.26,8,16,0
17348.13,60,18.88,1017.08,32011.11,2.9,23,12,1
7559.94,36,22.78,853.44,186732.01,38.17,22,29,1
35293.88,60,5.87,454.42,227258.22,9.09,14,27,1
22724.58,60,13.34,363.12,233951.13,31.93,2,9,1
10023.84,36,16.87,897.65,177594.48,25.73,10,17,1
20594.66,36,16.73,306.75,200915.25,21.45,19,20,1
29527.97,60,5.39,234.58,36454.63,37.31,9,35,1
38366.6,36,9.21,498.03,57088.11,24.24,22,11,0
9597.39,60,6.24,1296.17,80370.32,34.35,8,43,1
35561.09,60,16.38,84.12,142207.83,33.11,7,36,1
37437.86,36,17.91,1254.9,108836.29,26.89,8,43,1
36740.4,36,8.19,942.83,171141.06,19.61,9,37,1
25781.16,60,11.66,89.35,122508.42,3.93,6,34,0
25563.01,36,11.6,915.0,198255.12,6.16,24,20,0
16725.21,60,21.4,656.25,184125.26,21.31,15,42,1
30343.52,60,8.89,1266.46,191874.72,13.29,12,29,1
21720.47,36,15.97,1363.58,210635.22,8.31,9,49,1
27420.08,60,20.66,451.14,211871.16,38.68,10,36,1
17709.86,60,21.59,1182.73,199297.05,34.34,2,29,1
29528.36,60,18.33,485.41,35163.11,17.21,11,40,1
33154.39,60,10.99,464.58,163336.77,34.84,4,40,1
6711.01,60,21.46,313.18,24551.57,2.38,20,44,1
33484.26,60,19.84,1027.38,191064.58,3.97,16,7,1
22071.56,36,19.09,414.68,34043.28,37.92,24,49,1
33941.97,60,6.35,713.34,246139.45,27.55,16,40,1
17820.77,60,5.87,1223.83,161237.99,30.57,8,47,0
15782.58,36,18.91,1194.11,61859.56,33.32,15,13,1
36687.37,36,23.9,1287.5,127704.29,2.13,9,22,0
10795.6,36,20.47,266.76,210135.7,28.71,22,43,1
33924.28,60,21.63,892.73,61399.53,14.27,17,37,1
19876.8,36,15.9,1374.81,143458.36,32.72,24,17,1
21049.72,60,11.09,91.81,20823.58,15.51,13,16,0
13030.26,60,18.55,1197.95,201338.04,30.7,15,7,1
23348.65,60,19.24,391.97,64759.75,36.05,16,20,1
13683.24,60,18.51,1014.39,109050.98,13.57,22,36,1
2531.51,36,23.93,1084.59,141956.05,18.77,22,24,1
11607.95,60,12.34,1390.61,53318.16,21.5,18,39,1
1248.78,60,5.79,777.94,233134.29,27.51,23,24,0
39155.84,60,23.17,1276.9,127825.41,33.76,14,34,1
38664.14,60,8.21,96.62,73310.22,,10,20,0
16411.06,60,18.95,648.2,189082.84,37.83,23,44,1
29406.46,60,22.46,676.09,225669.09,31.42,15,49,1
14486.44,36,11.2,821.27,229914.31,5.58,12,41,0
27172.63,36,21.61,737.57,119160.81,13.43,20,37,1
32411.77,60,11.64,1452.9,102676.09,10.05,6,30,1
37923.49,60,20.89,145.45,233729.21,6.36,2,20,1
16608.28,60,6.4,419.57,32152.78,25.79,7,33,1
31548.62,60,18.1,1453.88,192624.22,2.63,5,39,1
11371.21,60,18.54,684.59,60827.03,23.95,11,35,1
39622.96,36,14.83,869.6,127065.3,33.11,23,31,1
2005.01,60,18.74,149.11,239349.22,14.48,5,32,1
24537.62,36,23.46,447.55,153664.07,19.59,18,30,1
26720.73,36,19.68,88.29,140391.37,5.77,2,30,1
27833.78,36,24.23,232.13,34214.17,28.82,18,22,1
5695.12,36,13.97,960.97,83788.33,36.35,22,49,1
37602.66,36,15.57,1152.53,20701.75,29.31,6,49,1
8066.15,60,10.27,1309.02,,4.92,24,9,0
25287.38,60,24.71,399.65,168316.58,13.82,16,9,0
9684.37,60,6.1,519.31,47146.36,6.93,9,34,1
12981.44,60,12.17,867.02,103598.72,23.58,2,11,1
22311.88,36,10.95,153.02,206625.53,28.9,8,13,1
17270.54,36,12.73,1215.88,52269.74,39.01,18,15,1
7248.8,60,23.35,740.44,72961.02,20.12,11,33,1
7666.52,36,12.36,1449.3,144523.5,25.49,11,40,1
17307.65,60,23.34,202.45,53337.73,4.26,17,39,1
30534.04,36,13.47,225.94,108022.46,6.21,16,38,1
36020.62,36,22.1,542.41,245889.38,9.27,11,43,1
4280.98,36,15.44,333.94,145085.81,2.17,7,48,0
16331.05,36,11.23,1053.99,181351.39,16.33,4,30,1
4909.58,60,13.99,1421.81,172554.64,38.05,13,17,1
1647.11,36,13.49,162.16,68694.69,26.12,15,23,1
26807.03,60,10.2,386.09,214606.08,17.44,12,14,1
24495.53,60,10.79,379.71,48071.54,19.76,9,15,1
7357.75,36,8.73,778.34,231966.88,5.87,12,34,1
10118.7,60,11.72,694.48,69696.53,3.87,20,40,1
1924.6,60,17.49,1098.49,239591.19,10.36,11,8,1
33562.94,60,12.73,1106.97,203531.6,12.26,8,41,1
39012.93,60,19.25,871.95,59326.15,4.91,17,34,1
6282.92,36,24.74,898.8,56892.62,27.66,9,36,1
10027.53,36,12.54,1268.21,39441.77,36.93,15,14,1
34867.97,36,14.25,613.5,76891.74,6.98,18,47,1
37132.09,36,8.28,48.14,171594.55,33.53,21,34,1
17365.47,60,12.84,343.15,139669.57,11.93,19,49,1
2974.28,60,19.54,81.98,161070.68,24.28,5,35,1
2536.28,36,9.35,608.44,27162.34,3.55,20,47,1
23384.04,36,8.64,556.02,38393.42,9.57,24,45,1
16322.91,60,12.53,174.99,179154.03,6.32,13,46,0
2117.44,36,21.37,1139.89,215018.92,6.45,24,27,1
23746.84,60,17.47,843.0,102667.01,37.34,15,15,1
1440.8,36,24.15,361.78,58290.95,14.55,8,17,1
31707.51,60,23.09,1145.92,90921.77,7.84,23,43,1
12950.88,60,8.02,1011.86,114766.89,6.85,20,47,1
2570.06,36,5.85,311.64,164931.26,26.92,8,28,1
23945.74,36,12.98,1474.85,114178.89,28.74,11,48,1
16509.69,36,15.44,290.82,226319.46,39.19,17,27,1
38978.22,60,15.31,1164.4,112278.85,25.04,12,37,1
22223.75,36,7.68,1453.38,61715.91,18.35,24,30,1
11734.33,36,7.5,1096.49,77119.26,8.97,16,23,0
28668.12,36,5.94,1008.69,126988.24,1.57,11,43,1
11588.19,36,22.02,1357.88,199966.42,35.23,17,25,0
36265.49,36,23.95,425.62,219963.58,31.55,19,14,1
15614.16,60,7.31,437.42,62616.87,31.85,8,33,1
22444.87,36,9.26,972.51,20798.54,12.88,21,45,1
2972.35,36,6.8,1326.74,219964.03,14.3,14,39,1
17618.73,36,22.55,937.54,72485.19,31.35,17,20,1
33462.18,36,24.17,1466.26,208982.43,27.5,19,39,1
32420.3,60,10.24,357.67,,25.98,14,38,1
9748.42,60,11.07,1244.04,,22.19,11,38,1
9817.08,36,12.25,1393.08,53754.13,14.73,15,41,1
32874.91,36,15.05,657.69,174568.53,29.65,19,48,1
37285.54,36,18.65,1444.11,,14.44,8,25,1
4719.08,60,15.09,327.16,126051.65,29.39,10,18,1
18552.29,60,24.02,1430.67,122661.73,7.62,3,10,1
14160.72,36,7.0,1357.13,193714.19,23.62,20,25,1
34956.85,60,20.97,127.23,135027.28,14.29,7,22,1
4257.47,60,11.69,796.36,200690.89,33.14,4,11,1
9233.91,60,12.55,807.39,32446.78,20.75,11,43,1
30346.27,60,19.18,113.75,217255.04,24.96,5,42,1
3000.46,60,23.59,88.11,80276.25,3.33,4,29,1
20208.88,60,19.32,37.49,58914.76,19.81,12,23,1
18242.17,36,20.52,801.03,27427.51,31.23,24,35,1
14041.65,60,20.02,711.81,211836.81,34.4,18,28,1
16388.32,36,11.42,1412.48,33826.52,28.85,7,36,0
21667.68,60,20.14,533.19,239519.0,16.74,5,35,1
7293.33,36,20.69,997.59,149913.66,10.3,7,33,1
23307.84,60,15.67,41.12,180697.13,15.57,23,38,1
32411.86,36,15.74,1005.4,186821.4,22.46,10,8,1
30646.28,36,20.19,1372.79,87317.43,0.23,23,48,1
7002.1,60,21.34,551.51,205485.42,36.48,12,47,1
6820.73,36,11.74,491.66,237635.36,13.75,21,45,1
11458.8,36,21.03,950.26,105065.76,31.87,10,32,1
15081.91,60,21.28,512.97,212130.36,21.38,5,25,0
16929.77,36,9.68,621.56,197569.16,26.49,20,6,1
27508.19,60,19.34,431.48,155607.05,30.38,20,26,1
3210.54,36,8.73,536.99,104551.67,11.52,12,20,1
2352.24,36,6.86,1028.73,115492.62,24.24,2,42,1
16284.51,60,16.49,1385.89,90749.96,30.07,21,48,1
28189.38,36,23.17,887.18,118042.21,30.84,6,10,0
8543.98,36,5.71,44.75,247614.19,16.64,3,21,1
26018.67,60,21.53,417.92,103585.4,29.14,23,21,1
11133.3,60,15.13,1429.79,173067.24,12.08,13,31,1
35557.36,60,22.22,1368.17,93509.48,4.97,17,10,1
35931.91,36,21.87,200.0,127328.98,4.52,12,8,0
12594.2,36,22.51,1365.37,39268.02,20.23,18,8,1
9969.76,60,20.38,1447.86,195543.87,15.33,10,27,1
17040.85,36,21.86,507.12,172035.62,9.3,17,26,1
10380.73,36,8.52,1060.48,99921.55,15.65,8,28,0
27222.97,36,11.08,853.17,140714.28,16.47,11,9,0
33216.52,36,9.85,525.46,220611.02,22.14,2,40,0
27250.59,36,19.85,255.4,30219.52,2.32,23,7,0
33149.67,60,8.07,569.37,233949.79,36.32,18,41,1
16482.69,60,8.64,1393.86,128283.91,14.89,9,49,1
7096.36,36,22.58,1222.54,217720.74,24.62,17,16,0
29780.09,36,19.12,516.09,218141.07,12.26,10,27,1
15058.51,36,22.51,835.08,33503.82,30.47,23,20,0
27179.56,60,7.79,626.76,199766.75,18.35,11,40,1
11555.11,60,12.98,715.37,188559.5,12.87,24,12,0
4167.96,60,10.66,1148.98,29934.52,38.55,13,6,1
39710.69,60,5.19,828.22,236323.71,34.61,11,33,0
7091.86,60,10.69,296.14,165946.09,7.21,13,28,1
39548.42,36,12.59,425.48,58532.82,28.03,7,38,1
39113.92,36,6.84,864.66,48312.35,30.17,20,47,1
31958.91,36,16.33,1048.44,149253.79,1.38,7,40,0
26717.5,36,12.66,776.94,33531.88,38.44,12,11,1
23534.47,60,5.93,941.71,57814.23,9.32,6,18,1
34777.96,36,19.08,1190.38,238144.01,36.33,19,27,1
12288.14,36,19.59,831.73,191290.4,26.16,9,47,1
19239.57,36,21.69,1466.47,161102.5,20.48,8,10,0
25156.21,36,14.71,376.29,68028.51,31.43,13,5,0
17036.43,60,24.37,1381.94,70258.64,27.0,17,41,1
17671.97,60,23.28,394.06,122540.74,29.61,24,48,1
13881.1,36,16.03,811.52,193432.48,34.32,16,22,1
23005.04,36,13.9,700.18,20903.81,18.85,11,40,1
34172.41,36,5.06,578.14,30183.31,17.03,19,47,1
8859.61,36,19.22,1445.22,220125.67,35.99,8,31,0
37442.89,60,16.3,430.28,207235.11,31.91,9,32,1
27874.42,60,23.75,1022.06,179776.66,0.77,2,19,1
33107.66,36,16.88,1211.98,134892.36,26.15,9,11,1
22691.44,36,24.86,319.6,53379.16,36.16,17,5,1
31401.15,60,22.08,1460.53,43513.63,27.34,8,38,0
1631.82,60,24.07,833.56,228236.56,22.14,12,8,1
32916.84,36,11.55,1374.3,107980.02,7.04,15,36,0
2565.42,36,7.99,1005.91,180016.2,38.02,2,47,1
35706.62,36,20.94,984.66,124925.56,25.05,17,24,1
39686.55,60,20.72,538.01,188113.65,4.04,20,13,0
12468.63,60,9.23,1162.77,64461.04,37.11,16,10,0
9202.42,60,20.29,73.79,131450.62,20.66,3,45,1
30849.17,60,16.64,847.06,106679.26,6.29,16,25,1
10868.03,60,7.19,77.24,76362.35,9.06,21,44,1
34756.93,36,15.04,481.1,157473.56,38.71,6,20,1
5010.86,36,23.62,171.55,143503.86,17.47,7,5,1
5912.25,36,15.13,1370.04,134008.98,16.79,8,48,1
39186.91,36,20.77,953.54,155953.63,19.45,5,40,1
27279.72,60,5.58,1012.71,52782.08,28.02,6,44,1
34028.6,36,19.56,1281.16,105226.12,14.6,11,22,1
13648.85,60,23.94,1107.56,94675.08,16.84,14,48,1
27382.87,60,14.99,212.57,196910.35,29.84,8,44,1
24175.43,36,11.75,937.78,28216.54,18.45,24,13,0
24522.85,36,17.93,1467.91,84844.15,28.54,14,25,1
27618.77,36,23.33,344.75,231207.69,38.49,19,13,1
23439.01,36,8.54,940.98,89080.65,38.5,6,16,0
17733.43,36,13.07,858.51,54936.88,17.88,17,41,1
11760.99,36,8.13,605.72,194189.44,9.37,2,28,1
30974.67,60,14.93,1433.31,31004.16,10.05,8,9,1
9824.62,60,15.81,553.91,118053.57,32.77,11,17,1
28001.82,60,23.88,167.71,216732.28,3.19,12,39,1
10099.98,36,13.25,1444.94,239441.81,1.62,4,40,1
25387.88,60,16.34,1101.95,77274.54,27.26,14,30,1
30136.05,36,22.71,533.4,88126.51,36.4,2,35,1
9529.84,36,11.43,442.35,150467.75,9.23,14,48,0
3337.79,60,18.48,1394.2,72106.86,,11,25,0
6107.98,60,20.14,432.12,54671.14,35.81,3,27,1
24633.88,36,11.61,819.62,117975.75,14.17,2,15,1
34128.41,36,8.29,345.98,36617.06,21.99,6,44,0
2754.88,60,15.06,1492.97,225670.59,33.45,11,11,1
29631.9,60,12.14,1161.18,96865.22,10.0,23,40,0
14311.43,60,10.33,864.42,97345.35,24.05,13,23,1
19662.61,60,24.47,1126.36,202015.82,39.66,14,25,1
37225.52,60,15.04,1377.06,98556.12,29.65,5,34,1
13946.89,60,22.13,1445.79,195008.58,15.89,9,11,1
19148.14,36,8.91,1185.45,,30.72,17,14,1
1533.61,60,23.79,1278.13,141667.32,0.87,23,25,1
4182.35,36,20.89,614.76,196757.64,8.61,11,27,1
11085.07,36,21.17,605.98,123476.79,29.79,23,31,0
2086.24,60,12.8,1218.2,36517.05,10.49,6,19,1
25623.64,60,14.71,1146.65,189487.54,5.04,21,43,1
17629.54,60,16.87,1354.44,133632.99,11.73,4,49,1
22377.66,36,20.8,225.52,92775.71,6.85,15,33,0
7811.24,36,21.98,1045.5,248343.02,16.83,6,33,0
12541.35,60,6.56,982.04,221496.61,4.98,10,20,1
26889.15,60,23.08,1203.82,28699.19,33.51,8,34,1
38646.81,36,23.75,66.09,156540.43,31.2,7,11,1
2966.25,36,16.86,1244.59,101550.81,12.28,7,32,1
35724.99,60,8.74,509.85,28603.19,20.8,15,25,1
23498.37,60,21.37,1040.07,22598.32,34.2,22,34,1
22992.86,60,15.97,936.34,154264.29,37.16,10,6,1
20510.86,36,21.34,677.09,93630.05,3.64,17,18,0
3706.37,36,21.3,1126.66,181762.73,28.88,19,40,1
4505.2,60,6.73,1442.99,124516.9,5.42,15,8,1
24435.57,60,17.14,505.51,196294.44,0.8,10,39,1
14297.38,60,14.66,1130.2,207005.0,3.16,15,41,1
36773.45,36,23.92,492.37,171163.91,23.04,22,47,1
16857.03,36,10.93,1273.11,116133.7,15.08,13,6,0
6587.98,36,9.12,672.79,247349.77,4.75,12,24,1
28874.03,60,22.94,690.42,90537.64,18.97,15,10,1
12440.78,60,7.97,1164.66,138353.25,20.33,2,36,0
21493.34,60,18.73,759.37,139692.94,31.5,9,43,1
28215.48,36,11.0,421.97,118517.94,26.55,8,22,1
36110.3,36,16.36,1493.44,47925.52,18.64,18,35,1
31895.46,36,17.32,941.73,101406.68,12.97,21,9,1
27378.08,60,13.35,978.37,69493.64,0.08,9,17,1
27505.69,60,24.5,980.48,226967.15,33.28,23,5,0
37891.06,36,7.64,1328.54,170736.27,10.68,16,10,1
12537.14,60,12.83,300.29,86197.26,8.53,12,43,1
1043.37,60,13.61,116.95,150118.5,29.38,16,38,1
11606.23,36,17.62,598.45,216237.73,2.87,6,20,0
9497.76,36,13.15,860.41,234919.93,10.5,9,30,1
26811.55,36,6.94,449.99,37258.18,17.4,10,17,1
25714.75,36,23.95,1043.13,200988.96,17.66,7,8,1
24144.99,36,13.32,138.66,242250.86,6.31,17,40,1
1633.49,60,11.85,1192.34,127466.53,1.6,7,14,1
29422.34,36,13.93,1085.59,248972.82,18.82,5,14,1
13617.69,60,9.33,344.5,240127.94,14.3,11,31,1
26937.18,60,7.0,468.73,171085.01,11.39,21,19,1
22706.56,36,7.97,1216.29,214950.62,10.83,19,39,1
14366.51,36,8.33,1166.81,88209.52,20.17,17,30,1
6248.47,60,8.95,1226.24,231016.64,0.87,14,38,1
4682.34,60,13.4,503.7,156134.5,4.24,16,31,1
33429.21,60,17.48,1455.27,,13.01,4,8,1
36817.5,36,17.58,1081.55,212202.21,19.19,11,16,0
26341.73,60,5.0,125.85,224583.71,27.75,13,46,1
5033.93,36,23.42,732.27,181287.29,11.72,21,45,1
16679.06,36,21.46,1006.88,25758.35,26.68,17,27,1
29428.63,60,24.28,277.92,157357.41,15.49,3,46,1
31413.01,36,12.2,1355.6,208980.86,30.99,9,34,1
5610.53,60,18.3,1138.54,145411.95,19.22,16,37,1
1001.2,60,8.36,149.7,235017.49,21.66,8,20,1
28773.34,36,21.34,1372.4,226383.0,17.4,4,46,0
14907.25,36,8.23,624.42,141825.54,5.32,22,32,1
10924.77,60,11.52,695.13,112881.08,6.85,6,8,1
1503.0,36,14.82,1181.17,32667.58,16.02,19,27,1
22071.68,36,16.89,976.68,165497.48,3.95,23,10,1
34194.88,60,16.19,673.17,81171.88,5.61,14,21,1
38347.63,36,7.04,411.65,173744.03,24.95,11,37,1
23064.05,60,13.43,789.84,203715.08,25.33,16,11,1
21063.99,60,23.46,881.39,113999.51,5.1,14,41,1
4317.2,36,22.45,957.47,23584.49,34.15,6,33,0
22406.04,60,16.82,919.44,219008.29,34.27,21,7,1
15819.18,36,16.45,937.44,146271.63,15.19,24,23,1
24678.28,60,7.23,729.33,92402.03,19.92,18,34,1
16160.33,36,9.01,855.98,165773.09,32.06,9,45,1
10371.67,60,10.05,454.3,175110.65,30.51,3,42,1
4703.65,60,14.76,262.81,53917.34,14.51,24,36,1
13281.82,36,19.63,922.2,168672.35,12.68,19,9,1
4769.15,36,14.21,99.09,85938.01,26.57,5,22,1
7898.98,36,7.52,125.85,204833.7,14.54,14,25,1
39506.11,36,13.79,393.55,236547.43,27.58,11,22,1
18320.04,36,8.25,315.66,43613.49,5.19,11,5,1
21743.0,36,20.02,579.95,230992.29,26.88,6,17,0
35071.12,36,8.33,575.79,227792.57,31.41,12,44,1
39827.19,36,14.65,201.78,98868.75,36.18,11,16,1
23725.86,36,18.87,392.36,26632.17,18.25,24,45,1
32686.48,60,9.56,36.72,172541.84,22.41,24,30,1
13750.7,36,6.52,545.92,99283.57,11.56,19,40,1
12924.01,60,16.27,1200.76,64078.92,6.02,23,24,1
16705.45,36,6.08,421.26,44969.82,6.92,15,19,1
27227.78,36,16.76,975.72,65086.06,33.78,10,5,0
27605.48,60,20.07,174.44,74617.37,21.66,19,17,1
13294.34,60,11.59,48.06,203039.87,15.05,21,29,0
6195.19,36,14.77,762.64,200278.47,34.56,12,15,1
25663.45,60,23.58,708.38,133715.27,4.55,8,31,1
6004.71,36,14.42,311.53,147264.82,23.77,8,21,0
23561.21,60,24.93,451.28,231097.8,31.63,14,26,1
28043.46,36,8.14,75.09,,5.0,15,33,1
28323.85,60,19.18,1202.77,210594.97,4.82,8,42,0
30385.41,36,18.05,472.89,106082.97,1.33,19,16,1
35041.52,60,22.45,352.6,104307.05,37.68,21,43,1
20498.4,36,6.85,1212.85,224213.01,27.69,2,48,1
29479.72,60,10.6,87.73,233098.12,2.86,18,48,0
25147.74,36,7.64,448.25,203644.57,26.85,24,45,1
8278.96,36,23.66,416.25,194141.28,12.14,20,14,1
2001.9,36,13.53,416.57,148377.72,4.37,16,49,1
12097.11,60,23.2,46.9,97817.03,39.69,17,36,1
18278.31,60,10.89,1403.97,75345.49,7.2,2,16,0
25067.13,60,7.53,1300.29,52277.81,31.94,24,6,1
34148.41,60,10.93,639.3,187486.41,35.26,4,6,1
8653.58,60,16.94,684.79,198705.13,21.21,15,23,1
5896.44,36,21.9,800.51,102488.39,39.04,6,44,0
38575.72,60,12.71,733.12,21389.47,4.79,4,40,1
5213.74,36,23.3,1175.33,235877.14,38.43,12,10,1
19661.15,36,9.88,747.98,120530.54,2.83,23,19,1
23836.99,36,18.87,307.57,244155.94,19.09,18,10,1
22113.6,36,19.71,201.95,175792.7,34.2,22,47,1
4355.25,36,10.48,1379.86,48523.1,22.13,2,6,1
3224.05,60,5.54,101.12,95199.01,23.34,17,42,1
5113.85,36,12.3,1349.41,171121.55,6.44,7,44,0
23837.92,60,5.9,1045.0,169328.15,39.37,19,17,1
22229.45,36,23.02,624.92,73356.65,9.24,14,26,0
10115.89,36,24.07,305.15,60677.08,34.36,24,17,1
25873.19,60,19.71,486.41,83661.88,38.26,9,42,1
32982.63,60,19.53,808.91,200985.16,,15,18,0
2621.58,36,9.82,995.57,75630.05,29.22,17,46,1
20427.07,36,6.48,1046.46,181409.57,3.21,21,18,0
27883.11,36,21.04,687.52,220099.91,29.66,15,21,1
10840.17,60,16.18,579.74,110073.14,19.37,23,24,1
13003.07,60,18.63,1159.43,21608.63,4.72,12,7,1
24931.88,36,20.59,1390.36,52650.28,35.79,12,46,1
36019.48,60,13.19,1374.26,91736.28,27.15,15,31,0
32587.05,60,7.89,840.88,63689.47,6.74,16,9,1
23742.08,60,20.9,146.16,86588.13,21.31,24,31,0
29478.65,60,14.08,137.74,145129.66,13.03,23,41,1
15228.08,60,21.54,622.05,24848.65,28.42,10,29,1
25997.66,60,13.75,1107.29,34784.74,25.1,2,10,0
19181.08,60,9.34,761.1,216820.05,7.58,10,6,1
8407.51,36,8.42,952.22,140133.54,9.68,7,41,1
28367.79,60,19.88,1269.68,235172.16,28.18,13,44,1
22702.12,60,16.5,89.29,20753.39,27.01,14,19,0
14986.24,36,13.09,1388.01,20034.77,12.49,11,14,1
36542.23,60,14.84,516.42,190107.22,19.13,12,26,0
1816.43,60,15.99,98.78,129538.13,18.69,6,14,1
13315.15,60,9.79,1258.08,230173.62,4.98,7,40,1
3218.37,60,12.56,1403.21,200914.31,24.84,18,34,0
30894.57,36,10.85,1159.87,135911.41,10.58,19,26,0
28382.19,60,12.77,1212.64,130060.52,,17,6,1
13922.74,36,15.01,1310.82,206571.5,2.87,24,38,1
27350.85,60,8.47,797.87,204852.47,24.56,20,32,0
16441.55,60,12.87,1030.28,83697.31,33.58,21,8,1
30493.9,60,12.71,451.08,175166.48,22.78,10,25,1
18713.16,60,10.72,397.06,167936.52,23.87,16,49,0
17078.91,36,24.97,925.15,216899.43,26.93,9,21,1
37454.47,36,6.47,1109.87,219773.3,7.85,6,45,1
10784.28,36,17.86,613.8,81704.55,2.75,20,24,1
5697.45,36,8.49,618.43,222340.76,34.16,22,48,0
23797.18,36,21.79,1432.72,232651.36,33.86,12,36,1
38803.55,60,23.28,792.14,45216.43,21.79,22,44,0
15735.73,36,13.03,1479.84,151961.62,7.88,24,47,0
3419.43,36,21.47,1298.38,120386.65,32.69,20,13,1
14232.91,60,10.0,970.3,112456.48,8.81,18,7,0
20731.33,36,7.8,43.43,182110.76,34.44,19,37,1
7315.0,60,11.32,465.01,49800.72,16.95,24,48,1
26665.99,36,11.83,643.94,208587.54,2.3,11,43,1
39912.23,60,12.95,989.64,26117.87,32.67,24,40,1
18617.84,36,12.46,611.42,153009.2,22.43,11,18,1
14834.41,60,13.22,1246.9,71832.8,12.73,4,11,1
16627.46,36,19.2,1004.47,173517.85,18.12,24,48,1
5490.7,36,9.91,540.33,140849.34,35.45,7,46,1
35447.67,60,5.37,1183.12,249943.01,8.13,5,32,0
17178.2,60,14.79,475.54,218334.18,4.15,5,19,1
16103.7,60,13.97,122.3,97425.53,31.39,6,34,1
26727.92,36,6.2,283.66,141550.96,24.87,8,31,0
18239.3,60,7.68,34.03,93096.77,34.8,22,7,1
26281.11,36,15.2,1253.55,187622.5,12.54,18,14,1
3396.41,60,9.7,951.85,117155.02,22.45,13,42,1
32735.21,36,22.55,868.74,46550.69,1.7,8,21,1
37679.65,60,8.47,1003.21,171984.89,33.87,17,48,0
26301.85,60,5.4,990.79,22544.96,7.65,14,26,1
38228.07,36,13.95,861.28,88376.72,4.58,20,21,0
6905.86,60,24.72,1268.34,228642.91,19.38,12,33,1
19619.23,60,17.68,678.19,41660.09,29.8,5,49,1
24470.46,60,12.08,1213.07,136017.92,8.39,19,40,0
23687.73,36,5.34,1186.35,202870.35,9.34,24,34,1
16657.01,36,14.7,323.27,228035.49,12.62,13,36,1
14185.29,60,9.13,697.03,148762.81,32.44,15,28,1
5946.14,60,17.96,1257.35,55231.72,29.89,17,6,1
16277.96,36,16.66,1251.36,236397.21,10.79,21,42,1
7343.77,36,10.3,65.29,192329.53,10.21,3,11,1
29640.26,60,6.38,357.88,111004.18,36.26,9,16,1
9144.41,36,20.1,653.1,83705.57,24.59,24,24,1
3284.05,60,16.71,99.32,30974.79,9.0,3,8,1
22542.28,60,21.84,413.12,64029.17,5.62,17,45,1
24213.96,36,10.2,409.7,198865.72,2.65,2,45,1
35004.61,36,18.06,345.42,44984.36,9.85,19,46,1
23502.28,36,7.37,613.09,49764.88,28.8,10,6,1
14473.75,36,10.84,1225.13,65064.52,14.87,13,42,1
32317.46,36,18.13,388.85,110928.6,38.6,24,34,1
22070.88,36,21.51,885.64,63486.36,12.97,16,8,1
4091.93,36,11.42,849.64,227989.81,6.01,11,24,1
23068.17,36,20.98,1232.35,79260.73,7.06,19,29,1
36412.72,60,18.56,609.18,231482.15,19.54,10,41,1
16456.19,60,11.97,358.65,246536.89,37.5,15,34,1
12556.71,36,22.53,1340.54,193604.77,36.01,6,39,1
6595.31,60,15.18,1254.43,21710.52,7.33,22,14,1
6906.38,60,17.96,943.61,75204.63,30.18,13,17,1
17878.09,60,14.91,167.06,81486.69,30.1,6,8,1
24231.51,60,14.05,53.69,144833.56,6.61,9,26,1
4144.0,60,21.96,298.46,56430.55,11.93,16,47,1
37643.17,36,10.89,319.06,37759.49,3.04,12,15,0
30450.21,36,5.73,230.28,60562.28,2.99,9,41,1
23878.33,36,22.6,415.41,95290.95,17.68,2,18,1
33309.11,36,21.5,526.7,31318.29,19.36,7,46,1
4127.28,36,12.33,1139.02,64933.77,1.31,8,14,1
19596.72,36,8.71,1073.0,58529.59,38.65,10,28,0
25573.63,60,18.51,183.44,197642.65,19.45,5,35,1
33317.46,36,6.58,1466.35,59002.02,31.51,7,33,1
31555.31,60,13.48,1135.64,202054.09,25.4,24,23,1
11805.7,36,6.72,270.25,136881.89,24.77,16,42,1
37694.33,60,16.96,213.01,194306.46,12.13,22,6,1
5849.49,60,5.54,158.69,123582.09,35.48,8,29,1
35130.21,36,17.58,1105.73,227242.69,11.99,12,26,1
38866.67,36,18.46,377.34,83599.3,38.06,20,5,1
7908.99,36,14.74,137.26,196365.58,1.58,21,12,0
29160.58,36,8.5,650.09,57586.6,4.59,9,45,1
2571.14,60,7.03,1071.79,223008.22,29.06,11,43,1
16811.49,36,11.27,477.7,26541.41,24.35,3,6,1
21135.05,36,14.3,739.49,125210.31,28.68,7,40,1
23645.16,60,17.84,313.23,116889.4,25.66,9,13,1
37501.55,60,5.03,660.85,163471.86,21.09,14,32,1
27217.78,36,19.22,557.65,121414.67,1.25,8,11,1
19769.84,36,19.25,667.86,155465.09,32.36,12,18,0
32577.33,60,13.89,714.6,218191.68,20.41,17,22,1
38070.78,36,11.87,165.68,52666.56,4.23,24,44,1
1860.58,60,21.85,167.25,76153.88,7.7,9,45,1
39318.33,60,20.69,413.1,204648.58,26.48,12,36,1
4359.15,36,24.67,200.16,72454.71,,19,5,1
32761.08,60,12.44,401.59,228300.42,34.78,6,27,1
11933.06,36,23.14,66.08,144386.61,31.63,9,44,0
6155.01,36,6.75,545.59,38828.8,12.25,9,15,0
18154.37,36,13.23,343.71,24751.86,35.34,19,36,0
26114.31,60,14.31,1341.46,195468.05,35.41,10,28,1
15857.12,36,13.82,1291.49,216960.69,33.51,6,9,1
3128.05,36,17.5,471.62,75168.86,12.31,18,39,1
24378.98,60,8.4,728.96,75379.38,26.23,8,25,0
36193.73,36,22.33,1435.01,239443.48,18.06,4,24,1
15945.4,36,16.04,800.42,170923.04,21.56,24,34,1
9436.98,36,23.08,1277.2,58551.25,16.39,11,26,1
18260.52,60,5.05,1244.77,123175.0,0.16,18,14,1
2886.15,60,17.6,1413.69,229400.31,0.4,22,10,0
32999.02,36,13.25,479.38,162870.06,30.91,11,17,1
33227.29,36,15.1,93.87,113718.01,37.86,16,40,1
23932.02,36,19.88,182.81,54737.71,9.18,24,16,1
14771.01,60,9.54,869.81,186980.42,21.77,7,11,1
32191.55,36,9.1,809.51,,12.24,11,23,1
22632.79,36,19.06,468.73,150159.46,19.1,21,49,0
33211.36,36,15.43,395.61,158032.25,4.73,7,48,1
25626.89,60,9.67,1072.79,147753.38,29.02,9,26,1
31591.81,60,14.68,530.54,76693.34,20.65,7,9,1
24343.96,60,14.19,917.81,182903.16,12.35,18,6,1
17151.5,60,18.83,1077.07,150191.5,26.54,20,15,1
38359.89,60,5.05,662.78,112847.07,20.45,20,48,1
22103.44,36,16.74,314.31,31990.1,16.17,3,9,1
24598.49,36,17.11,1295.35,96190.67,21.33,13,48,1
9599.02,36,19.91,167.49,101062.93,38.15,24,9,1
25400.38,36,22.78,1249.32,201967.57,2.77,22,12,1
23292.7,60,13.8,1259.92,138092.83,36.96,12,7,1
8208.7,60,11.85,869.37,234387.34,5.05,13,17,1
3323.9,36,7.05,955.33,192667.87,8.25,14,23,0
24570.01,60,11.74,556.29,143741.07,39.17,2,6,0
30784.0,36,6.37,1267.13,58843.74,32.4,4,6,1
21412.65,60,21.06,417.64,70837.64,14.07,20,38,1
9844.13,36,21.14,852.87,56818.25,16.19,22,40,1
26994.36,36,13.34,32.64,121855.67,11.96,24,19,0
4124.12,36,10.19,1411.57,186180.72,9.01,21,9,0
18231.51,60,7.36,1424.0,194644.71,2.44,7,37,1
7371.3,36,22.02,1074.31,42114.78,1.35,6,14,1
8193.9,36,22.55,652.16,134059.49,20.06,3,32,1
8889.46,60,10.33,292.56,130731.34,21.2,7,6,1
16081.58,36,17.44,753.92,120943.93,30.46,17,42,1
2994.86,60,10.17,1193.37,,3.81,22,16,1
16513.94,60,9.5,919.75,129435.85,20.59,17,10,1
20956.59,60,5.42,805.42,138819.55,36.98,8,36,1
19848.48,36,16.54,1278.68,157930.12,34.11,4,8,1
15928.58,60,8.0,490.31,106793.99,21.38,20,14,1
33726.72,60,5.25,1294.15,237373.15,5.35,9,27,1
6667.74,60,7.1,676.0,97932.89,6.24,4,9,0
20722.17,36,11.28,33.55,225861.71,19.09,15,14,1
3419.62,60,18.38,1105.95,204288.31,24.69,22,18,0
3775.07,36,9.05,1320.43,127012.26,39.14,5,9,0
23380.77,60,22.75,742.01,134151.85,33.25,7,9,1
23074.72,60,10.77,698.48,220068.17,16.57,6,45,1
35243.31,36,11.62,1214.01,133326.75,14.01,23,40,0
22757.07,36,9.36,1330.62,176257.3,0.54,3,14,0
38431.85,36,10.08,1462.4,206139.66,0.31,14,38,1
2899.1,60,6.48,538.11,228812.68,18.98,4,18,0
4822.3,60,10.9,904.19,70177.76,2.77,20,39,1
2718.57,36,22.19,1239.69,244334.13,6.25,6,44,1
8225.8,36,18.77,811.82,242026.72,39.22,2,28,1
22109.53,36,22.51,708.92,88391.64,28.69,23,32,1
26177.32,36,7.1,870.74,161157.47,18.09,23,32,1
2777.82,36,14.11,554.59,30791.13,34.32,19,24,1
37892.86,60,9.59,312.35,58600.29,7.1,6,9,1
33844.45,60,19.42,127.95,154277.95,15.57,9,9,1
12567.89,36,24.4,926.67,169524.44,11.79,10,39,1
4010.31,36,21.31,587.33,142958.69,39.82,13,12,1
7625.6,60,5.71,1327.94,182086.1,36.04,20,34,1
5950.83,36,11.33,357.75,202364.88,21.04,12,41,1
5808.07,36,5.57,486.75,,16.96,3,34,1
21223.91,36,5.8,1456.64,171711.97,39.92,17,37,1
10588.05,36,6.59,847.75,149397.59,8.25,19,34,1
14967.45,60,10.53,539.73,47044.84,16.32,3,37,1
39590.71,36,11.08,1295.51,72579.03,28.47,13,47,0
27688.26,60,13.01,1122.76,116523.87,28.15,13,27,0
38010.25,60,13.1,872.52,218664.44,22.97,10,31,1
6559.71,60,20.43,1336.98,69915.93,38.08,15,39,1
15903.44,60,7.83,168.12,,9.87,6,47,1
22634.54,36,8.15,609.91,185818.9,22.75,23,15,1
3993.56,60,17.53,1221.51,244432.38,32.42,12,24,1
1163.31,36,16.43,597.34,122885.61,9.3,12,11,1
27146.94,36,8.08,1392.3,100531.65,34.85,13,10,1
26030.96,60,22.05,254.21,78406.34,25.57,21,33,0
17020.76,36,11.58,524.86,31440.4,15.24,20,37,1
20096.12,36,12.34,655.84,61035.25,25.91,17,12,1
17202.28,60,13.41,1039.83,41485.47,37.12,11,48,1
1936.2,60,11.45,317.16,133643.36,39.53,5,28,0
14079.49,60,16.15,44.5,244985.43,11.26,8,26,1
7906.21,36,12.77,1465.47,201102.56,36.36,12,45,1
4838.54,36,10.19,1351.17,158388.72,1.54,15,26,0
38312.1,60,23.09,471.33,131926.8,0.29,24,25,1
24375.03,60,11.17,740.72,161951.86,24.06,16,25,1
29417.6,36,18.97,748.71,106486.13,19.27,15,10,0
13299.19,36,11.94,1307.76,61028.62,18.77,3,29,0
16332.74,60,13.7,907.68,155647.94,9.36,18,36,1
10240.04,36,9.72,1244.85,141463.76,23.9,6,39,1
4781.66,36,20.05,1370.63,237243.44,0.68,18,13,1
7982.23,60,19.74,861.95,169461.55,17.35,4,29,1
32103.05,60,5.44,449.66,197889.02,14.68,17,43,1
27424.29,36,6.2,763.1,41321.39,7.72,9,29,1
22330.23,36,23.45,1280.78,195015.51,20.43,12,42,1
19528.51,36,22.78,887.92,246055.23,27.61,18,12,1
36974.94,36,15.12,1346.71,171223.98,32.52,22,43,1
3836.66,60,14.87,1346.29,190679.25,18.49,2,47,0
11943.43,36,21.25,578.84,245289.89,9.6,7,43,1
14647.58,60,7.77,688.73,109993.19,8.4,20,38,1
31514.61,36,18.07,1026.53,209561.06,23.17,19,33,1
39708.07,60,14.52,193.26,111929.28,15.57,20,47,1
10386.15,36,19.87,714.37,117961.28,12.7,4,6,1
35097.99,36,5.6,249.6,171395.63,20.92,5,24,0
33394.29,60,16.85,1276.5,78976.41,22.26,11,27,0
9761.64,36,16.13,1415.89,248339.82,9.35,5,35,0
16573.97,60,21.82,238.08,95723.26,15.13,16,49,1
16977.24,60,18.54,1010.99,48255.49,28.31,22,48,0
39150.61,60,22.6,965.72,94187.43,15.5,21,31,1
8054.78,36,22.75,1147.31,216872.23,17.76,2,25,0
32167.16,36,13.16,1052.8,92203.45,25.6,2,45,1
14033.52,36,7.75,349.18,160611.79,7.63,9,8,1
29503.94,60,17.61,458.08,235123.65,34.67,23,48,1
17380.43,36,22.47,272.89,79792.19,13.54,6,45,0
23556.03,36,6.5,1384.08,50214.03,27.51,18,20,1
33471.86,60,16.16,797.08,42275.1,11.89,10,13,1
32362.46,60,7.3,1464.96,121284.69,25.93,22,42,1
34790.5,60,5.54,690.5,43985.94,11.09,20,35,1
3325.08,60,18.59,842.5,124375.93,29.92,14,27,1
27989.97,36,18.64,1190.26,218424.9,4.19,9,16,1
6459.51,60,17.01,1201.92,198821.28,12.3,15,44,1
17216.92,60,22.18,369.79,153791.2,22.7,16,6,1
22394.95,36,6.62,453.78,215597.18,25.33,22,33,1
16706.84,36,7.11,173.78,43062.11,5.53,16,23,1
21264.86,60,22.29,1214.03,160166.07,12.78,17,18,1
39864.53,36,15.07,1196.98,46597.52,4.07,3,27,1
6273.48,36,10.46,149.45,130892.06,33.37,13,9,1
27342.79,60,19.76,408.43,126596.35,39.35,22,32,1
16444.04,36,22.89,691.3,80985.73,11.35,11,24,1
6187.38,60,18.79,826.42,210866.57,19.32,24,14,1
7190.73,36,20.84,798.14,,20.26,2,15,1
38021.65,36,10.65,1475.12,146935.68,6.58,13,16,1
35304.46,36,10.78,1153.26,130920.11,26.7,8,11,0
36374.64,36,22.28,196.39,119280.01,20.67,15,28,0
39669.78,60,17.3,461.45,27714.69,20.55,15,9,1
9124.3,60,9.68,537.78,180248.79,2.34,16,49,1
14862.13,36,15.48,493.27,22917.63,3.2,22,27,1
27099.54,36,18.72,1185.34,208725.86,38.57,5,27,1
19868.3,36,9.37,560.03,81270.75,37.59,6,12,1
17317.19,60,18.1,753.87,47601.25,0.73,6,38,1
14954.64,36,5.84,814.18,115919.36,21.62,2,38,1
24157.44,60,11.07,427.52,148652.93,2.59,9,42,0
23448.14,36,18.48,504.36,91383.41,31.73,23,6,1
7296.86,60,7.99,1176.6,48010.5,1.97,10,46,1
19397.85,60,9.44,1304.02,24215.27,21.97,17,6,0
22585.4,36,22.58,84.51,181877.05,24.77,13,6,1
23241.19,60,18.49,919.58,223880.23,3.84,2,35,0
9194.18,36,14.98,961.15,43119.84,23.77,11,40,1
29948.58,60,9.22,1113.84,73045.77,37.67,14,12,1
1982.76,60,11.83,1049.95,24652.71,3.89,22,12,1
14838.44,36,16.49,1319.81,223565.23,,6,38,1
31428.29,60,8.11,145.35,122289.87,10.85,13,25,0
22991.82,36,14.63,600.91,232794.9,10.94,12,47,0
11185.33,60,13.18,1179.67,127662.85,21.77,7,19,1
28103.17,36,14.53,1274.47,218302.11,37.11,19,24,1
23128.25,60,7.11,419.21,238903.98,9.23,23,9,0
32053.5,60,7.13,890.37,97084.88,39.73,4,17,0
29665.98,36,24.28,295.72,167363.54,3.66,11,20,0
24794.21,60,24.59,1280.81,173276.6,37.61,6,42,0
20038.93,36,13.52,1103.73,24924.01,0.71,13,7,1
6194.1,36,20.78,356.44,120792.71,6.49,23,5,0
11191.99,60,18.12,946.95,216725.4,39.06,4,44,1
17344.88,36,7.34,778.7,237645.61,10.64,18,10,1
24372.67,36,10.93,410.48,226820.8,0.28,8,43,0
21034.61,36,11.27,1342.89,243766.52,35.4,13,31,1
12239.2,36,16.92,247.32,170199.63,36.56,16,5,1
1252.11,36,16.6,717.17,73543.86,29.78,12,28,0
20353.33,36,23.47,886.71,152337.9,37.58,2,17,1
12139.41,60,20.8,1240.61,116863.11,10.63,6,34,1
29649.72,36,22.14,250.76,79490.09,25.81,24,26,1
1933.9,36,22.82,925.49,197740.81,29.69,15,5,1
23808.28,60,21.03,39.64,164715.71,38.94,21,33,0
37717.5,36,11.66,1239.19,201723.97,35.93,20,30,1
7801.96,36,9.3,375.06,81982.85,2.36,9,12,1
19394.33,36,16.44,1089.75,227893.45,13.56,14,41,0
4565.46,60,18.79,914.76,74904.16,24.6,15,27,1
25401.59,60,12.73,103.69,158442.16,34.22,11,27,0
22470.74,36,21.97,299.35,33085.77,11.19,14,38,1
16887.26,36,24.21,423.58,144421.78,0.32,12,6,1
21333.7,60,16.39,1333.49,42706.38,7.48,22,41,1
35966.41,36,14.13,736.78,96409.43,17.01,12,22,1
8655.48,60,21.86,1372.85,217958.53,2.45,4,23,1
1880.02,36,5.49,99.75,225511.28,1.69,8,17,1
34604.93,36,7.58,39.65,196478.66,16.06,20,33,1
23507.57,60,21.91,1423.92,104571.87,25.92,14,6,0
35735.68,36,19.64,1094.16,153106.25,28.42,16,12,1
24280.86,60,13.32,1181.48,71515.16,21.31,7,24,1
32596.28,60,22.78,1376.23,176020.31,17.43,16,14,1
17757.26,36,12.03,1477.27,99902.69,0.75,6,28,1
30244.54,36,17.68,173.64,70829.68,10.5,11,28,1
36608.62,60,17.69,262.69,,26.79,3,31,1
23312.8,60,8.69,307.2,45714.5,17.98,24,24,1
8050.62,36,10.7,1233.07,177940.77,10.56,24,23,1
11483.11,36,23.32,552.66,63011.25,9.18,24,23,1
8747.14,36,8.67,902.11,147294.73,0.69,22,23,1
10627.42,36,8.47,1287.18,110276.95,33.0,21,7,1
12950.2,60,14.59,1034.24,150236.28,35.12,6,5,1
22650.22,60,6.84,126.16,76571.23,14.63,12,36,1
23931.67,36,22.89,685.14,91389.54,28.05,15,41,1
17633.49,60,7.0,129.23,52273.85,2.6,3,34,1
25001.41,36,17.33,733.9,198702.1,35.55,12,43,1
4181.42,60,11.8,352.37,36125.77,36.27,10,41,0
4423.74,60,21.09,31.92,106579.94,6.27,11,49,1
7701.35,36,16.8,1225.33,123292.26,31.22,6,28,1
21205.02,36,12.77,1454.99,64897.43,18.93,6,27,1
9345.79,36,24.68,1447.28,108508.97,27.24,18,14,1
12048.09,36,6.32,469.8,116160.29,18.99,21,30,1
16612.2,60,16.56,1248.3,71595.99,3.15,23,20,0
32662.78,60,24.79,1027.8,167028.82,33.6,11,5,1
1540.62,36,18.82,1206.11,27096.42,3.43,7,11,0
26325.77,60,19.8,1273.97,65439.87,14.41,17,17,1
27086.18,60,5.64,1471.01,163537.24,39.44,13,40,1
32147.58,36,5.43,253.04,164331.31,17.07,9,43,1
37377.36,36,5.72,1161.53,81010.4,32.81,19,25,1
1785.38,36,24.83,1109.21,177101.32,,5,24,1
6997.56,60,24.59,452.97,128051.43,33.2,3,24,1
35560.68,36,11.69,607.1,141266.73,18.45,2,14,0
18882.22,36,10.82,289.83,96500.38,20.4,12,5,0
23019.03,60,7.92,1372.51,246382.63,38.75,3,49,1
26858.06,60,11.58,1322.62,189599.06,35.45,9,48,1
27483.6,60,12.4,932.63,77138.88,13.91,15,31,0
37337.88,60,19.97,782.1,74409.55,37.98,14,37,1
39881.03,36,22.33,372.35,198059.9,4.12,11,18,0
29086.14,60,19.93,1190.72,109242.51,1.05,14,23,1
12201.63,36,17.93,42.06,41047.75,21.31,9,31,1
35310.34,36,20.32,710.3,28187.98,,3,45,1
2919.62,60,19.77,1295.01,115209.88,8.84,15,28,1
10012.15,36,14.51,939.17,115382.85,3.21,18,15,1
35998.04,36,11.72,963.63,182577.04,33.82,19,35,1
10991.47,60,10.66,133.94,152197.48,39.45,9,16,1
9605.39,60,18.59,451.46,197127.63,27.77,6,30,0
6386.89,60,24.19,1020.58,93083.02,39.01,22,25,0
34505.36,36,16.62,102.94,163577.84,33.31,16,38,1
20502.27,36,23.25,516.48,223711.64,10.07,17,42,0
27320.83,60,5.28,550.3,35936.02,4.39,24,41,1
10323.59,60,20.89,763.12,182943.81,32.36,17,7,1
30563.58,60,22.07,562.69,184653.09,26.38,2,29,1
30640.22,60,17.62,697.55,202626.97,32.52,18,10,1
13191.32,60,23.68,834.09,81880.88,28.73,9,48,1
17016.62,60,16.8,218.67,115799.8,20.21,11,49,1
9177.92,60,9.81,295.3,75132.92,37.63,23,27,0
39085.88,36,9.31,1253.79,90973.83,30.14,20,43,1
26178.5,60,16.12,705.86,242756.95,0.34,20,12,1
37447.21,60,23.13,552.07,122500.42,28.17,21,9,1
12832.04,60,6.45,667.81,215167.06,21.77,12,40,1
31493.75,60,17.09,286.98,202822.37,5.53,20,23,1
30868.49,36,20.4,382.58,122240.99,17.41,13,30,1
27974.57,60,7.31,787.82,248201.2,20.97,14,47,1
38659.92,36,7.34,557.62,213379.52,18.74,23,42,1
16348.66,36,12.32,728.92,131019.86,17.38,21,41,1
6097.98,36,10.48,250.07,91232.31,25.25,16,22,1
27196.65,60,8.97,260.01,37317.75,26.34,23,13,1
29443.08,60,8.97,594.4,126903.98,27.9,19,36,1
23427.36,36,7.61,586.92,102802.28,,20,27,1
9065.9,36,17.22,1328.5,183616.68,33.33,14,43,1
20673.78,60,18.76,79.17,24526.02,22.97,5,20,0
13175.4,36,19.06,1489.5,211232.96,2.92,6,6,0
17671.19,36,15.65,1436.09,115824.47,14.59,5,11,0
26163.52,60,24.06,827.11,128038.49,0.15,21,10,1
30063.37,60,22.61,1086.57,62041.74,23.81,5,30,1
10056.76,36,24.15,1404.82,235620.88,39.0,14,8,1
16807.69,36,12.78,399.26,111629.06,33.08,4,34,1
11497.3,60,22.56,493.98,213826.7,19.45,10,33,1
8746.63,60,20.26,193.06,74614.3,28.33,15,42,1
31552.1,60,11.8,858.85,42231.11,29.68,5,43,1
36460.86,36,7.13,264.39,166225.02,23.79,9,5,1
15439.06,60,18.65,1398.38,246415.79,35.42,4,37,1
30299.88,36,7.73,664.4,168796.56,12.87,5,30,1
35982.82,36,10.88,1381.94,160004.02,26.94,9,32,1
33998.84,60,15.01,331.5,121713.07,2.59,11,33,0
8129.72,60,18.6,1050.23,85274.3,5.53,8,40,0
38295.38,60,23.52,981.96,119091.65,37.54,5,7,1
15690.38,60,16.86,617.52,54260.1,21.72,18,43,0
14230.39,36,18.43,1350.56,80238.56,30.18,11,48,1
3434.82,36,11.2,669.16,132098.65,34.77,7,49,1
19960.77,36,18.75,321.69,53302.98,37.37,2,17,1
5251.53,36,13.76,1466.17,202052.32,3.59,14,48,1
10693.05,60,22.14,678.98,22659.1,,21,6,1
13360.76,36,12.85,335.87,93966.49,25.19,11,13,1
32544.23,60,14.37,564.54,138829.84,24.01,14,9,1
35144.06,60,13.65,931.86,233657.99,5.82,8,6,1
12796.19,36,21.22,782.68,151894.01,30.93,14,28,1
34489.23,36,24.07,963.62,87827.91,12.62,12,29,1
34432.01,36,11.55,1002.93,101003.86,8.89,8,9,1
30821.39,36,14.5,211.37,98006.56,28.29,21,36,1
6721.11,36,19.12,492.88,61484.96,8.61,16,34,1
27922.59,60,22.91,1130.59,53315.2,19.95,2,18,1
37855.94,60,14.87,986.04,130546.15,12.7,22,21,1
27619.08,36,7.18,159.87,82160.04,32.94,11,14,1
13933.06,36,12.37,493.27,41123.86,38.17,8,38,1
20522.59,36,16.01,1399.04,69790.09,32.98,22,23,1
26183.28,36,13.35,1297.16,139767.0,15.88,23,24,1
20912.25,36,8.73,1015.84,79085.44,6.51,13,16,1
5678.16,36,5.74,137.11,74680.7,27.93,15,41,0
13170.5,60,18.75,922.37,162750.99,36.15,2,46,1
32293.45,60,24.85,47.92,178565.76,16.06,11,30,1
34595.3,36,23.38,1001.86,75486.55,1.63,7,15,0
6354.7,36,18.67,1104.88,128592.5,4.97,19,14,1
38143.08,60,21.83,760.95,195850.35,15.31,23,13,1
13824.08,36,10.11,35.6,178677.98,19.97,14,31,1
26830.24,36,17.45,1009.92,35936.87,11.62,4,14,1
30321.18,36,6.21,1235.02,102816.28,19.5,6,36,1
32665.9,60,19.14,891.23,186353.41,38.35,15,9,0
37884.24,36,24.4,1072.52,61270.62,3.08,4,32,0
13203.86,60,22.22,162.77,65063.25,32.14,7,32,1
34481.75,36,15.69,1081.52,164939.49,18.21,18,14,1
6135.79,36,20.77,932.86,85262.72,26.15,14,14,0
28496.6,60,23.88,516.6,94462.6,38.77,19,40,1
29937.13,36,9.32,1037.44,140247.59,18.38,14,12,1
27431.21,60,20.87,979.01,192633.54,3.84,13,19,1
10840.27,60,10.4,911.21,134606.44,33.12,17,11,0
35048.68,36,22.54,298.93,225488.18,10.59,18,15,1
7585.48,60,6.97,465.45,44527.39,36.21,4,36,1
3091.76,60,8.56,1487.33,193454.32,3.28,16,33,1
28981.13,36,19.41,666.67,145036.78,9.12,18,47,1
19543.55,36,8.5,117.36,207837.9,38.72,11,11,1
34114.82,36,8.16,1351.54,92772.75,35.21,17,17,1
15952.49,60,16.11,284.21,130883.33,8.75,2,43,1
7562.86,36,21.7,623.17,209427.48,31.06,5,39,1
33621.25,36,10.37,438.66,211309.72,,17,30,0
22407.48,36,21.82,1446.9,106477.81,6.31,10,29,1
8378.64,36,21.16,585.8,209105.08,7.29,9,17,1
29094.98,60,16.58,1071.81,176951.64,1.73,11,45,1
20933.43,36,17.93,909.62,114168.79,19.38,8,17,1
24568.21,36,5.81,93.17,243032.26,15.63,2,45,0
18975.04,36,12.34,594.94,27105.69,23.58,3,13,1
33319.65,36,10.27,603.33,108012.46,27.55,22,43,0
33352.95,36,8.0,1485.05,90599.11,23.81,5,34,1
28666.16,60,12.79,1223.54,235224.9,11.14,18,27,1
5110.65,36,12.1,1289.28,42874.24,3.31,7,29,1
33715.3,36,19.58,490.88,164445.62,29.28,2,31,1
27169.51,60,16.96,513.71,184824.45,12.36,20,10,1
28183.94,36,23.26,787.94,62360.44,9.88,20,12,1
15156.33,60,7.91,957.59,54487.93,27.62,2,43,1
35291.9,60,6.19,1100.59,31001.21,17.68,13,39,0
29289.49,60,15.69,1236.58,56541.3,8.18,6,37,1
5391.03,60,5.02,1313.61,205889.46,30.66,9,48,1
16903.34,36,20.75,66.2,237109.92,32.26,13,27,1
35568.83,36,15.12,1200.26,227327.12,39.41,13,39,1
2840.67,60,14.76,927.93,104020.1,18.72,18,8,1
38495.25,60,12.25,812.16,186951.37,1.47,11,17,1
27487.34,60,12.5,953.85,210220.04,20.69,5,21,1
25623.66,60,13.62,1326.45,206871.66,0.93,3,44,1
11551.81,60,5.32,831.58,34417.54,37.9,8,16,0
10702.88,36,6.67,268.42,69410.99,6.99,7,18,1
37740.27,60,15.1,672.06,235957.33,37.02,2,42,0
12632.63,36,8.0,1388.96,190178.42,38.0,19,36,1
31244.71,60,20.58,1227.29,211901.05,31.02,7,5,0
16331.75,60,10.49,328.48,138248.35,3.49,17,39,1
6430.91,36,6.96,1079.79,110402.89,22.33,9,37,1
1417.9,60,9.7,406.65,169781.44,14.17,22,14,1
22226.04,36,12.14,542.35,128757.05,32.81,2,18,1
39055.37,36,5.71,719.31,105965.29,12.09,14,14,1
15396.31,60,7.83,678.08,100011.38,18.05,5,5,1
14930.5,60,11.48,73.04,56318.61,22.95,7,28,1
14419.57,36,11.21,1167.79,141765.03,1.41,13,12,1
21301.21,36,21.01,1274.19,139564.71,24.36,21,47,1
18185.93,60,21.87,810.49,155877.0,13.77,21,42,1
35316.67,36,8.87,284.24,46731.44,21.17,22,22,1
20715.31,60,7.48,394.47,230432.29,4.99,19,9,1
20802.56,60,17.68,215.71,190672.91,13.43,3,44,0
6396.49,60,21.09,279.17,50121.74,23.27,9,19,1
39326.84,36,24.27,1318.3,38249.11,22.86,10,9,0
10748.94,60,5.14,735.84,167871.75,6.32,18,26,1
3861.2,36,13.27,193.19,98545.63,16.59,5,31,0
26862.7,36,19.68,404.48,93381.17,20.78,16,38,1
24219.29,60,21.57,1425.77,213197.94,3.25,6,39,1
17190.68,36,6.25,778.62,99382.94,23.97,20,29,1
17465.5,36,18.61,787.98,165401.87,9.27,14,6,1
31617.49,36,10.78,802.7,143527.14,36.81,6,27,1
8632.79,36,6.49,194.08,80482.5,10.74,21,25,0
32989.88,36,14.78,1456.36,96277.22,31.49,4,9,1
26301.14,60,8.16,154.19,,23.29,12,31,1
17339.82,60,19.74,1059.06,96215.76,27.41,5,22,1
18863.12,36,19.83,114.91,200320.79,36.07,22,38,1
11009.24,60,21.84,682.08,218093.36,33.91,2,40,1
30332.46,60,12.55,1352.53,36338.74,5.11,21,42,1
21002.11,60,5.27,1159.61,172514.27,37.35,16,31,1
13513.33,36,10.19,521.97,192329.93,5.55,21,32,0
24245.95,36,14.36,840.48,119824.99,12.66,21,19,1
39833.64,60,18.88,272.95,150944.77,20.93,19,29,1
17975.23,60,12.64,1435.5,57215.35,37.33,3,23,1
36906.96,60,15.72,1071.76,93254.37,25.09,2,21,1
14455.66,36,15.49,580.21,182763.4,35.0,4,37,0
3134.58,36,8.3,497.36,158591.38,37.67,16,5,0
8965.44,60,17.46,380.8,51368.72,29.94,20,31,1
17329.11,36,13.79,1186.18,247251.2,19.28,13,14,1
9565.76,36,21.16,668.88,235691.5,15.52,12,43,0
1008.85,36,18.81,515.42,71546.98,11.01,12,14,1
36685.06,60,7.23,1360.68,221277.73,20.26,21,36,1
33911.3,36,14.78,250.82,81448.94,1.92,19,25,1
29949.4,36,19.05,417.84,149660.0,9.13,2,12,1
7544.77,60,6.74,536.81,199871.73,14.33,11,13,1
5694.18,60,20.85,411.98,99138.45,34.14,10,40,1
3636.59,60,9.44,890.54,147683.9,15.04,21,22,1
29237.14,36,15.06,913.52,123581.33,9.58,19,9,1
37223.51,36,23.81,110.48,194845.68,31.31,6,26,1
17790.9,36,16.43,242.46,130095.41,37.73,19,18,0
5646.49,36,13.48,321.84,150389.58,30.99,23,36,0
20983.32,36,5.14,133.38,214478.27,5.03,12,36,1
14604.44,36,7.67,213.4,180688.47,12.81,14,16,1
15618.17,60,16.57,382.29,141325.75,24.12,17,9,1
25231.89,36,14.88,538.06,126097.07,7.84,3,32,1
29030.01,36,12.28,1193.22,49156.1,25.46,6,32,1
5313.54,60,23.46,350.32,32964.29,9.44,20,33,0
2388.02,60,11.65,1014.94,239138.35,21.71,22,38,1
39778.88,36,15.74,115.09,62901.11,28.27,10,21,1
10076.41,36,16.37,997.61,83680.49,31.47,13,18,1
3099.39,60,15.55,1198.24,160518.16,32.02,18,44,1
8405.14,36,14.55,919.07,,30.99,9,20,1
2519.36,60,11.74,326.05,211622.65,5.48,4,25,1
16280.62,60,23.18,515.7,210818.91,39.57,9,31,1
32293.67,36,14.02,1213.62,244960.24,30.89,17,18,0
14308.53,60,15.57,665.0,32811.7,4.17,11,48,1
18323.15,36,18.13,405.19,111965.09,27.9,19,6,1
27347.88,60,6.35,1401.06,230125.18,18.8,20,11,0
20846.87,60,20.63,966.91,127487.7,17.12,3,23,1
34596.38,60,15.25,1214.4,220398.22,27.06,14,26,0
34775.39,36,18.14,66.02,24060.98,6.72,24,22,1
1386.52,36,20.44,528.82,136004.6,39.98,7,33,1
31343.81,36,22.48,704.58,232164.01,21.78,16,28,1
18968.61,36,12.84,893.51,80095.06,23.79,17,12,1
39564.78,36,21.23,309.26,233821.41,17.01,11,39,1
19846.05,36,10.18,761.99,21949.78,24.24,14,39,1
39488.94,60,18.21,1037.87,38153.33,26.56,5,47,0
30428.21,60,7.05,538.44,129669.66,13.82,12,40,1
10695.59,36,5.4,1046.42,44467.31,18.48,17,42,1
21997.4,36,6.92,602.79,71887.38,10.22,12,14,0
39693.29,36,11.39,720.11,88430.75,30.88,14,46,0
34443.69,60,5.62,227.41,130744.08,29.49,17,36,1
4797.31,36,17.61,987.37,109818.14,32.44,12,40,1
28548.51,36,11.33,359.69,232093.96,28.11,10,34,1
14477.6,36,19.73,1248.41,223783.37,0.8,17,19,1
1272.31,60,5.92,843.56,192056.3,7.65,18,20,1
16735.76,60,9.33,853.58,171640.91,15.54,18,42,1
10155.42,60,13.16,1371.34,66998.44,9.37,10,27,0
32935.9,60,12.65,276.08,158420.04,21.27,22,19,1
14155.89,36,7.62,809.44,53824.44,35.92,6,10,0
33273.42,36,24.88,591.84,,29.52,2,11,0
1023.32,36,10.69,1450.5,126150.46,10.66,3,19,1
13004.95,60,19.42,1195.29,178633.29,,20,28,1
10405.44,36,9.4,1143.53,212079.15,2.08,15,7,1
10109.13,60,22.56,330.06,93715.52,0.25,9,18,0
3659.28,36,12.76,378.87,29471.69,17.01,5,25,0
8297.85,36,23.02,72.9,30803.19,29.12,18,13,1
22666.43,36,11.84,968.65,221209.59,34.43,9,45,1
12363.08,36,5.17,575.13,131854.95,17.26,18,47,0
17278.4,60,15.34,488.7,77042.89,7.21,19,16,1
15697.81,60,15.5,966.44,27425.95,10.45,9,28,1
35160.29,60,7.4,1248.17,141615.8,17.82,15,48,1
36306.66,36,9.7,225.55,51531.8,25.98,14,45,0
20225.32,60,20.67,1380.43,,21.71,18,24,1
13876.08,36,5.74,80.38,138697.87,33.62,3,39,0
5165.23,36,14.79,169.81,72716.07,0.74,9,39,0
38182.71,36,15.61,1262.05,,39.69,12,38,1
3348.85,36,18.77,754.27,24555.86,37.17,5,32,0
12608.36,36,5.75,1410.7,154669.78,5.99,4,9,1
12624.58,60,16.71,708.63,66101.48,1.93,9,22,1
13495.65,60,5.06,1391.4,221992.54,24.71,8,13,1
7407.19,36,10.3,382.26,158868.61,28.86,21,10,1
31543.3,36,14.99,936.18,147975.3,19.01,17,11,0
5777.42,60,23.23,1491.87,136077.47,11.13,11,5,1
25761.36,36,7.53,582.81,69521.32,25.57,6,34,1
5830.0,60,8.39,32.14,242964.4,25.43,24,26,1
3750.89,36,18.39,124.16,242420.26,5.93,7,37,1
36467.75,60,12.5,1292.82,93892.66,31.98,4,40,1
8415.02,36,17.47,753.07,198529.73,29.98,9,9,1
33028.76,60,24.95,818.98,47426.6,3.39,12,31,1
22240.6,36,24.74,1205.16,199521.63,18.5,19,49,1
4036.4,36,12.07,1223.02,85856.34,15.74,18,24,1
38262.48,36,15.08,731.81,86500.93,18.5,23,38,1
10631.49,36,23.09,1291.35,136663.66,18.45,14,40,1
34526.17,36,6.84,718.58,110235.66,20.96,15,25,1
7583.59,60,14.05,1022.28,47101.16,11.09,11,19,1
34303.77,36,12.55,79.04,156407.74,18.79,18,22,1
1515.92,36,10.9,232.86,69184.03,3.98,18,26,1
20959.44,36,24.88,1281.59,122230.35,7.07,12,43,1
31008.26,36,19.67,490.28,73132.46,3.52,18,10,1
37457.03,60,12.77,522.07,217244.61,7.45,10,49,1
36458.88,60,21.58,1004.6,97744.99,0.17,20,20,0
32965.37,60,14.79,901.03,224122.89,1.51,3,32,1
35639.46,36,22.46,150.82,95002.37,31.87,4,34,0
8769.57,36,10.33,1155.67,61284.33,7.97,19,42,1
12083.19,36,9.47,937.32,152625.97,20.8,17,14,1
12269.77,36,9.95,1287.34,147681.69,14.81,3,14,1
15705.1,36,15.77,817.18,162350.12,13.16,18,7,1
16339.51,60,10.83,639.06,89492.11,34.28,5,45,1
22237.66,60,7.94,575.87,93592.85,19.45,22,22,1
7235.31,60,24.89,36.5,74608.92,20.67,21,26,1
27958.62,36,23.01,88.48,233532.22,18.36,18,33,0
7535.1,60,17.7,222.88,177079.82,10.76,19,12,1
13102.03,60,22.83,1396.42,193938.82,27.33,20,12,1
20630.46,36,23.71,1324.56,64657.52,1.89,18,7,1
32061.18,60,18.52,760.88,172163.01,11.26,11,34,1
29839.3,36,15.37,294.89,195412.79,26.46,4,14,1
26175.84,36,22.64,244.78,98764.9,1.34,7,12,1
7075.16,36,16.36,406.51,56269.3,1.03,19,11,1
22334.77,36,7.54,1365.82,,14.91,8,42,1
4410.41,36,12.34,796.56,160563.03,10.05,17,43,1
15717.16,60,13.92,1211.94,152392.2,28.04,7,23,1
17127.14,36,23.71,774.93,61990.33,30.24,23,18,0
2552.65,36,18.18,925.89,80373.18,1.45,14,37,1
11685.54,60,22.51,926.85,163723.44,17.46,18,32,0
38270.33,36,20.15,76.07,,37.73,11,24,1
38191.67,36,11.2,684.54,147586.25,12.52,3,44,1
14740.76,60,19.37,1300.15,196672.05,7.88,21,48,1
2680.9,60,8.91,748.97,207371.16,20.85,4,5,1
7984.7,36,13.16,669.94,83598.25,18.04,20,30,0
16296.49,60,21.12,804.02,56249.74,8.78,12,14,1
37963.41,36,17.24,589.73,66268.59,9.07,11,36,0
6506.76,60,21.51,787.64,84701.02,27.47,5,36,1
30777.12,60,10.09,228.96,237982.17,12.92,7,24,0
5238.62,36,19.99,1452.88,51547.29,39.44,24,40,1
39269.05,36,9.05,80.17,222115.14,11.59,12,34,1
15883.04,36,15.91,740.31,66776.82,21.92,4,38,1
31234.15,60,13.67,338.69,100142.51,2.92,17,37,1
14361.05,60,16.13,115.78,,21.55,2,18,1
25479.09,60,7.71,988.01,43772.88,18.42,18,26,1
8488.63,36,12.22,1478.22,41882.9,13.97,4,32,0
6694.82,60,18.34,1131.92,98834.55,17.18,18,34,1
37584.5,36,16.17,403.41,,7.14,11,12,1
36788.24,36,15.98,755.28,66185.73,32.81,6,32,0
35611.29,60,15.22,103.18,234515.07,36.87,20,25,0
25391.9,60,23.88,811.56,154876.32,33.5,21,13,1
32522.46,60,23.69,176.21,223564.89,32.19,6,49,0
3692.44,60,12.2,1198.07,54228.32,21.94,4,20,1
14056.77,60,12.04,113.36,53003.73,13.35,8,32,1
13234.42,36,16.1,43.76,214753.12,6.88,17,5,1
25790.17,60,6.91,1296.49,150635.71,32.79,20,41,1
14882.35,36,11.06,1415.54,235874.96,1.74,16,9,1
6791.76,60,9.62,157.23,53786.28,7.24,20,16,1
24262.22,60,9.47,440.01,25984.14,16.07,12,14,0
32760.97,36,17.77,1120.29,230808.93,7.78,17,22,1
15902.82,60,12.69,823.29,180732.53,23.32,10,19,1
6158.48,60,8.42,1425.38,205648.65,28.97,22,49,1
8670.84,36,22.75,602.09,88083.22,36.36,21,6,1
10261.85,36,22.48,34.88,20705.28,8.42,13,20,0
12696.01,60,22.25,59.03,131062.37,11.18,13,44,1
26069.01,60,12.81,860.34,247702.17,28.67,15,13,1
24436.87,60,6.14,1135.59,228733.61,8.68,8,33,1
28147.11,36,7.13,1192.21,36565.24,15.35,3,20,1
15137.58,60,10.52,1369.93,63190.24,30.14,22,16,1
33135.91,60,9.4,366.74,91582.42,15.03,20,18,1
8959.42,60,22.48,1115.46,210992.1,5.85,20,44,1
19292.59,36,24.73,1245.83,209684.32,10.78,20,42,0
32236.61,60,21.33,1259.32,62551.04,3.23,15,37,1
8026.19,36,19.6,634.97,142608.42,26.97,20,29,0
5284.66,36,16.77,950.2,135412.82,1.83,7,27,1
35463.67,36,20.4,840.8,115284.51,22.96,15,11,1
14374.26,36,23.94,908.3,143261.7,38.0,24,37,1
27670.93,36,17.03,444.59,87341.44,34.39,15,11,1
1988.6,60,8.09,1034.35,142256.31,2.92,17,25,0
27911.83,36,8.28,1073.73,177689.88,28.58,8,15,1
13327.95,60,16.68,318.04,34375.75,27.6,18,22,1
3173.89,60,11.67,682.14,242480.36,11.94,9,15,1
24782.7,36,23.2,650.5,58019.83,4.37,7,25,1
10391.35,36,17.23,1130.96,102868.69,34.16,8,49,1
16085.48,36,18.53,1009.76,128244.29,22.17,12,23,1
4142.65,36,5.12,730.01,29426.42,27.94,22,31,0
6739.37,60,14.98,989.22,146123.22,18.31,8,16,1
12621.11,60,13.62,416.41,220093.97,8.89,15,6,1
4500.62,36,19.12,371.55,227234.18,10.41,18,10,1
36522.22,36,12.65,382.68,95024.07,21.39,2,43,1
1235.83,60,24.53,73.36,148523.22,9.38,11,18,1
19870.55,60,18.4,1045.88,198663.41,15.95,9,29,1
5806.65,36,18.2,1479.2,78154.51,2.98,17,43,1
12999.48,60,23.39,484.28,141548.68,39.82,7,19,0
37116.32,60,24.9,1396.86,104345.97,24.67,3,28,1
7306.09,60,8.96,921.62,106980.24,5.84,7,25,1
38667.46,36,21.21,360.65,41651.63,5.2,15,37,1
9025.98,36,8.25,47.44,113584.62,19.33,13,24,1
29921.08,60,14.14,1093.89,57002.23,0.99,21,48,1
22320.41,36,7.0,1053.96,89292.12,16.48,20,10,0
35494.67,60,17.47,367.0,95964.65,37.8,14,12,1
22605.74,60,14.37,519.08,119037.99,32.93,15,35,0
21847.81,36,17.57,1350.13,230890.16,37.2,17,11,1
8622.86,36,18.56,261.13,165129.33,4.44,10,40,1
7482.95,60,17.39,1258.1,244126.27,14.83,21,32,1
36743.08,36,10.88,278.76,155849.85,,11,41,1
13785.69,36,21.74,738.14,205262.71,28.81,23,38,1
15511.21,36,16.03,763.48,211854.84,15.7,11,28,1
30633.12,36,14.8,723.97,189970.88,12.76,13,40,1
14214.12,60,24.74,453.26,174080.44,12.2,13,10,1
38130.44,60,10.67,402.45,116120.45,31.58,20,28,0
29779.18,36,15.56,1107.74,150473.51,15.27,17,16,1
24299.74,60,18.65,435.25,64554.83,0.65,14,35,1
35354.91,36,7.5,926.58,162196.73,30.81,14,34,1
2934.63,36,12.08,1274.56,138288.2,6.45,7,23,1
11025.44,36,21.03,1260.44,204994.81,25.13,9,26,0
19136.42,60,9.74,275.71,227585.03,1.18,16,33,0
9852.16,60,14.87,992.46,50542.75,15.48,19,23,0
30012.3,60,17.61,915.35,178908.79,18.24,23,26,1
36849.11,36,18.42,444.52,238510.65,38.92,23,15,1
17527.03,60,19.57,605.44,231112.59,3.53,22,40,1
14343.17,60,22.32,449.12,211918.04,30.06,15,23,0
38500.48,36,12.86,819.49,31118.43,38.59,6,8,1
18349.24,36,19.13,1211.33,78071.35,11.08,13,19,0
20072.89,36,19.64,1319.93,54106.35,9.03,9,10,1
14714.35,36,11.01,1092.55,233194.93,38.08,20,25,1
36472.39,60,24.36,740.67,192244.66,19.58,19,5,0
23189.26,60,22.3,1438.4,142310.47,32.9,10,8,1
30724.81,36,10.8,858.9,245262.05,31.79,20,20,1
32660.46,36,18.5,733.46,64785.32,13.04,19,33,1
14332.11,36,19.36,1289.46,167561.54,7.5,16,30,1
17914.08,36,13.63,301.4,160157.64,28.12,23,36,1
34090.4,60,22.27,262.08,98304.48,20.05,19,24,0
15166.96,36,18.8,1180.34,131637.47,19.62,5,5,0
31963.47,36,18.16,1309.74,74138.82,21.85,5,21,1
37698.7,60,9.42,136.98,175736.39,1.03,11,8,1
25305.2,36,13.16,1153.21,116195.36,0.2,17,40,0
29923.46,36,13.68,653.96,,12.56,6,40,1
32398.8,36,19.67,1064.48,238680.6,12.95,14,24,1
33956.55,36,17.37,228.4,135326.41,28.75,4,22,0
16407.08,36,6.72,1460.33,182295.79,13.03,5,43,1
2999.27,60,11.15,1325.48,,14.38,2,8,1
16673.17,60,14.46,626.78,49262.84,21.98,11,17,0
27276.49,60,19.73,1343.24,227557.04,23.66,9,49,1
18563.67,60,19.87,1345.54,155914.48,13.33,8,30,1
30209.56,36,14.81,708.04,133470.7,22.32,22,13,1
14922.31,36,7.34,1421.92,139864.51,24.71,16,25,1
25755.02,36,10.86,1465.98,74326.6,10.45,19,20,1
8270.37,36,10.09,349.3,229917.86,9.43,4,30,1
30225.41,36,20.62,128.0,69275.24,35.62,17,42,1
22282.14,36,8.6,516.79,56341.44,25.9,22,34,1
8958.51,60,14.3,748.59,233910.55,12.44,12,30,1
12384.54,36,18.41,166.23,79241.99,22.03,14,38,1
30195.74,36,24.3,236.77,218371.49,28.3,4,24,1
19821.45,60,24.98,1458.4,197677.95,0.91,23,27,1
9425.23,60,24.06,1113.83,107847.03,36.79,15,45,1
38723.58,36,19.36,1316.16,78420.46,,15,36,0
28889.88,60,19.93,1457.6,194567.37,15.69,18,34,0
38328.26,60,20.18,585.87,157447.7,37.29,24,30,1
17657.1,36,22.25,1041.16,78429.28,2.23,6,47,1
19528.91,36,24.04,300.51,224902.28,30.17,17,28,1
36020.25,60,13.91,840.95,185825.96,21.05,3,48,1
21476.92,60,13.33,338.52,229133.97,26.59,20,7,1
28583.88,60,14.21,265.83,120618.19,18.86,11,28,1
10834.74,60,18.2,174.71,49485.89,5.89,3,45,0
18422.33,60,20.51,882.21,232537.33,10.43,3,35,1
5814.54,60,22.41,1426.28,158327.99,18.52,21,26,1
9033.22,36,14.12,209.67,159393.69,36.75,18,26,0
1036.79,36,12.27,768.4,154381.05,2.73,7,13,1
2531.34,60,24.67,1039.99,128650.4,4.19,9,27,1
39114.07,60,9.64,758.92,78659.91,6.11,6,27,1
10451.79,36,9.44,1370.31,160995.03,25.28,3,24,1
26869.12,60,19.31,274.45,185278.63,14.65,11,31,1
33724.89,36,8.59,65.52,230804.93,5.97,6,31,0
22475.76,60,12.99,593.18,36593.97,4.88,13,33,0
6972.64,60,10.85,846.57,78583.19,26.97,23,8,1
29396.54,60,8.37,404.13,198637.73,18.5,18,19,1
24409.8,60,16.59,277.6,198284.66,34.91,4,11,1
29518.77,36,12.47,1213.11,68767.94,16.16,3,24,1
31020.12,36,14.24,307.21,62485.07,26.23,2,13,1
39041.0,36,8.92,680.74,104442.25,31.83,23,33,1
23368.97,36,20.36,1433.09,34470.53,38.15,21,15,1
14324.0,60,11.29,930.68,187982.98,34.77,23,6,1
26290.12,36,11.85,761.65,174056.01,31.01,16,28,1
3669.19,36,10.04,559.57,217506.86,16.52,5,6,1
35998.5,36,13.69,794.97,118911.3,,5,45,1
5655.86,60,14.27,1109.43,166449.28,10.59,21,16,0
13785.87,60,15.59,1239.12,239408.38,26.45,8,26,1
32814.07,60,24.35,985.28,240524.53,5.22,9,9,1
24295.18,60,23.09,1191.77,36347.85,24.24,6,20,0
16351.79,60,17.19,159.97,20433.4,27.6,15,11,1
19463.99,36,5.78,51.13,240796.41,3.61,18,47,1
34327.35,36,17.25,1109.58,143122.82,11.8,23,12,0
14260.17,36,6.79,414.7,181092.12,25.66,12,24,1
34916.34,36,19.21,1320.19,229897.35,24.09,16,31,1
4437.24,60,12.8,817.7,119625.56,26.73,2,21,1
31295.14,36,21.75,733.43,121350.25,4.98,4,22,1
34054.36,60,23.85,1166.04,58405.76,20.61,7,21,1
8090.89,60,13.34,1119.41,228340.5,37.1,21,16,1
17783.51,36,14.21,1065.29,168964.86,38.15,12,35,1
7454.49,36,16.8,1044.15,61461.93,5.07,3,38,1
28557.56,36,8.94,787.63,148752.16,35.78,9,7,1
21878.56,36,23.55,1391.92,95477.71,23.06,7,10,0
25777.61,36,13.66,1339.24,53851.85,30.12,17,12,1
8662.99,60,8.34,514.23,61829.97,6.03,4,47,0
9258.09,36,20.25,1212.9,148629.15,29.51,9,20,1
2618.4,60,9.38,1339.93,149808.6,2.84,19,20,1
13560.63,60,7.87,938.83,201686.38,25.32,9,33,1
22830.04,36,16.26,846.7,77036.39,26.72,10,24,1
34459.46,60,18.43,1017.67,230641.68,26.59,7,20,1
27010.17,60,16.39,269.7,139280.97,2.35,12,14,0
17980.46,60,18.13,158.4,66959.72,15.37,15,27,1
38171.68,60,7.31,1235.62,115054.53,29.78,9,37,1
29050.56,60,14.52,872.79,232372.63,31.87,2,34,0
37276.44,36,12.14,210.08,129976.0,16.62,11,23,1
21575.93,36,24.47,641.99,221184.48,6.48,12,13,1
11097.27,36,5.99,468.4,56761.53,19.98,19,37,1
3060.24,60,10.97,1316.95,230210.43,26.01,19,29,1
29317.31,60,23.84,775.61,119042.33,36.82,9,8,1
5730.82,36,24.67,878.94,235309.2,27.25,21,41,1
12808.23,60,21.5,375.88,219198.06,32.91,20,44,1
21766.37,60,6.52,1204.62,171792.25,10.59,13,24,1
23012.25,60,16.23,1397.25,174754.68,33.33,16,43,1
24422.74,60,13.0,1194.97,68646.84,24.48,10,11,1
7483.96,60,21.13,754.5,158650.85,21.96,6,43,1
15809.76,36,6.1,1257.58,146383.98,10.67,15,10,1
25070.57,36,8.94,306.3,96853.82,8.16,19,47,1
38822.94,60,14.78,196.72,136292.95,21.76,12,11,1
29377.61,36,8.15,674.18,233703.02,35.66,14,10,1
36981.55,36,18.85,296.86,21220.3,9.42,3,6,0
30726.27,60,21.42,410.97,115938.54,11.15,22,15,0
24076.96,36,19.09,890.12,96736.91,37.92,18,47,1
8488.91,36,13.81,623.74,241083.15,1.06,15,28,0
27000.74,60,22.57,1302.84,243995.67,19.42,13,10,1
25311.8,36,7.75,361.65,154701.92,21.15,22,28,0
24496.3,60,10.21,1495.28,146501.6,27.03,7,6,1
20101.65,36,14.79,558.31,227738.87,7.76,24,44,1
21617.61,36,6.23,787.64,21504.77,22.86,8,19,0
14043.26,36,6.91,224.53,149324.54,4.38,17,11,1
21253.2,36,12.95,881.57,25665.45,10.68,24,30,0
8704.68,60,23.88,1443.09,242677.32,0.6,23,37,1
32401.8,60,23.17,1131.61,93636.7,18.14,6,38,1
8245.3,36,14.32,388.76,139784.3,7.0,9,15,1
4313.69,60,7.84,680.64,116040.76,3.87,22,27,1
18013.6,60,8.56,655.39,225533.55,13.77,4,29,1
26673.99,36,12.55,173.98,249958.13,3.17,5,16,1
18070.96,36,9.2,1332.2,35729.23,26.58,17,27,1
11793.41,60,6.66,590.74,188367.16,8.03,20,37,1
22768.68,60,18.48,756.56,104639.68,28.41,22,46,0
14533.09,60,16.63,458.13,,33.59,5,25,1
37381.84,60,10.83,254.02,113250.63,29.65,21,13,1
36983.16,36,20.58,1356.1,249573.72,30.51,18,45,1
20592.5,60,20.52,84.97,102240.48,25.75,17,18,1
13787.48,60,14.82,617.82,83801.88,15.05,11,31,1
29748.16,60,6.93,1104.12,214619.42,13.94,13,13,1
2431.8,36,23.37,484.02,219625.74,22.76,3,48,1
19515.99,60,18.37,685.66,,9.92,18,49,1
14116.61,60,9.94,859.78,88694.82,13.79,4,31,0
36900.9,36,17.21,1492.77,168874.74,6.21,14,14,1
1468.12,36,13.1,1144.7,67191.05,31.21,13,8,1
22559.78,60,17.71,1451.66,131247.64,29.42,14,43,1
29885.88,36,14.48,1048.92,52509.05,20.13,3,6,1
19915.7,60,14.71,425.51,90093.6,14.78,5,44,1
4330.72,60,19.72,452.61,88420.74,27.87,20,28,1
38925.99,36,17.27,1239.02,179826.99,3.39,4,40,1
21202.41,36,6.6,658.74,84922.8,1.91,16,14,1
24953.26,36,6.31,574.23,226654.01,27.99,20,41,1
10227.78,60,11.1,1419.29,246100.6,22.0,22,26,0
19856.43,36,13.6,49.45,38644.19,29.33,6,23,1
17736.83,60,10.5,801.7,111458.96,11.18,24,9,1
3920.94,36,18.03,1169.36,89423.44,4.33,11,33,0
5140.25,60,8.9,1112.17,100957.73,17.2,22,36,0
33661.43,60,19.08,570.33,81031.62,17.07,22,46,1
10352.98,36,20.46,817.4,108012.92,30.36,3,20,1
8603.37,36,7.49,38.2,52525.36,4.89,10,7,1
20691.55,60,18.02,816.2,84358.2,37.84,17,37,1
30981.14,36,24.23,897.89,191998.11,2.24,23,44,0
3415.91,36,8.86,1315.94,99130.7,12.52,5,15,1
23495.51,36,23.19,339.78,67802.03,28.12,22,44,1
5649.21,36,17.12,1242.96,44942.13,28.7,11,13,1
2421.98,36,16.82,1085.56,100040.95,22.68,9,32,1
3057.01,36,6.04,1009.07,167984.09,2.84,20,33,1
33532.4,36,19.97,609.75,78260.12,34.25,20,33,0
5600.93,60,14.57,570.13,117162.51,25.39,24,43,0
2760.9,36,19.42,1063.79,239051.67,30.35,2,45,1
18078.1,60,21.18,1485.63,147043.46,15.45,3,41,1
33915.75,36,15.48,625.87,142345.88,9.73,5,40,1
11233.93,60,10.27,1380.34,114286.96,28.8,10,20,1
17446.79,60,7.83,892.22,,32.62,5,41,1
2556.98,36,8.21,1306.2,246450.47,32.5,9,38,1
18514.06,36,22.34,349.27,78375.59,28.69,14,41,1
23526.91,36,7.47,1150.48,236643.42,5.56,4,33,1
23265.38,36,12.69,1257.37,54286.33,8.87,21,27,1
13964.64,60,11.69,1253.29,45554.23,20.02,18,48,1
13305.79,60,22.31,1183.53,170573.98,20.29,21,46,1
5158.32,36,14.55,477.17,77771.18,19.54,23,49,0
15305.13,60,24.93,797.27,122210.23,33.04,11,27,1
4880.29,36,19.74,470.57,187820.6,5.02,12,46,0
30897.24,60,22.02,534.16,143013.55,31.69,12,40,1
38684.7,36,6.97,472.79,23162.35,0.89,24,17,0
38832.9,60,10.06,447.81,90343.94,12.92,7,19,0
34737.77,36,7.71,1049.33,34877.93,7.86,21,31,0
24430.89,60,14.27,985.89,233006.35,21.07,16,10,1
28333.76,36,19.37,330.27,202769.18,20.96,17,5,1
12123.03,36,8.38,1046.53,246283.59,20.26,9,5,1
25600.05,60,7.6,457.87,223575.19,11.55,24,7,1
18770.33,60,17.29,326.53,129326.36,20.87,16,12,1
19798.68,60,9.61,1128.46,222997.43,28.23,18,47,1
30553.29,60,14.59,563.42,174660.88,15.75,2,35,0
11994.82,60,6.02,866.95,140657.92,37.15,12,47,1
13403.54,36,18.61,324.18,105248.59,2.74,9,36,1
37061.03,60,15.83,932.13,176622.22,39.48,16,31,1
3192.75,60,17.95,335.75,155730.69,30.46,10,20,1
19939.74,60,10.51,275.31,161262.55,23.73,2,20,1
36599.23,60,10.57,598.2,111961.21,8.13,14,44,0
24804.16,36,21.03,1191.39,190042.48,25.09,19,37,0
22309.88,36,19.37,289.51,38708.84,32.08,21,49,1
10740.02,36,16.59,202.03,187016.56,10.15,22,20,0
14387.74,36,17.56,76.52,188075.1,1.6,18,40,1
34229.89,60,6.88,641.47,138666.98,17.71,12,11,0
22809.51,36,22.12,444.58,80555.12,12.18,3,33,1
21074.95,36,20.4,459.4,139433.6,11.45,3,44,1
4883.61,60,16.81,1473.45,48309.82,28.99,6,47,1
1625.1,60,23.37,315.36,85583.07,5.92,6,32,1
38583.72,60,8.37,703.89,116898.97,26.04,10,43,0
15702.46,60,18.73,1479.96,174843.77,2.45,13,20,1
24525.31,60,24.26,75.01,63059.86,36.8,22,6,1
4108.89,60,11.2,1054.09,56379.27,23.44,4,33,1
27641.46,36,5.31,575.49,159793.16,37.24,20,40,1
37370.1,36,19.7,1361.96,176295.47,34.72,4,9,1
23450.94,60,5.14,1370.55,39240.82,34.79,22,17,1
5918.5,36,22.45,599.2,27627.53,4.79,2,10,1
23687.14,60,6.13,355.55,53844.47,27.84,11,12,1
30887.54,60,18.06,659.17,227236.14,16.02,16,13,1
16850.24,36,12.54,1449.0,174706.86,18.36,6,21,1
35313.67,36,9.07,443.66,231835.96,11.16,5,6,1
26298.64,36,22.97,1472.54,172884.4,5.59,12,39,1
36070.71,36,19.92,1234.51,242004.57,12.25,11,14,1
25316.71,36,11.81,423.15,120948.53,21.98,4,38,1
6120.23,60,10.68,1192.87,157792.76,16.4,2,8,0
13077.98,36,19.72,103.21,158272.65,28.16,10,39,1
8870.0,36,21.73,835.65,20722.18,33.56,10,43,1
36444.23,60,19.32,555.3,26314.53,8.43,3,28,0
30655.6,36,17.8,657.6,53411.0,2.25,22,23,1
27379.54,36,9.56,725.1,137559.8,39.63,19,11,1
12737.69,36,22.06,768.99,119021.1,35.31,9,34,1
8177.75,36,19.99,994.93,144142.28,10.6,12,27,1
30501.59,36,15.35,1054.26,204112.88,6.5,2,10,1
19492.16,60,15.23,1464.28,209115.26,38.04,10,9,0
9805.79,36,16.38,1151.28,244713.42,9.3,22,31,0
25048.26,36,21.57,1041.06,148235.99,8.88,24,26,1
2573.02,60,19.85,606.91,99859.56,4.39,4,17,0
13720.64,36,22.12,203.18,90846.37,11.52,7,15,1
19273.72,60,15.15,116.42,98370.56,33.64,10,25,1
6770.38,60,17.49,732.2,94480.81,22.79,16,36,1
39401.52,60,22.09,1012.34,110371.59,3.68,18,10,0
9154.8,36,9.65,985.73,37222.73,38.7,17,16,0
6083.77,36,13.88,1430.71,165689.47,21.58,3,42,1
8937.86,36,17.41,592.17,150649.48,16.67,11,11,1
30993.38,36,23.3,952.84,126251.01,31.37,22,15,1
17594.72,60,5.32,1335.17,38654.22,22.41,22,32,1
23051.22,60,9.25,623.99,41438.0,35.83,9,33,1
1819.36,60,9.69,732.28,145374.19,28.09,6,44,1
2342.82,36,11.53,1386.77,28413.48,26.73,12,31,1
18387.2,60,10.64,838.86,186701.45,13.51,13,36,1
32849.55,36,16.8,1205.43,248568.97,39.59,13,13,0
35524.32,60,22.71,1405.37,157403.59,26.08,7,44,1
4381.56,60,17.74,869.46,186389.24,17.68,2,24,1
21996.16,60,9.83,190.5,120955.28,5.9,7,27,1
36615.96,36,22.28,1237.9,173504.84,22.23,21,48,1
16130.94,60,17.64,1232.14,169909.47,26.65,11,41,1
33353.07,60,9.38,199.03,,14.86,11,36,1
6214.13,36,12.23,835.73,183608.1,,2,6,1
37480.39,60,20.8,746.02,192281.4,31.94,15,48,1
30305.51,60,19.78,1275.33,148026.28,26.16,5,13,1
37712.04,36,16.53,433.7,131438.44,27.38,17,16,1
27388.07,36,7.9,656.63,125504.79,9.8,15,38,1
15172.75,36,21.07,919.04,110162.51,5.23,11,23,1
37589.07,36,11.15,790.35,81186.39,18.08,2,31,1
11747.1,60,20.43,1433.9,27661.54,9.65,9,7,1
13954.73,60,17.95,1442.17,174352.0,31.24,10,44,1
28331.53,36,10.28,149.91,227221.07,21.28,14,42,1
30847.34,60,9.25,467.84,234010.96,5.28,7,23,1
37246.74,60,7.62,41.08,153529.19,7.85,22,5,1
8987.29,36,9.84,644.25,41651.42,35.47,10,35,0
32121.92,60,8.16,1003.34,222092.79,25.26,22,18,1
29803.3,60,17.34,722.79,191981.32,16.02,22,37,1
3487.99,60,16.98,128.76,77824.54,28.83,18,33,1
16101.7,36,16.72,318.06,204815.34,32.35,8,15,0
12027.85,60,17.84,284.74,128561.83,4.58,18,41,1
12875.13,60,21.3,781.36,224146.42,33.68,20,25,1
39334.93,60,23.27,1026.19,76950.51,37.86,4,10,1
26068.32,36,9.61,495.0,204208.36,3.6,19,45,1
28989.37,36,16.76,221.78,183739.37,12.96,23,23,0
39088.09,60,6.57,1203.94,23321.47,6.72,11,18,1
15710.87,60,7.4,1291.79,149566.96,17.2,20,43,1
32271.77,36,18.09,436.44,184572.88,8.8,16,22,0
17946.71,36,14.73,648.5,55974.48,14.5,24,6,1
34911.81,36,20.17,150.44,142336.76,9.68,5,42,1
8045.64,36,13.51,364.71,89937.92,0.14,12,24,0
37959.76,60,7.55,1157.49,180138.17,0.76,20,6,0
9532.1,36,22.44,566.84,144232.16,20.6,20,7,1
13722.6,36,6.66,918.9,162935.34,20.54,21,43,1
30491.5,36,8.78,1420.89,36684.16,1.44,21,22,0
16356.45,36,10.54,1093.75,51692.88,27.98,24,25,1
24720.24,60,24.91,696.57,146980.51,1.08,24,34,1
18338.37,60,13.34,569.31,61669.76,,14,27,1
29952.43,60,15.03,310.07,134698.97,15.81,9,13,0
9904.92,60,20.39,1141.53,178706.74,35.32,5,7,1
3279.86,36,17.73,195.27,206247.49,23.06,15,30,1
12697.25,60,21.83,120.25,52891.57,32.9,2,24,1
19498.04,60,14.73,184.1,190632.14,39.93,16,48,1
7552.78,36,24.44,387.07,103532.8,7.1,20,27,1
14837.09,60,20.94,951.87,176154.58,2.51,18,37,1
16599.34,60,13.03,1296.16,53415.47,30.98,11,41,1
3238.28,60,12.63,1489.15,138490.29,25.26,17,27,1
23748.98,36,23.59,1105.28,212639.32,25.37,14,42,1
35489.39,36,18.69,244.59,44479.23,12.65,19,41,1
6917.97,36,17.43,438.23,210366.57,4.1,3,9,1
24314.51,60,20.16,224.02,124136.73,28.85,7,18,1
26924.83,36,16.22,199.86,209352.47,21.73,3,42,1
17354.05,36,8.18,864.57,240429.17,20.06,15,27,1
28342.81,60,11.38,1362.88,56720.1,29.44,13,43,1
17018.53,36,16.16,1035.96,175151.01,39.54,6,16,1
20680.85,60,5.36,1206.96,74072.18,29.61,13,21,0
1286.77,60,13.75,776.9,51177.48,37.38,23,17,0
27977.08,36,20.12,728.72,164459.0,15.94,23,20,1
26792.36,60,8.28,1408.1,44836.24,35.92,15,31,0
2497.63,60,6.29,1091.29,126989.69,29.09,8,28,1
15361.75,60,21.72,705.23,166269.5,,21,41,1
39182.24,36,17.35,518.9,134915.07,20.36,20,13,1
17408.73,60,8.53,166.9,180325.93,8.1,20,21,1
20575.87,36,21.13,1236.84,,3.25,5,47,1
36487.28,36,18.16,278.91,220616.68,18.7,18,27,1
28973.21,60,11.68,787.07,148770.62,39.73,14,16,1
23700.74,60,12.52,966.8,83625.01,34.82,11,8,1
32114.38,60,8.12,1123.79,137222.23,0.66,16,9,0
34710.28,60,21.71,152.52,109168.38,38.79,2,35,1
18818.63,60,15.18,45.71,71962.89,18.76,8,11,0
19529.23,36,16.14,1067.83,141685.49,7.16,3,15,1
16055.99,36,22.67,697.96,25210.62,36.6,23,16,1
38701.54,60,5.32,296.27,159279.93,36.99,7,42,0
28189.48,36,6.34,1473.58,208968.87,33.88,4,5,1
4245.7,36,8.23,1193.29,249870.22,24.85,22,12,1
34655.43,36,5.6,880.41,231986.19,9.46,23,21,1
19741.84,60,18.16,1062.1,40657.66,9.64,15,25,0
3681.4,36,17.68,257.88,57358.76,38.62,16,8,1
22438.97,36,9.22,1444.47,51888.26,11.15,12,32,0
17269.41,36,7.99,1494.66,148420.86,16.9,14,41,1
35232.23,60,7.91,983.21,30565.27,30.11,7,35,0
8955.79,36,24.06,1012.42,235508.33,32.94,21,26,1
33232.12,60,18.87,1065.55,34222.43,16.46,3,13,0
22749.86,36,16.71,1008.71,109987.63,15.83,19,30,1
3129.8,60,11.45,674.66,225613.06,14.28,21,49,1
38901.97,36,13.66,824.79,238127.01,15.53,14,37,0
20991.99,60,6.79,445.61,127016.88,30.33,15,40,1
12344.2,36,24.96,686.87,132339.26,2.48,22,41,0
19306.87,60,20.1,671.07,166320.73,32.01,19,28,1
34456.45,60,17.43,453.57,113756.92,8.59,9,8,1
12891.22,36,16.76,1186.46,94672.1,6.46,13,13,1
8514.38,36,15.09,632.22,190068.21,4.83,22,19,1
6033.78,60,10.15,841.02,156932.41,9.42,24,37,0
12616.52,60,9.53,259.45,130784.35,33.35,23,9,1
31421.88,36,15.99,728.2,43181.09,21.52,7,30,0
19393.43,60,6.4,1149.34,35838.17,10.76,20,7,1
9871.78,36,6.49,683.45,137487.5,7.44,4,36,1
7481.21,36,16.22,849.88,162469.3,30.78,3,46,1
13976.45,60,23.4,1061.51,171227.7,20.22,18,25,1
37657.05,36,23.29,601.79,225824.72,4.81,8,5,1
14378.04,60,5.22,549.33,207731.72,15.01,14,30,1
39536.84,36,7.15,156.04,52375.31,17.8,15,31,1
19923.99,36,16.66,885.94,202719.12,14.16,11,40,0
7987.39,36,21.97,1069.23,175549.72,10.61,21,37,1
35754.46,36,24.09,884.44,210446.65,13.16,7,25,1
18953.86,36,22.21,446.78,213971.56,29.56,22,34,1
28677.18,36,18.55,415.64,99472.49,38.12,11,48,1
39364.75,36,9.01,264.45,80551.84,1.03,8,25,1
2956.84,36,6.45,99.08,147105.83,25.07,4,20,0
4771.09,36,5.95,657.51,88679.77,2.91,13,41,1
29097.81,36,17.24,265.96,100427.63,8.09,16,13,1
11991.18,36,5.72,1045.47,35906.82,21.78,20,33,0
8187.75,36,19.78,1443.75,248013.66,31.76,12,24,1
2535.11,60,19.25,138.02,91138.3,17.42,14,12,0
1852.02,60,6.59,1342.65,199416.86,35.18,18,18,0
31204.94,36,23.13,996.84,248426.41,28.63,21,42,1
6242.9,36,15.44,1294.61,242898.98,7.75,12,45,1
19241.1,60,23.09,257.79,165793.12,27.45,24,46,1
24629.98,36,23.03,1362.53,143892.13,12.74,8,11,1
17705.72,36,8.94,1438.07,91133.59,30.67,6,45,1
2057.16,36,12.61,1362.87,218146.55,9.22,3,21,0
31556.56,60,7.69,1184.68,97738.88,5.78,2,14,1
1410.02,36,20.5,162.75,44546.47,25.51,20,41,1
30713.71,60,15.08,354.47,87642.63,24.66,23,29,1
35838.88,60,23.58,1372.31,92472.39,22.94,6,27,1
17880.76,36,9.16,367.25,185251.64,9.73,8,48,0
21886.16,60,18.77,541.14,58994.65,8.24,9,44,1
19602.35,60,24.78,104.2,92878.54,36.5,4,40,1
16179.14,60,18.31,953.3,37614.88,21.31,8,45,1
35609.56,36,6.38,858.05,215132.27,16.26,3,22,1
35863.41,36,16.77,1443.8,186698.35,32.78,23,46,1
14096.84,60,8.6,1341.75,120622.01,2.03,12,34,0
24987.72,36,5.61,773.74,118903.51,27.04,17,43,1
37149.39,60,11.7,925.73,58265.51,5.9,2,10,1
38520.28,36,10.32,637.4,108428.82,9.05,16,19,1
20849.4,36,20.78,224.71,228569.79,25.58,21,28,0
18660.17,60,12.47,1305.65,51891.35,11.19,20,33,0
11869.08,36,19.66,837.82,195956.53,31.12,8,46,0
38396.0,60,5.32,655.33,30850.44,20.74,3,49,1
6569.76,36,5.3,130.64,91686.3,12.92,6,20,1
23613.35,60,5.59,1008.11,214795.64,34.59,24,13,1
12019.46,36,9.39,617.51,122346.26,25.15,16,10,1
11881.32,60,12.48,402.93,181619.63,16.85,5,18,1
16793.77,36,17.16,1318.83,43814.6,18.14,22,21,0
39952.92,36,24.72,299.94,177187.92,10.74,13,15,1
3143.69,60,12.09,787.08,,4.34,23,32,0
23563.13,36,6.11,1199.76,205206.55,12.1,16,11,1
4220.31,60,8.9,1278.14,120940.04,10.57,11,37,1
7026.31,36,22.96,1233.5,227952.48,13.43,16,33,1
18142.95,60,18.99,1348.04,152244.24,18.77,19,33,1
20907.95,60,20.8,239.27,208110.5,2.52,13,6,1
11092.9,60,7.48,1412.47,69095.64,4.24,14,34,1
13341.83,60,7.7,45.88,,29.18,14,23,1
4391.71,60,7.24,406.18,193503.31,7.34,13,48,1
12825.57,60,22.14,153.54,168726.08,13.56,20,48,1
38695.78,60,9.2,1419.93,175551.27,25.48,15,14,1
37843.59,60,17.86,653.19,74411.17,39.08,11,5,1
14060.25,36,15.32,493.45,111913.21,5.32,14,39,1
23263.3,36,15.89,275.62,79427.33,30.29,22,21,1
36474.22,36,8.91,259.05,35668.96,19.65,22,38,1
1241.17,36,17.7,932.48,66906.47,3.75,17,38,0
32616.66,60,5.86,99.21,248887.79,6.76,24,41,1
37986.41,60,24.87,903.67,73829.65,27.77,15,20,1
4561.7,36,5.54,1168.73,56637.44,35.18,7,9,1
7296.46,36,6.0,913.49,180281.66,0.48,5,17,1
38469.11,60,11.49,1245.07,158493.22,8.91,19,5,1
21964.07,36,21.63,419.93,191583.01,14.32,11,20,0
1553.67,60,10.14,143.44,170344.81,39.55,4,12,1
11047.65,36,14.44,1089.86,71288.48,26.09,15,10,1
18547.8,60,5.36,1247.35,135208.39,14.43,18,47,1
28023.45,60,6.58,767.46,60627.85,8.07,3,48,1
29593.25,36,17.16,1236.31,78313.72,9.07,18,17,1
39821.44,36,8.89,703.14,246991.06,1.98,2,13,1
12212.94,60,18.89,321.84,187596.39,39.79,17,43,1
21990.58,36,20.71,727.36,200055.61,39.29,2,38,1
21799.62,36,22.01,347.45,26913.61,0.45,11,13,1
16820.17,60,7.68,723.89,107890.81,10.83,6,6,1
7597.31,36,14.11,246.9,147707.24,0.82,17,16,0
39120.81,36,23.94,302.78,54425.02,12.07,3,9,1
34279.37,60,20.44,1327.88,215165.68,36.05,15,27,1
20434.99,60,7.34,200.31,52108.05,34.99,13,12,1
24526.57,60,15.05,359.68,166396.26,27.4,12,34,1
9863.18,36,23.45,1493.41,147233.06,39.49,23,16,1
22207.7,60,13.8,876.75,215342.04,29.84,10,7,0
28103.84,36,21.75,891.15,,9.66,19,34,0
21091.51,36,14.92,1272.11,85339.25,33.4,17,24,1
39621.12,36,7.14,800.75,214675.02,20.32,12,43,1
24842.32,36,7.96,356.02,70923.34,20.16,9,36,1
15467.97,60,5.93,651.03,191589.52,33.32,4,43,1
31113.93,36,8.91,1139.85,63963.55,21.37,20,29,1
7648.04,36,22.87,1312.5,221409.94,13.09,17,38,1
15996.12,36,18.0,431.61,212984.61,37.15,9,18,1
14531.4,60,19.78,415.1,201116.5,2.94,13,40,0
17840.48,60,17.43,511.58,133038.39,26.31,20,47,1
31489.41,60,12.73,906.43,27783.02,31.42,15,36,1
19882.75,36,9.34,439.41,50467.0,2.05,4,42,1
31966.56,36,23.51,1342.91,125019.17,9.37,13,17,1
23483.07,60,15.3,1467.67,30038.96,8.93,19,47,1
14340.71,60,14.62,1028.31,34598.66,35.57,14,16,0
32589.17,36,24.92,1456.34,48865.88,26.01,19,37,0
10293.3,60,12.68,453.14,79994.74,8.68,7,37,1
9750.94,36,22.08,1228.3,192344.24,36.39,22,45,0
20675.61,60,22.25,1027.31,31035.95,9.75,7,45,1
11173.12,36,9.65,416.89,246237.06,26.48,14,46,1
1354.39,36,6.9,498.06,82980.79,18.1,8,41,1
26283.6,36,24.51,748.28,93645.49,3.9,5,8,1
20932.66,60,13.52,1193.72,77013.52,30.13,24,49,1
18375.19,60,5.04,1312.17,158549.88,13.11,8,20,1
38711.77,36,14.98,961.9,24468.12,14.4,17,22,1
23276.77,60,17.39,1090.72,41520.99,8.58,13,32,1
34673.83,36,20.52,417.86,42718.81,32.17,4,9,1
6438.56,60,23.86,1119.38,172842.46,6.4,3,12,1
23199.05,60,23.3,919.32,95790.0,8.73,4,42,1
34851.21,36,23.8,357.69,120623.66,16.27,6,47,0
23741.12,60,5.64,1426.77,238493.87,5.95,22,47,0
29002.55,60,19.24,783.9,66009.86,4.51,12,21,1
15509.7,36,9.52,1197.86,36145.26,20.87,19,23,0
4605.53,36,8.75,802.65,121527.34,38.14,8,45,1
18858.11,36,21.01,1401.42,57736.84,32.07,3,45,1
16384.7,36,13.34,237.68,53271.14,7.08,9,37,1
34815.35,60,23.33,832.85,114330.38,23.5,2,26,1
10515.82,60,5.85,66.98,174019.77,31.74,21,30,1
38702.63,36,21.04,320.17,75855.94,5.8,17,19,1
38367.39,60,7.74,443.11,221471.7,3.28,16,37,1
10657.63,36,8.53,724.74,103363.03,35.64,4,14,0
14574.03,36,14.55,1235.65,234831.1,9.8,19,9,0
35926.67,36,12.91,715.98,133250.91,19.92,3,20,1
38698.27,60,14.72,854.95,187149.72,8.35,6,45,0
18294.13,60,23.8,1388.36,215273.88,1.91,16,13,1
13518.88,60,18.15,1142.1,141835.57,20.53,8,34,0
21517.67,36,10.81,103.8,215574.39,17.4,24,19,1
27823.0,36,8.46,289.4,106935.81,29.06,18,42,1
11665.51,60,13.4,86.18,103582.94,34.3,7,26,1
29722.45,60,14.03,131.51,202634.58,5.67,11,7,1
3014.64,60,17.03,528.12,,6.87,12,22,0
2922.49,60,10.32,1099.95,184918.85,38.01,14,26,1
16065.22,36,20.35,389.2,37730.0,16.72,5,36,1
14785.45,60,6.97,606.66,,38.11,23,40,1
13309.7,60,16.21,609.0,236639.23,13.54,2,9,1
20149.77,36,17.47,897.75,124987.15,13.91,12,5,0
13508.61,60,9.14,1342.59,115671.95,28.28,12,32,0
8498.06,60,21.52,1475.34,144324.4,3.88,5,10,1
13069.31,60,17.31,918.78,185500.2,16.52,7,27,1
39021.27,36,17.91,772.45,102532.35,15.22,8,27,1
17033.42,36,14.95,1032.36,20029.9,1.41,11,5,0
18343.8,60,23.19,1012.01,135479.48,12.5,6,19,1
23485.25,36,18.88,800.2,116433.98,15.94,4,13,1
39350.29,60,12.64,1113.33,142521.7,2.32,17,18,1
10422.45,60,9.77,752.17,184521.82,0.81,10,49,0
27570.0,36,6.42,1494.79,85179.94,23.99,15,30,1
28923.4,60,8.31,102.03,136209.73,8.23,2,21,1
24685.65,36,24.85,681.53,78279.41,14.5,3,24,1
4454.56,36,13.14,613.63,125649.73,3.2,19,42,1
27398.02,36,22.97,1162.35,99243.99,4.04,23,41,1
3499.69,60,8.41,310.51,104879.5,6.18,10,46,1
24249.56,60,13.51,668.09,153253.04,1.19,7,11,0
29843.67,60,24.21,1055.98,178610.53,30.5,7,32,1
9227.83,60,6.82,916.69,22911.45,36.25,23,35,1
33823.26,36,16.88,831.33,,20.89,6,40,1
2183.8,60,23.38,669.38,103797.14,32.66,18,7,1
33908.7,60,23.99,1135.45,168030.37,5.42,23,38,1
18952.83,36,21.92,980.24,48150.26,17.97,18,9,1
9485.93,36,22.12,1315.83,151434.9,5.72,9,34,0
6217.35,60,18.04,1107.51,176045.69,39.81,15,12,0
38178.98,36,9.41,236.4,56210.75,2.33,8,11,1
3833.96,60,19.61,940.72,229795.6,17.76,21,18,1
8764.64,60,24.57,95.47,194217.27,4.49,8,21,1
14565.07,36,15.52,599.44,142801.5,2.75,24,19,0
25189.16,36,10.21,635.55,58195.19,29.4,24,11,1
22247.24,60,16.47,1286.68,219076.81,3.21,21,13,1
5900.1,60,18.81,295.15,35783.97,0.96,10,9,1
12299.39,60,9.17,976.01,46489.46,37.99,22,38,1
10311.32,60,19.38,312.81,180580.07,7.39,3,35,0
9328.17,60,16.75,1424.55,78388.0,33.78,24,41,1
17034.63,36,17.25,808.36,125643.12,38.12,22,27,1
28457.23,60,11.12,1071.07,143949.33,30.08,7,40,1
9480.66,36,8.11,980.42,125393.86,4.15,24,35,1
15300.48,36,17.47,476.35,39295.54,6.82,4,24,1
16245.78,36,16.72,1354.76,189619.12,7.17,22,24,0
39081.8,60,11.76,952.06,75197.75,26.16,7,11,1
38231.99,60,10.92,780.17,189862.29,7.18,19,34,1
32205.37,36,11.94,806.69,219016.88,1.2,10,15,0
10424.7,36,14.8,1339.32,143365.98,18.34,21,38,0
3653.46,36,24.5,116.91,,23.56,2,41,1
13359.26,36,20.27,601.92,28495.69,18.42,14,5,1
11404.99,36,22.03,1267.19,28452.07,19.57,17,42,0
20731.11,60,15.11,85.15,65347.33,18.27,20,47,1
31331.39,36,15.52,969.6,102428.16,10.62,19,46,1
34474.59,60,9.09,622.8,62040.28,38.24,24,37,1
33949.7,36,19.42,330.74,166040.86,33.52,2,24,1
15027.35,36,13.43,928.77,83684.15,12.91,10,44,0
27802.14,60,19.85,1251.66,214522.74,1.59,19,15,1
13200.53,60,13.18,716.99,148938.87,34.32,21,6,1
3375.32,36,7.17,245.7,106958.29,29.69,21,8,1
28361.05,60,8.46,480.04,225407.98,3.25,17,38,1
1383.27,60,21.23,1472.59,210523.5,27.92,6,42,1
16958.12,36,10.17,193.31,208608.08,18.1,17,26,0
13845.79,36,10.29,266.25,187520.79,5.21,12,48,1
28041.72,36,23.59,1485.56,161269.3,28.99,3,36,1
30883.57,60,18.15,1326.69,104369.38,14.23,15,36,1
12859.69,36,7.29,1069.48,117198.1,36.42,23,26,1
32653.45,36,7.87,251.95,168838.52,1.72,21,9,1
12462.75,60,10.45,383.61,59760.41,37.49,8,9,1
18406.73,36,16.88,294.87,210397.36,3.52,14,32,1
29353.72,60,20.06,957.5,235894.15,1.45,6,18,1
28023.89,60,10.49,616.34,42537.38,23.27,14,9,1
39507.37,36,22.41,100.24,25164.81,24.42,23,25,0
9781.28,60,7.18,458.2,52821.04,7.91,11,7,1
26830.4,60,9.15,1295.16,194777.6,35.04,7,16,1
24777.59,36,24.41,1200.18,44800.11,32.08,17,37,1
36688.84,60,7.69,975.23,105617.4,11.3,16,23,1
7098.12,36,22.76,155.75,34518.43,,24,44,1
30320.13,36,19.08,1327.7,119488.15,31.33,16,11,0
23162.48,36,6.46,815.74,158887.59,33.33,22,16,1
11711.97,36,14.67,757.03,164557.21,31.85,5,15,1
19502.96,36,15.38,1403.07,139350.53,10.72,11,19,1
14017.29,60,23.64,43.0,235764.82,30.61,10,41,1
23593.22,60,13.42,847.17,142161.4,25.3,13,26,1
35671.02,60,13.94,1193.13,217624.75,21.05,12,35,0
23202.89,36,7.25,123.62,248395.92,38.54,23,7,0
25637.17,36,17.78,555.04,72841.44,23.92,24,9,1
21231.17,36,9.22,1466.9,81073.15,34.75,9,37,1
2995.45,36,6.55,341.33,140029.99,30.09,18,18,1
10081.48,60,24.94,810.83,61947.03,1.8,16,15,1
20188.07,60,10.39,1126.72,149748.77,10.68,4,24,1
13099.18,36,7.82,603.85,177409.68,24.37,9,47,0
8088.78,36,18.99,629.57,,17.53,13,35,1
20661.18,36,21.43,123.0,176720.83,38.22,12,20,1
13589.58,60,6.28,309.44,56677.38,23.34,20,13,1
11066.2,60,7.11,1324.5,88843.28,37.16,13,9,1
19095.43,36,6.8,1232.93,189926.26,8.24,12,22,1
6198.09,36,5.94,477.82,57625.7,35.91,8,24,0
37182.08,60,18.19,591.12,142287.1,21.49,7,32,1
34840.38,60,16.77,677.4,155510.32,8.56,11,23,1
28597.2,36,18.26,538.54,57802.31,15.61,7,17,1
5142.34,36,15.11,991.25,83199.73,38.75,21,22,0
31259.21,36,21.35,48.86,159486.7,38.38,15,22,0
32510.34,60,15.93,1323.85,126075.66,0.88,15,17,1
30942.82,36,23.37,471.95,171795.71,12.3,16,15,1
5444.67,60,14.71,1312.39,216584.88,35.97,19,9,1
26112.41,36,20.81,697.95,51057.83,1.3,3,40,1
33538.67,36,13.15,1171.21,36245.52,38.28,8,16,1
23516.78,36,13.7,1243.9,173347.11,15.52,4,23,1
26209.89,60,21.98,472.89,197248.04,4.59,11,25,0
18876.18,36,7.15,971.28,123340.61,12.05,4,9,1
21619.59,60,16.3,922.9,110599.18,32.33,12,37,1
2340.7,36,19.53,729.74,157257.53,39.94,23,46,1
25919.56,60,20.01,720.27,146834.41,5.35,12,5,0
4176.44,36,16.83,478.65,132739.26,25.5,14,15,0
17965.57,60,13.96,485.98,208302.18,37.01,15,46,0
12413.55,36,10.22,835.78,59905.11,35.99,21,39,0
22271.69,60,23.19,77.44,176678.05,15.33,20,9,1
6203.24,60,12.4,1402.49,190508.14,34.63,7,29,0
27974.09,36,20.98,985.47,227299.46,7.66,15,15,1
32005.45,60,5.63,681.86,237373.05,25.28,18,26,1
7370.82,60,9.64,120.85,136809.09,23.92,12,10,1
5068.21,36,11.91,956.12,119737.2,31.32,15,44,1
6675.1,60,18.43,56.08,135898.97,9.16,2,5,1
35207.97,36,11.39,1029.4,,25.15,17,17,1
21599.38,36,5.83,136.61,23949.41,24.42,9,23,1
19223.18,60,8.48,994.47,60053.11,3.37,10,26,1
5161.76,60,10.18,626.66,228763.25,13.22,20,33,1
26332.68,60,8.52,1004.06,64949.98,8.3,6,34,0
34851.98,60,9.07,233.59,72551.17,39.98,7,7,1
33299.25,60,20.38,202.55,236076.8,39.62,20,11,1
25416.13,36,13.24,393.71,87684.47,10.1,12,33,1
3935.87,36,13.1,634.92,86801.83,32.34,15,10,1
5383.48,60,24.33,401.96,232453.03,32.66,9,46,1
2923.05,60,13.93,150.56,106268.86,37.44,16,14,1
11041.69,60,23.55,507.79,133606.66,5.17,20,35,1
6290.8,60,10.98,1067.47,148893.69,26.7,10,12,1
11141.87,60,13.01,887.14,219704.97,8.24,22,10,1
16017.26,36,12.93,1446.09,37841.43,26.31,14,11,1
37776.33,36,15.92,670.8,79996.93,34.89,11,10,1
24804.67,36,16.68,519.22,155011.86,3.25,8,23,1
33563.98,60,9.96,1049.71,119960.94,25.48,12,31,1
28703.71,60,20.87,635.58,84004.57,21.5,12,6,1
5387.62,60,14.93,938.91,114217.72,7.02,12,26,1
29700.9,36,5.14,1421.04,242235.81,9.5,13,43,1
11728.86,36,16.83,763.81,24837.49,20.82,24,40,1
25925.21,36,20.96,762.32,53804.14,34.42,12,37,1
14297.52,36,10.01,1169.49,24290.69,27.01,6,16,0
39909.22,60,5.76,1141.43,156481.23,1.1,2,33,0
11278.51,60,21.14,788.86,22975.48,5.05,23,13,1
11886.09,60,24.53,125.14,124423.67,35.31,4,45,1
37296.22,60,6.53,1471.76,217615.13,26.11,12,27,0
1961.13,60,23.76,584.66,42357.15,0.72,19,30,1
28170.87,60,12.19,495.56,103990.03,23.85,3,32,1
29287.73,36,23.83,1472.87,106939.52,6.74,21,12,1
33618.76,60,17.98,1312.04,103318.48,36.8,10,15,0
39003.13,60,22.8,515.42,187316.27,4.9,17,15,1
39048.47,60,20.72,483.21,21014.21,3.08,12,35,1
3545.79,60,5.56,1089.8,199391.97,25.79,18,17,1
33051.73,60,6.31,521.44,212979.51,31.71,4,47,1
26206.09,60,15.51,399.6,119236.62,10.95,2,20,1
26246.34,60,7.59,1470.12,224046.11,12.05,2,15,1
6005.65,60,14.22,861.59,107638.97,14.27,11,46,0
26357.3,36,24.09,1150.87,179786.24,30.63,16,42,1
39316.82,36,10.9,1078.19,109429.72,10.48,24,37,1
36560.92,36,14.78,1140.62,28703.99,3.53,9,39,1
18126.1,60,12.69,1357.98,39188.07,12.37,11,22,1
2557.97,36,17.6,766.13,121671.37,38.64,20,35,1
15129.45,60,8.88,1137.47,247722.1,17.38,18,35,1
33229.22,36,10.2,1201.32,60838.08,22.4,2,15,1
28358.46,36,22.18,1421.19,225983.85,30.49,24,42,1
18914.4,60,21.23,1078.25,231460.66,22.34,6,11,1
3148.96,60,20.78,1342.15,114219.23,26.27,2,34,1
17648.89,60,20.42,169.71,126219.86,35.21,13,22,0
19291.97,60,14.19,215.36,135648.7,14.92,3,42,1
37213.67,36,19.58,262.77,197193.58,4.46,5,23,0
26002.36,36,12.74,242.88,48456.6,3.78,14,21,1
13154.46,60,7.01,158.65,95586.57,31.31,10,30,0
21487.41,36,12.87,210.18,59261.54,26.2,24,24,1
3576.16,36,8.17,1493.99,222035.25,22.66,20,7,1
38930.16,36,12.82,430.11,36219.16,37.2,10,47,1
15042.34,60,10.95,732.73,191971.96,25.07,16,13,0
19636.83,60,16.98,1237.77,121140.47,1.91,16,26,0
14856.07,60,12.23,203.91,184358.95,18.75,4,38,0
27617.96,36,19.11,496.53,224675.91,8.6,3,38,1
26827.05,60,15.24,264.15,98122.33,24.85,17,23,1
28897.57,60,23.39,121.96,72210.32,7.51,11,42,1
11457.59,36,6.82,1442.31,169550.28,25.8,7,8,1
13311.07,60,18.75,1291.79,249430.94,35.33,9,7,1
5884.8,60,18.45,1322.57,187786.94,3.09,9,30,1
26564.89,60,24.01,1306.96,202993.15,10.36,16,6,1
2552.09,36,12.43,257.21,164867.16,26.94,22,23,0
24309.61,60,11.11,1183.95,104682.19,28.45,23,26,1
34918.14,36,8.45,1099.97,170568.19,23.47,15,10,1
35742.45,36,10.31,1390.36,49566.55,5.56,6,45,0
18512.47,36,15.04,352.4,,9.71,17,36,0
18912.84,36,21.75,638.65,151803.39,36.29,3,42,1
4001.8,36,10.69,463.54,228552.5,32.77,17,9,1
27159.84,36,8.15,409.14,231535.45,38.0,12,22,1
33029.12,60,10.44,989.0,33828.64,,11,42,1
10541.55,60,7.02,271.0,165332.66,17.58,23,39,1
17430.73,36,23.53,713.27,203169.87,10.35,16,43,0
33714.73,36,22.45,980.56,143383.14,20.98,16,48,1
35207.7,60,11.17,221.55,42004.14,33.19,14,43,1
10484.02,60,9.94,407.76,73527.74,9.91,15,24,1
22472.25,60,23.11,1452.03,92138.11,5.63,12,20,1
8507.23,36,5.04,1199.28,172443.86,30.02,16,18,1
4973.27,36,17.01,1025.12,35083.05,27.74,17,43,1
36533.7,60,23.32,1288.27,146412.63,33.17,19,43,0
32999.79,36,15.17,50.53,45054.93,30.06,8,28,1
30641.36,36,5.06,38.93,110877.55,16.77,15,12,1
2901.89,36,9.38,256.33,117877.95,6.27,23,47,0
33905.42,36,23.45,758.03,123922.71,28.58,21,46,1
18083.72,60,5.34,867.86,183499.96,35.14,11,26,1
14353.41,36,12.9,197.12,38675.18,6.11,11,39,1
22312.58,36,20.79,136.26,81695.73,20.75,20,10,1
4562.78,36,21.76,1247.65,167459.85,13.15,8,6,1
30509.22,36,14.55,712.77,237020.08,20.78,23,5,1
23714.97,60,9.65,1488.97,162783.42,1.25,7,19,1
8277.01,36,16.99,367.14,223174.21,14.14,2,33,0
8341.06,36,10.28,981.39,242733.36,19.37,10,12,1
8185.7,60,10.11,1212.45,223297.99,6.03,24,48,1
3223.09,36,21.15,1312.78,243607.58,16.3,12,38,1
23924.14,36,8.09,480.29,198719.53,7.04,6,16,1
33773.58,36,5.11,314.12,224045.97,8.63,18,30,1
1682.43,36,11.74,362.36,133033.85,39.11,12,22,0
2911.18,60,14.82,1010.11,99450.98,24.07,19,12,0
23338.04,60,19.1,797.82,249933.44,15.58,19,43,1
32960.33,60,20.62,910.52,42484.78,20.85,6,47,0
13742.82,36,18.27,60.18,240385.69,15.32,23,42,1
14634.96,36,17.53,604.73,119101.09,24.07,9,44,0
24257.51,60,18.31,485.92,25148.16,0.02,8,13,1
11694.3,60,10.43,1299.76,,9.44,16,43,1
2037.73,36,12.65,1171.1,122169.84,39.56,24,46,1
29673.91,36,17.33,661.47,203697.81,,21,36,1
25400.35,36,6.31,956.88,30307.79,3.16,3,14,1
23649.48,36,10.91,100.09,244053.7,19.73,16,40,1
29925.68,36,13.13,966.76,174338.73,11.63,2,28,1
27334.0,36,15.67,172.89,31039.12,21.35,9,12,0
9029.4,36,14.73,1079.61,21068.76,38.43,21,29,1
14746.76,36,19.36,873.54,156620.36,5.05,12,30,1
5918.3,36,14.47,471.73,244594.84,17.6,16,16,1
6064.42,36,23.08,575.13,140519.88,30.35,19,30,1
27371.63,60,12.61,162.43,101395.71,6.43,14,39,1
34485.4,36,15.51,504.5,235952.97,28.48,23,48,1
38546.57,36,5.06,1451.26,246309.33,16.01,20,28,1
25505.54,36,11.21,744.69,200431.51,24.83,16,20,1
8179.95,60,22.33,727.13,185120.39,21.02,14,45,1
5120.36,36,11.67,954.97,20474.65,18.02,16,48,1
32701.19,60,10.06,742.13,92147.01,19.16,19,42,1
23571.5,36,15.87,552.6,232790.54,,8,10,1
25113.12,60,6.57,235.1,104671.24,17.37,21,44,1
31477.02,60,15.63,956.56,96953.3,30.12,6,43,1
28427.81,36,11.07,1130.92,143551.55,35.87,23,22,1
33543.87,60,12.66,1386.96,122990.86,25.07,24,40,1
3192.34,60,20.83,34.43,217523.51,33.09,8,17,0
30153.3,36,18.24,127.99,38790.1,20.3,5,38,1
34183.26,36,13.92,1352.13,171512.35,8.65,5,43,1
12159.27,36,16.55,957.8,180353.74,28.96,5,26,1
25977.44,36,20.34,1438.13,222425.94,28.07,23,11,0
13252.32,36,19.92,663.34,115630.41,0.29,19,22,1
38360.87,36,8.71,642.53,87851.23,19.18,13,25,0
2303.52,60,11.02,536.07,164109.0,37.47,10,31,1
23611.92,60,11.96,239.94,186732.77,39.37,10,12,1
7493.64,36,8.75,586.59,59325.23,18.28,9,36,1
28776.59,36,5.24,51.53,,28.87,3,9,1
7859.72,36,8.48,778.69,80628.72,0.71,22,18,1
10179.95,36,21.16,1275.4,77020.98,10.72,19,6,1
20280.46,60,15.92,502.16,192650.44,28.87,18,43,1
36678.56,60,11.83,169.12,142061.6,26.12,14,28,1
9256.86,36,17.17,1461.43,145991.9,26.42,21,17,0
6625.36,60,19.8,219.6,23381.5,27.86,24,26,1
30600.1,60,12.09,807.19,248679.23,17.17,15,15,0
20524.16,36,14.32,1219.5,210851.72,37.52,16,45,1
36559.62,36,6.28,400.95,122042.83,14.65,18,23,1
6717.97,60,16.94,1266.99,35382.91,36.08,4,48,1
26191.19,36,12.13,848.83,179686.24,2.41,22,34,1
10082.29,36,13.67,517.95,143060.61,33.97,11,8,1
7113.66,36,13.45,1302.56,175833.95,12.13,14,32,0
27653.75,60,17.65,944.34,175842.82,26.39,24,15,1
24153.7,60,16.45,934.62,55588.9,2.2,24,46,1
30438.27,60,13.44,770.89,95626.27,3.2,11,8,1
13069.04,60,5.34,433.86,24084.81,2.28,17,20,1
18470.89,36,17.42,478.14,245920.45,19.4,13,30,1
16813.4,36,22.59,159.48,205487.06,16.65,15,32,1
39379.49,60,20.39,388.27,233625.97,12.77,4,35,1
12397.71,60,24.63,438.4,30150.05,17.84,17,11,1
12497.87,36,7.78,116.29,135079.81,12.54,24,20,1
14827.38,60,9.45,192.16,191909.76,34.86,18,31,1
23019.17,60,15.79,427.27,43852.09,22.51,18,42,1
10840.59,60,9.72,1025.56,198730.0,12.41,2,17,1
36696.31,60,5.69,300.83,168925.52,18.19,10,26,0
11361.74,60,13.05,797.12,246539.72,34.69,5,41,0
35936.81,60,10.75,776.62,52399.13,16.36,7,27,1
5035.53,60,10.28,1256.04,164733.78,17.09,21,23,1
26605.95,36,24.06,925.47,237840.9,13.51,9,10,1
36372.44,36,9.77,1377.99,191043.97,10.42,3,16,1
7581.23,36,7.59,953.31,97314.03,18.87,22,15,1
38764.75,60,7.51,67.51,47427.69,29.46,22,16,0
18662.45,36,21.13,590.79,241666.3,14.72,12,12,1
37882.89,36,19.3,1057.6,36537.85,9.07,3,15,1
27395.98,36,7.59,728.43,244288.75,26.4,15,14,0
12761.89,36,9.4,646.51,89807.69,32.34,5,33,0
8343.8,60,19.95,1017.17,217871.56,0.87,16,19,1
12845.67,36,10.49,450.03,147491.71,25.3,19,49,1
4627.68,36,24.63,1366.2,229895.82,36.04,19,38,1
6610.85,36,15.81,637.32,118122.35,,19,5,1
5081.76,36,8.84,957.89,215454.91,35.97,16,43,1
17494.8,60,22.18,1474.03,74828.57,4.71,5,10,0
32027.56,60,11.39,1184.66,127350.55,39.87,24,49,0
6513.96,36,10.78,811.49,214649.56,20.47,20,33,1
6082.5,36,11.55,1293.3,47223.18,29.2,16,31,1
26093.73,36,20.36,853.84,187585.89,2.51,6,38,1
8690.14,36,8.46,679.23,120480.52,4.1,9,17,1
4806.79,60,12.64,1313.98,138039.44,38.53,22,43,1
7507.09,60,5.62,69.92,153177.34,39.54,6,22,1
37025.52,36,21.53,628.98,83401.82,11.09,12,18,0
33037.38,60,11.81,534.2,42165.54,13.68,7,25,0
14808.52,60,9.96,1079.71,24291.65,0.4,14,36,1
26577.01,36,16.6,48.5,119112.08,38.24,16,35,0
21953.75,36,19.1,1001.45,81840.27,36.71,17,40,1
27407.85,60,21.26,539.15,165573.92,4.64,13,33,1
27624.17,60,11.96,173.9,184665.71,14.6,3,28,1
25520.63,60,21.25,1471.09,135861.29,38.67,18,33,1
11377.95,36,14.3,341.98,162361.1,5.03,13,14,1
2521.25,36,7.02,543.22,148971.61,34.95,23,40,1
18767.1,36,21.93,334.36,21052.95,8.07,10,7,1
35747.98,36,15.95,1003.13,213591.44,2.73,17,28,1
23210.39,60,17.05,1180.3,33699.38,5.69,6,41,1
33463.25,36,23.75,1295.14,114378.3,28.39,10,26,1
39673.35,60,16.18,487.17,45534.26,5.49,19,18,1
7381.03,60,5.11,801.09,172332.21,0.15,6,6,1
27979.33,60,22.41,1004.99,94885.19,31.03,13,26,1
27297.45,60,10.7,955.4,36365.0,26.22,13,28,1
39218.26,36,15.04,1082.56,30431.15,35.13,10,22,1
39438.43,60,9.1,1161.5,74542.6,23.11,15,22,1
27780.47,60,10.94,173.29,,1.82,13,40,1
10500.98,36,18.73,277.42,,0.86,15,34,0
32143.68,60,13.59,1109.45,49539.0,31.41,21,41,1
5174.14,36,17.54,730.71,51995.81,35.6,4,6,1
31447.27,36,21.47,657.74,156442.2,32.01,8,23,1
36497.65,36,11.82,699.5,240171.26,14.96,22,40,1
15930.5,36,16.37,576.88,147169.54,26.48,5,42,0
25594.78,60,20.55,898.87,183700.69,3.11,3,17,1
17775.57,36,19.3,505.29,152345.67,28.73,13,19,1
18072.84,60,15.8,966.12,44112.23,9.98,3,30,1
13104.46,60,12.67,327.88,237686.72,37.37,13,28,1
30723.06,36,13.15,1143.8,36556.54,13.51,10,37,1
37510.89,60,13.66,1178.95,194770.13,13.57,24,7,1
37689.28,60,11.98,880.43,245251.01,11.45,2,47,1
7816.47,60,18.98,572.91,93369.36,25.34,6,44,1
35115.0,36,7.51,51.16,59474.96,3.87,23,41,1
29759.83,60,24.35,208.65,150220.1,2.14,13,13,1
10860.66,36,20.58,147.14,202865.31,27.85,22,19,1
3624.1,36,10.96,45.0,238379.26,37.82,16,29,1
11451.89,36,5.85,1091.66,179545.08,29.75,9,46,1
36576.12,60,19.23,1435.42,97250.82,9.99,8,43,1
25693.97,60,19.69,46.42,133699.62,14.49,5,44,1
29121.13,60,24.27,195.66,195076.13,8.14,22,35,1
11028.94,36,10.07,1295.19,201224.46,27.36,20,21,1
29056.14,60,6.65,1042.1,37120.57,9.49,8,30,0
2096.74,36,23.3,624.92,161160.12,22.85,3,49,1
15637.53,36,10.17,1489.41,242495.11,33.58,21,42,0
25443.38,60,19.43,873.22,200609.04,20.66,11,35,0
6697.77,60,6.21,1014.31,21684.24,23.74,4,49,1
33097.14,36,20.21,990.17,71736.56,38.73,24,19,1
10166.22,36,7.54,357.37,122352.02,12.77,9,11,1
26438.96,60,18.91,747.54,182441.98,31.9,21,49,1
16802.69,60,15.65,348.12,147706.74,27.47,10,24,1
24245.7,60,24.11,778.91,37785.41,4.53,11,14,1
5190.57,36,5.74,75.25,189801.77,39.59,11,9,1
1659.6,60,10.84,591.48,212904.15,27.58,12,20,1
36473.01,60,6.39,577.15,67324.3,0.56,10,49,1
11515.57,36,22.58,458.7,35507.44,28.89,17,13,1
32967.4,36,16.88,146.47,201920.23,5.36,11,35,1
39974.66,60,15.7,1163.32,167302.66,11.73,19,47,1
9245.82,60,7.63,648.07,204805.93,13.93,20,7,0
11341.66,60,14.78,1226.54,150317.25,12.39,20,47,1
26851.53,36,12.97,1258.52,118563.72,29.78,13,49,1
38652.5,60,11.32,343.99,241507.87,30.13,19,5,1
36716.76,36,20.44,649.36,199390.74,21.14,24,30,1
20612.15,60,6.23,1089.83,114740.74,22.68,24,31,0
32009.3,36,17.93,764.26,228729.16,12.54,23,33,1
6294.09,60,21.46,1286.95,248504.83,0.93,6,36,1
39120.09,60,23.15,870.21,90894.4,14.07,9,32,1
38609.78,60,19.92,955.48,225269.66,0.38,5,34,1
7385.43,36,10.65,1186.92,30441.42,34.59,20,30,1
12677.5,36,17.01,209.67,69300.27,25.63,18,26,1
4906.04,36,7.83,888.84,57009.82,39.17,8,28,0
11596.99,36,7.34,155.58,102016.52,7.32,13,49,0
32822.28,60,17.77,413.01,149403.19,26.31,13,30,1
15754.31,36,22.02,342.48,185595.37,7.52,7,11,1
4447.48,36,6.34,863.6,227644.87,25.56,16,49,0
14346.8,60,7.12,1270.54,56465.96,19.67,4,5,1
39273.95,36,16.31,225.23,153005.21,26.59,4,44,1
25557.66,60,9.36,1159.54,147579.47,29.01,3,27,1
17230.28,36,17.24,240.31,125448.99,20.91,16,6,1
7495.0,36,9.29,308.82,179754.01,19.75,9,46,1
39460.9,60,7.33,1377.9,138073.06,2.79,23,15,1
33013.11,60,15.91,44.3,146544.02,14.55,9,11,1
11977.61,60,22.24,319.8,227766.13,12.08,9,18,1
3732.68,60,18.7,346.87,217862.61,25.02,10,17,1
3208.4,36,21.37,444.36,152786.82,11.04,16,5,0
5694.75,36,10.33,564.22,55928.22,9.29,13,45,1
23649.97,60,22.72,181.67,240501.34,33.95,4,31,1
37221.77,60,12.54,718.63,163220.98,33.14,23,7,1
20372.99,36,22.05,617.05,205719.16,13.14,24,41,0
33874.87,60,14.42,948.65,32655.01,3.43,24,31,1
18389.58,36,10.36,1305.25,226269.84,19.9,13,44,1
28634.76,60,10.21,467.65,179503.97,18.05,3,18,1
29543.04,60,16.35,833.34,177647.72,34.79,17,33,1
7784.58,60,6.58,575.92,45325.84,21.88,6,24,0
15087.43,60,23.6,89.17,183958.56,37.71,17,41,0
25854.78,36,10.43,1236.98,37626.57,19.33,5,45,0
3757.17,60,11.71,962.3,32839.97,26.69,4,22,1
15100.07,36,9.67,33.19,94830.02,19.19,13,26,1
21857.18,60,5.06,396.87,25329.02,,12,34,1
39852.76,60,18.85,484.21,56713.8,1.1,14,16,1
19506.81,36,16.81,1222.95,187009.15,31.73,10,38,1
32826.21,60,21.19,1148.25,212032.86,36.13,24,30,1
17850.62,36,5.82,612.33,61289.93,29.34,18,40,1
32059.24,60,23.57,261.29,209358.43,10.89,3,40,0
24221.18,36,11.62,597.47,130521.92,32.68,23,22,0
35577.22,60,23.26,1220.92,240315.77,24.51,20,29,1
17026.76,60,7.14,695.02,52041.06,27.32,10,9,1
24567.87,60,19.88,200.33,32319.9,2.65,9,31,1
25570.73,60,16.59,86.66,214368.38,23.27,17,41,1
17277.93,60,12.16,520.0,103256.68,22.45,6,16,1
6628.17,36,6.58,248.09,125149.14,26.47,7,43,1
4648.82,36,17.09,1125.21,137712.62,30.87,24,26,1
1650.19,36,5.53,439.77,209788.35,16.19,10,15,1
35067.84,60,15.03,1319.86,37480.09,6.2,16,14,0
10222.52,60,17.08,937.5,146758.58,36.95,6,40,0
9248.76,60,19.65,608.69,119030.7,31.06,15,42,1
29705.38,36,24.83,926.78,98264.47,21.61,13,22,0
13480.63,36,10.2,463.91,100070.18,14.18,8,47,1
20735.74,36,11.45,237.75,233978.37,39.36,16,48,1
7337.93,60,11.82,1447.34,81665.88,3.74,3,15,1
38430.08,60,19.63,857.85,124562.41,37.38,22,20,0
34211.67,36,23.64,40.77,133344.54,16.17,7,29,1
34687.8,36,24.49,486.16,185568.67,3.87,21,7,1
16864.18,36,23.92,264.52,139366.91,15.17,22,6,1
30732.09,36,22.59,409.53,162883.53,,19,31,1
6611.17,60,24.82,111.9,,16.99,23,15,1
1336.14,36,12.52,390.28,185281.83,19.72,24,10,1
1778.94,60,23.97,1034.03,127145.91,32.94,3,32,0
23877.47,60,20.22,1236.3,71224.02,24.62,4,7,1
18760.4,60,8.37,540.67,207893.95,26.72,10,48,1
21202.6,60,5.91,798.02,196054.0,6.16,22,19,0
1291.06,60,9.29,91.43,,10.1,11,10,1
17484.78,60,20.58,163.48,140047.86,16.45,6,19,1
29004.66,36,17.63,841.33,67954.1,4.39,5,40,1
18265.05,36,9.49,1265.65,219721.44,11.16,5,21,1
29556.55,36,19.84,159.34,42354.24,33.34,22,34,1
10087.74,36,7.83,645.26,108132.27,0.89,16,44,1
32712.54,60,21.44,1456.52,216089.01,2.04,8,10,1
23948.82,36,20.88,1116.03,156980.36,27.48,19,15,1
9219.76,60,24.45,320.48,120882.57,15.45,18,41,1
10232.1,36,8.01,449.21,202012.98,30.92,3,12,1
25493.19,36,23.13,1423.44,247588.23,37.27,20,21,1
33367.64,60,11.82,354.85,63427.08,10.67,22,5,1
17209.48,60,13.32,678.13,31668.59,1.48,17,5,1
11073.72,36,14.37,552.75,,18.24,11,43,0
34813.45,36,17.54,750.36,86101.11,38.57,4,34,1
27101.46,60,24.9,377.77,173352.85,21.82,24,24,1
18475.33,60,17.0,1012.48,133679.42,15.1,17,47,1
20028.11,60,23.53,374.85,134770.68,22.08,2,27,0
8966.0,60,10.1,915.09,101645.87,6.61,23,48,1
25445.3,60,12.97,555.92,68454.8,30.05,18,48,1
14990.96,60,15.09,399.67,69094.49,27.22,13,35,1
39830.16,60,11.46,1051.65,109003.16,28.96,14,27,1
19727.16,60,24.54,1448.9,176822.23,12.09,20,9,1
19949.54,60,19.51,1307.98,97544.31,32.54,13,49,1
23068.22,60,14.58,157.65,94983.94,35.72,20,10,1
36753.48,36,20.03,697.99,117750.13,38.22,14,40,1
32231.91,60,14.35,1051.33,247898.13,25.54,20,21,1
18594.07,60,5.34,857.05,40984.2,13.93,24,41,1
29029.27,36,15.86,1097.74,87770.07,15.5,3,31,1
23863.18,60,17.5,1463.43,87160.48,22.63,15,14,0
20202.31,36,24.62,533.14,244135.18,23.02,11,32,1
8500.32,60,5.82,1163.18,113650.94,31.7,21,45,1
19093.51,36,15.24,168.28,150403.54,3.4,17,6,1
10586.92,60,6.96,1308.53,65570.12,22.66,7,11,1
36678.84,36,7.98,1174.3,22922.92,13.94,8,12,1
14080.87,36,17.21,795.82,98031.97,33.36,22,40,1
38138.3,60,9.63,1236.92,166977.6,14.08,3,37,1
21789.16,60,19.98,1009.94,179054.31,18.71,2,5,1
25630.23,36,15.28,841.77,193391.44,9.11,14,35,1
22174.68,36,9.36,1420.62,217952.64,11.83,21,16,1
6045.84,36,14.88,221.49,46593.3,22.22,22,28,1
15657.03,60,5.02,1489.66,39042.3,17.04,21,20,1
4866.7,36,22.25,257.02,201167.64,8.06,23,21,1
25295.21,36,5.25,735.86,120222.81,18.96,5,15,1
18428.09,36,5.14,370.17,237836.85,6.61,4,39,0
31341.41,36,17.23,429.71,237001.48,35.27,5,29,1
9598.35,60,24.47,958.79,52579.98,36.97,14,40,1
7418.08,60,22.12,81.02,178981.7,9.06,24,8,1
16846.96,36,10.04,1412.9,35434.68,2.09,16,17,0
37136.83,60,8.93,441.04,112784.31,37.08,11,41,0
28706.45,60,17.52,430.62,213593.31,12.48,18,43,0
17338.02,36,21.45,1299.44,126020.69,7.52,16,8,1
21173.61,36,12.24,1154.31,27731.09,,20,49,0
4284.31,60,13.65,1017.43,75275.59,35.31,20,8,0
39398.46,60,7.31,245.15,39865.2,2.13,16,12,1
26989.88,36,8.06,1161.34,113894.12,8.31,10,13,0
12130.76,36,16.37,560.33,180240.78,32.5,14,48,1
23846.53,36,7.05,1491.02,171882.2,10.69,7,18,1
5269.81,36,9.04,1016.74,185356.2,26.74,11,8,1
38667.63,36,9.69,1258.76,108277.68,1.6,2,40,1
7816.61,60,13.88,1108.66,81014.31,33.67,17,27,1
26273.18,36,5.91,903.53,33094.43,16.89,12,42,0
10572.72,36,15.0,1082.99,236562.33,18.8,19,24,1
28984.89,36,23.57,908.3,47204.46,32.33,24,34,1
31296.03,36,5.49,105.26,60996.16,18.17,3,35,1
27263.37,60,17.62,537.92,25750.18,4.16,3,6,1
24965.48,60,21.72,495.13,92948.69,20.17,16,20,1
35806.29,60,11.25,1079.54,208334.8,18.27,5,15,1
4066.44,60,7.63,876.97,96416.75,18.0,19,24,0
13905.68,60,5.87,927.42,173176.03,7.71,18,49,1
10683.21,60,17.88,1275.06,242075.25,6.56,16,10,0
39532.54,36,16.04,802.2,225282.04,31.11,16,42,1
16186.2,36,9.59,350.87,61393.59,24.77,5,30,1
29571.9,36,21.63,48.29,102617.69,0.25,9,26,1
27704.28,60,19.71,264.46,192762.31,33.41,19,19,1
9271.17,60,10.53,74.95,244861.49,4.86,5,9,1
10320.91,60,20.07,378.49,184665.04,29.51,18,9,1
11970.1,36,9.9,963.45,78008.88,3.84,4,43,0
17033.96,60,18.51,252.59,50549.22,38.86,13,12,1
10138.68,36,7.37,150.43,133886.73,36.02,22,13,1
1766.41,60,18.84,1457.16,64378.81,7.32,7,32,1
35296.33,36,9.78,1495.45,72351.4,0.34,22,28,1
38658.78,60,16.45,966.42,165919.31,2.39,13,20,1
14321.25,36,8.45,189.59,138412.13,32.35,18,44,1
14201.77,36,19.52,1237.64,47759.45,3.07,21,24,1
1276.58,60,6.22,822.64,55345.97,31.13,5,16,1
27529.78,60,8.31,297.65,24469.91,32.79,6,16,1
33192.16,36,8.68,876.27,70521.77,12.28,17,31,1
6717.72,60,5.83,87.89,224082.03,29.4,12,38,1
7226.99,60,19.9,1459.53,202397.67,32.81,4,30,1
31813.25,36,24.62,1244.17,115399.84,31.23,16,45,1
25035.34,36,20.57,413.34,190644.84,7.66,21,42,1
2749.56,36,22.21,645.8,113602.93,17.97,21,35,1
25279.33,60,5.12,611.07,202183.93,2.73,17,33,0
13047.79,36,7.36,1296.4,61847.57,21.01,16,21,1
15380.28,60,16.18,551.31,55078.99,17.69,4,17,1
31019.53,60,24.56,100.53,37926.34,36.1,9,33,0
32626.47,36,18.21,345.59,75615.46,0.72,8,22,0
16613.91,60,12.48,346.89,53652.73,21.21,16,43,1
37938.96,60,7.92,1425.38,203687.52,29.29,7,13,1
16852.05,36,8.06,1388.36,,18.56,23,23,1
31101.61,36,12.26,471.87,138727.75,9.52,24,34,1
19871.21,60,19.28,34.07,193925.35,24.39,3,9,0
36003.76,36,5.64,789.99,175727.12,39.48,12,12,0
36402.69,36,22.04,1201.94,67055.6,1.64,11,15,1
4409.26,60,23.83,424.85,37726.52,7.84,11,13,1
37523.24,36,22.78,675.39,229705.18,19.62,12,31,1
33195.86,36,23.26,284.0,163058.56,23.9,4,17,1
31861.12,60,5.31,511.27,182509.65,24.97,17,45,0
8835.54,60,24.56,1145.51,108783.23,2.41,17,26,1
32399.65,60,12.33,659.57,75569.58,4.92,9,15,1
34155.18,36,22.39,687.49,142042.02,37.79,16,23,1
12276.86,36,8.74,1190.64,37912.83,3.01,20,28,1
38138.14,60,13.93,1151.57,203994.58,16.76,4,33,0
2944.55,36,5.88,305.11,170536.16,23.09,6,29,1
6846.46,36,5.8,640.45,195175.82,12.57,14,33,0
21965.66,36,23.87,1277.82,150930.0,10.23,10,12,1
23455.91,36,21.21,701.4,152919.1,11.61,15,17,1
26160.85,60,15.6,1002.79,158086.4,11.3,6,49,0
1661.8,60,15.51,479.76,200356.58,15.18,23,14,1
38454.3,36,19.98,117.55,71838.64,4.64,20,18,1
2738.94,36,11.83,272.4,176752.39,34.14,12,28,1
6579.42,36,20.24,620.53,147122.3,30.38,20,20,1
1546.57,60,14.7,549.6,133874.78,1.36,3,47,1
23107.48,60,17.76,1346.59,144408.51,30.45,17,15,1
37358.41,60,24.3,832.07,82606.03,33.12,3,34,1
26971.94,60,14.43,951.92,28528.55,36.88,7,6,1
33083.64,60,13.37,1042.36,194607.71,24.52,18,38,1
1517.97,36,23.11,811.49,230719.91,34.11,15,44,0
22138.6,36,23.05,1161.38,130575.39,30.36,14,47,1
18922.96,60,24.85,1181.16,212717.42,1.02,14,19,1
20459.75,60,16.02,546.54,147708.98,32.44,9,40,1
3816.31,36,11.89,154.63,233969.51,23.24,19,17,1
27692.98,60,9.81,1479.94,136936.03,26.02,11,9,1
20625.6,36,5.68,974.65,67116.12,35.4,17,39,0
30840.81,60,19.53,1072.11,220126.48,0.42,7,47,0
19926.33,36,9.67,1142.34,204062.51,4.32,23,34,0
6825.88,60,17.13,931.06,111542.47,22.95,8,25,1
26282.02,36,23.33,722.23,213639.66,16.39,8,12,1
7723.07,36,24.0,1477.46,22081.61,16.72,20,11,1
35023.39,60,5.09,1099.66,203941.86,12.49,18,16,0
24911.53,60,11.34,1273.4,178249.24,32.74,9,19,1
7130.95,60,21.75,676.32,107325.96,4.14,8,23,1
38531.18,60,15.73,1360.02,202064.74,21.32,20,43,1
21216.25,60,21.15,1106.26,49132.23,18.33,8,5,1
3843.04,36,22.07,1126.81,66763.47,22.05,14,34,1
25446.48,60,13.85,157.79,,2.02,8,46,1
10874.76,60,12.18,937.66,222636.05,26.95,6,21,1
32344.04,60,14.11,522.77,49924.16,0.54,2,49,1
32895.06,60,18.06,1013.43,149781.8,21.11,3,28,1
39178.95,36,12.34,865.27,193220.29,10.62,17,41,1
20572.91,60,20.5,193.45,,12.52,3,33,1
18743.32,60,23.08,809.08,164431.06,29.54,10,45,0
30385.55,60,10.65,693.35,236411.85,39.44,9,31,1
6166.36,60,24.3,1171.37,130891.54,19.01,3,47,1
22329.71,36,17.45,768.88,222456.27,26.78,3,32,1
22303.66,36,22.56,737.31,162504.31,9.94,6,15,1
4489.45,36,7.08,1087.65,189617.34,22.16,2,44,0
17301.38,36,10.03,1012.82,,4.0,5,9,1
34278.11,36,11.42,1488.03,58552.45,34.01,17,23,1
34389.99,60,11.06,547.37,45091.95,18.23,20,46,1
4870.27,36,8.44,1041.88,176936.0,14.46,16,32,1
4538.11,36,22.36,275.87,106589.52,20.54,2,49,1
11245.12,60,13.37,1212.7,150521.05,36.52,6,32,1
35115.88,36,24.26,1185.65,191591.35,31.06,4,11,0
6027.2,36,16.67,1096.96,200890.79,6.11,17,45,1
29079.88,36,7.77,205.0,137221.88,30.72,9,40,1
4945.46,36,15.92,1481.69,92335.55,15.71,20,31,0
25302.38,60,24.87,1415.64,198452.46,15.8,2,26,0
14886.62,36,16.3,574.03,115529.41,30.31,24,15,1
31767.64,36,5.04,878.65,235448.07,18.39,5,14,1
10113.93,36,23.66,1336.66,209651.57,2.9,18,44,0
25928.87,36,9.7,757.13,191790.85,9.87,13,28,1
10191.62,36,18.77,910.77,75486.15,35.78,23,41,0
28832.75,60,15.3,916.77,103435.26,23.68,22,28,1
35073.44,36,11.51,984.4,215265.57,34.49,4,37,1
5945.27,36,10.65,875.99,25322.15,12.21,9,17,1
34797.23,60,23.58,626.74,199737.81,27.56,16,41,1
24149.43,60,23.24,823.03,112954.86,31.41,11,11,1
5957.31,36,15.26,1311.02,203850.29,7.32,21,24,1
17674.13,60,10.17,1300.23,147050.14,0.93,13,30,1
7273.55,36,7.05,1165.64,141165.54,25.38,24,46,0
28313.57,36,8.13,638.74,181366.01,23.08,17,28,1
30595.86,36,15.45,1185.38,205456.78,1.59,16,33,1
5126.06,36,11.16,600.15,179494.6,16.43,7,30,0
20739.45,60,5.84,1006.18,123664.29,22.54,24,36,1
32770.38,60,14.1,864.12,93792.3,8.48,10,44,1
37510.36,60,19.92,471.04,214494.87,3.86,8,44,1
21027.2,60,22.83,695.73,139778.85,32.05,3,21,1
38060.89,36,16.71,1250.63,200195.97,37.0,4,37,1
21891.87,36,19.47,1371.75,249015.01,,9,39,1
16373.43,36,12.28,331.78,168094.14,5.36,16,43,1
34079.92,60,14.92,700.64,84019.62,16.85,9,46,1
20226.33,36,19.59,667.25,219078.02,11.17,19,35,1
19404.2,36,19.55,748.85,,19.62,8,24,1
20122.19,36,13.49,1465.64,79892.22,0.36,4,47,0
34024.62,60,15.87,792.55,37005.51,34.68,7,47,1
33445.72,60,23.48,1250.21,38069.42,2.32,24,20,1
16737.28,60,17.64,1005.99,218333.91,17.19,21,10,1
13998.69,60,17.85,187.57,73067.79,26.45,21,16,1
20185.19,36,20.69,1052.62,44998.28,26.05,18,43,1
23338.13,36,7.3,981.18,101095.24,11.93,9,21,1
10295.15,36,15.46,1144.95,184115.14,19.98,5,5,0
31964.25,36,24.19,139.44,98115.14,19.88,13,12,1
19972.83,60,12.23,384.72,91134.42,5.25,8,11,1
14027.78,36,10.9,1160.85,132255.12,14.9,8,14,1
5166.02,36,17.02,574.81,24876.03,4.77,2,28,0
10314.96,60,9.42,1368.9,,2.28,22,30,0
38021.97,36,16.12,790.98,247704.38,2.23,19,7,1
12898.89,36,8.11,31.51,203850.18,,24,38,1
7585.51,60,16.6,1057.29,36213.11,29.18,4,38,0
18966.24,60,17.05,784.79,170609.17,39.38,18,27,1
12976.42,36,13.37,496.13,126055.81,22.85,12,39,0
2371.21,36,12.65,60.05,210037.17,11.97,3,19,1
13602.66,36,9.91,322.16,42661.03,8.28,5,5,1
22220.24,36,11.62,267.54,73527.63,27.79,2,13,1
22516.78,36,14.97,886.8,201962.45,2.07,24,13,1
14905.8,60,9.95,1161.24,215315.85,10.49,11,36,1
18444.81,36,20.66,374.87,,27.54,24,23,1
38655.2,36,19.18,1055.65,24530.32,17.8,16,31,1
15716.59,36,10.39,1352.74,225554.46,20.01,11,31,1
11070.85,36,6.95,943.73,108036.0,39.02,17,15,1
10495.21,36,5.0,1170.2,29126.52,16.18,3,44,1
18852.82,36,16.93,330.22,208326.82,23.81,9,31,1
30621.29,36,9.23,140.16,116155.9,39.94,3,26,1
9033.54,36,5.25,567.12,63697.77,27.45,5,18,1
28662.55,36,12.18,1072.24,204363.0,20.58,13,26,1
1824.84,60,24.24,1038.56,125274.61,12.96,6,10,1
17338.39,60,18.8,1433.97,159796.2,39.06,16,30,1
31258.74,36,22.16,956.07,209317.93,11.75,11,48,0
14210.59,36,7.89,634.59,140157.08,4.63,12,7,1
22985.75,36,6.47,1201.78,45409.95,37.03,11,6,1
8994.19,36,5.23,255.01,241665.22,12.76,20,42,1
29937.82,36,24.11,1225.14,85904.32,23.56,13,39,1
3038.89,36,11.0,567.92,248677.37,25.84,5,28,1
34249.16,60,14.19,256.39,21385.64,10.44,7,27,1
8729.66,36,12.89,268.35,131271.25,16.94,24,16,1
35101.52,60,19.61,1475.89,,6.22,21,8,1
14748.64,60,11.2,946.14,228449.44,35.38,10,34,1
29184.66,60,15.71,286.17,199477.5,23.38,9,16,1
13449.79,60,24.91,424.79,78794.4,35.61,14,35,0
36330.56,60,13.88,576.96,75960.01,10.28,11,18,1
5938.85,60,16.03,112.17,102014.93,25.36,24,36,1
7962.27,60,15.05,189.37,45424.25,8.72,20,35,1
20228.17,60,21.06,1149.78,174001.85,11.56,18,5,1
4195.6,60,10.34,1186.7,236489.42,14.45,10,41,1
8643.23,36,8.41,1482.7,167684.01,21.98,24,25,1
37806.89,36,20.08,129.37,142675.93,22.23,10,49,1
39083.1,60,13.31,1337.1,135770.32,8.01,7,47,1
15674.11,60,23.27,496.31,156301.02,1.84,19,11,0
37008.15,60,17.88,511.94,183440.97,30.88,5,20,1
22248.16,36,16.29,217.1,202849.85,21.04,9,22,0
11519.96,36,6.41,1479.86,180613.87,12.53,8,25,1
28393.55,60,19.61,1472.05,182157.33,2.11,16,12,0
26697.17,60,18.72,1301.3,238898.78,4.18,18,41,1
39575.89,60,17.8,163.45,226848.98,16.94,5,25,1
11336.84,60,10.36,1267.22,209502.36,19.35,23,14,1
27210.32,60,23.93,962.88,29972.86,15.1,5,11,1
3028.93,60,11.43,219.3,173839.49,22.66,15,40,1
5432.2,36,8.04,414.78,124645.58,32.56,23,39,1
1152.82,36,24.74,1043.16,162047.82,27.09,2,47,1
39978.97,36,19.92,1211.06,177844.9,34.68,13,10,1
32288.67,60,13.3,1276.69,184369.93,24.63,10,33,1
31682.2,60,23.72,829.43,219968.05,4.2,20,40,1
20879.32,36,6.82,815.89,229297.97,6.0,22,5,1
12702.62,36,6.75,1035.79,159570.54,15.62,4,19,1
6899.31,60,18.65,1173.25,225657.77,11.36,6,17,1
12102.31,36,8.56,280.76,195863.0,26.09,24,13,1
15662.88,36,23.34,1117.56,66626.84,25.03,12,40,1
30496.09,36,21.81,532.28,28121.74,18.5,13,16,1
22046.81,36,11.13,594.13,22274.31,25.75,20,13,1
4021.86,60,22.78,144.24,154923.34,36.45,4,11,1
1703.13,60,5.86,894.98,139966.45,19.67,15,17,0
4990.96,60,15.97,167.33,180164.77,13.89,3,21,1
17009.45,60,23.71,1372.31,213850.51,19.05,15,46,1
37394.52,36,22.11,942.83,57821.77,5.8,16,9,1
25858.7,36,12.12,1485.71,216979.31,3.9,11,10,1
32271.21,36,8.66,391.11,42558.87,16.42,22,44,1
19188.61,60,9.21,1029.01,223145.97,36.94,7,31,1
15104.98,60,15.29,1447.71,215611.88,34.52,19,42,1
5227.61,60,16.94,468.91,180299.83,27.13,3,12,1
35161.39,60,5.66,171.59,89006.72,28.76,23,5,0
31543.24,36,13.27,961.95,41485.1,34.42,5,39,0
7556.61,60,21.61,568.17,198960.03,36.62,5,5,1
20978.16,36,13.89,431.39,70112.27,26.38,6,18,1
20007.62,36,8.38,1490.57,121415.53,15.44,17,25,0
25378.57,36,24.1,1138.54,142097.59,5.9,9,22,1
37901.29,60,10.33,743.53,177651.73,0.28,13,31,1
23611.09,60,20.97,103.5,132110.76,25.92,17,16,1
22068.47,36,8.88,311.68,179742.65,15.91,5,39,1
2962.59,36,13.46,469.2,207228.8,3.19,14,42,1
3453.39,60,14.81,746.18,184004.0,11.15,12,40,1
8306.52,60,15.01,760.96,88885.62,18.75,7,12,1
2266.36,60,15.33,66.36,225685.81,31.34,10,43,1
29990.76,60,9.5,1416.73,146631.43,12.59,14,11,1
29209.88,36,15.32,827.93,127036.21,26.25,2,7,1
6306.19,36,14.63,59.0,152260.81,1.73,7,12,1
33607.08,36,9.17,1060.96,131140.6,38.5,20,34,1
7036.66,36,24.76,134.89,193675.29,38.87,12,44,0
12745.85,36,22.31,1090.12,116752.71,21.13,7,44,1
10710.1,36,22.75,1061.19,198646.32,26.3,7,47,0
15519.98,60,18.71,1477.84,194835.7,30.58,4,32,1
10931.89,36,8.2,532.8,83680.2,38.82,21,47,0
20069.09,60,16.36,242.16,42066.51,21.78,7,8,1
16888.91,60,21.43,165.05,215720.34,30.21,6,7,0
39476.21,36,5.77,135.44,58851.55,7.69,21,23,1
3181.13,60,14.92,1221.19,27171.98,6.16,15,23,1
6545.07,36,12.92,1086.27,112535.09,28.5,15,25,1
3060.21,36,9.24,1464.6,78454.37,36.96,14,9,1
25407.81,60,12.57,484.5,70683.08,22.7,4,48,1
3125.86,60,24.67,1210.56,59632.13,21.38,17,35,1
33621.15,60,19.46,166.73,192315.21,22.85,13,29,1
20965.61,60,10.99,1358.7,200187.23,35.18,15,33,0
21553.3,60,17.11,106.19,30669.6,32.0,3,21,1
22902.19,60,9.93,1188.19,145766.7,32.07,9,25,0
7661.73,60,17.22,481.81,51083.45,4.26,10,6,1
8709.92,60,22.92,296.35,134897.45,30.39,15,48,1
13433.88,60,16.14,1065.64,100023.86,30.73,12,16,0
24146.36,36,19.67,1346.94,66417.72,5.29,5,7,1
9194.59,36,14.07,1153.27,238053.73,18.86,5,49,1
5536.94,60,15.48,490.26,240051.62,3.92,22,40,0
38834.56,60,18.9,549.75,149713.22,15.88,21,33,1
1857.29,60,21.25,308.28,63251.51,,12,31,1
32305.2,36,18.19,1241.37,154151.17,8.73,16,19,0
31733.37,36,24.55,187.43,233554.83,5.29,3,16,1
12591.35,60,21.4,1357.72,106884.98,25.53,6,38,1
6289.44,60,20.54,913.67,,33.07,11,8,1
6679.52,60,21.9,895.62,179548.74,6.17,16,20,1
28199.83,60,10.62,1261.6,170941.86,36.17,17,41,0
26069.46,36,13.64,1011.27,20319.3,29.48,5,41,1
31527.08,36,16.29,477.23,216329.29,27.12,18,14,1
37561.77,60,14.25,543.79,171971.83,4.84,22,22,1
27985.17,60,21.95,284.39,65010.68,37.19,15,21,1
7078.21,36,5.54,712.17,20744.91,18.94,22,11,1
10494.26,36,9.18,191.93,243629.03,21.42,10,7,1
33845.56,60,22.63,989.96,193576.34,20.51,20,41,1
9162.94,60,6.18,278.77,103961.78,21.24,4,45,0
3828.37,36,9.54,1299.98,119541.34,32.91,5,38,1
28427.92,36,12.03,1059.68,143937.92,3.95,22,25,0
16698.53,36,20.01,1340.52,185284.42,19.35,10,11,1
36881.56,60,16.2,157.94,59774.12,24.56,21,27,0
26359.95,36,24.09,1203.81,65017.68,4.71,13,8,1
4526.34,60,9.56,1324.78,31102.03,23.24,15,27,1
37966.41,36,22.44,95.52,246732.67,20.37,8,34,1
11083.73,36,10.66,1498.64,221381.33,8.91,6,15,1
14151.29,36,9.91,471.95,147180.34,10.29,3,29,1
16688.16,60,14.97,341.23,118962.94,3.45,11,15,0
2997.75,60,6.42,639.91,74611.19,28.22,11,14,1
20364.1,36,12.69,42.69,156846.04,5.93,23,8,1
5809.42,60,12.11,1332.28,178817.38,,24,10,1
16637.84,36,8.2,424.68,178512.04,35.59,13,36,1
14677.68,60,22.22,796.74,21480.31,9.64,21,8,1
31140.76,36,12.72,946.63,181468.95,10.41,8,13,0
32323.65,36,24.64,1192.9,219265.76,4.92,20,47,1
6983.1,60,22.99,397.8,46430.84,21.64,7,14,0
15295.5,36,8.9,1084.21,193736.71,38.57,9,32,1
15560.77,60,15.1,202.96,209344.88,9.75,2,17,0
6905.01,36,17.04,1065.23,83518.96,6.39,23,36,1
32139.69,60,21.38,1381.36,183784.42,24.25,10,42,1
28581.9,36,22.71,154.99,42253.62,34.26,8,48,1
8424.89,36,17.48,201.55,169318.79,34.81,22,21,1
15302.15,60,5.7,849.12,137375.75,13.82,24,22,1
5126.4,36,14.63,98.21,215465.99,31.47,7,11,1
25500.06,60,22.7,305.46,123952.55,23.69,14,18,1
5733.51,36,19.28,309.58,118462.04,29.32,12,36,1
39451.43,36,22.4,737.43,234770.51,27.07,10,47,1
31446.6,36,18.48,395.28,234881.35,5.11,23,14,1
16219.3,36,5.88,729.02,28213.68,14.3,7,31,0
23563.99,60,24.36,796.13,131679.96,30.52,9,45,1
36542.33,60,23.36,1104.05,57020.25,30.4,4,45,1
22609.87,60,7.53,1420.61,82952.43,4.88,20,10,1
7805.44,36,7.25,770.51,173212.28,,7,5,1
15769.43,60,15.78,551.86,49736.21,34.76,3,37,1
33882.65,60,20.14,410.29,22592.21,31.66,8,14,1
26124.31,36,12.64,962.95,187238.44,23.24,24,22,0
26378.25,60,7.73,1416.09,167509.19,8.26,4,46,1
34806.04,36,15.21,1154.04,227612.79,12.98,24,20,1
35864.95,36,11.75,332.97,144731.33,26.15,13,44,1
36871.91,60,12.04,1343.16,237426.06,31.26,3,15,1
4699.12,60,17.9,1111.2,160142.07,24.55,18,48,1
22220.91,60,22.71,218.08,109044.58,15.82,7,23,1
29879.87,60,16.17,1077.82,159946.65,23.07,21,32,0
30520.15,36,18.75,455.35,192311.46,0.15,2,5,1
24661.93,60,18.2,752.35,99934.47,29.42,19,42,1
7504.71,36,16.02,471.34,105680.74,33.76,3,28,0
32099.4,60,11.22,153.57,164885.58,1.84,4,35,1
29084.34,36,12.56,1159.82,124786.15,15.98,9,35,0
4359.3,60,11.31,1248.17,141203.84,33.95,20,15,1
19088.58,60,23.35,371.01,245878.78,23.89,4,17,1
7785.12,36,21.53,382.27,30068.23,19.34,12,42,1
14161.6,60,16.59,662.04,169017.09,3.48,12,8,1
1705.16,60,23.24,1222.86,232263.66,29.49,21,29,1
16612.86,60,22.73,143.58,74328.62,27.57,24,46,1
22445.2,60,23.55,1218.81,68766.35,23.59,3,44,1
25163.72,36,9.44,1386.4,103489.55,2.42,20,21,1
26876.12,36,19.35,855.41,37038.06,25.71,18,10,1
33615.36,60,17.18,118.78,148865.5,2.07,17,28,1
9403.05,36,19.68,426.24,168455.54,32.89,19,40,1
5698.79,60,10.27,193.74,208573.97,34.77,22,31,0
34209.95,36,18.9,411.15,35220.5,21.24,20,13,1
7107.9,36,13.2,1223.32,120322.55,33.94,10,19,1
39015.64,36,21.68,111.83,200367.57,16.03,17,22,1
33858.99,60,20.91,447.22,196709.43,11.6,3,29,1
20534.19,36,9.23,789.92,36937.33,19.36,22,46,0
39275.44,36,8.68,1314.84,22620.99,22.35,12,18,1
4797.69,60,19.35,397.47,200165.38,30.66,6,11,0
12819.56,36,16.01,1174.14,51734.86,24.08,21,33,1
25890.75,60,16.14,887.85,152891.6,34.23,21,6,0
14650.27,36,20.05,1024.26,41676.62,37.43,11,43,1
37206.53,60,22.1,1296.8,87967.56,20.88,8,8,1
3559.42,36,9.78,68.83,56348.57,28.71,14,12,1
22427.06,60,16.11,808.71,189370.7,19.26,13,12,1
24043.78,36,21.58,1128.4,174726.62,36.24,20,27,1
26456.4,36,22.46,1330.37,51120.26,1.22,7,32,1
10970.98,60,10.75,225.06,33645.98,28.74,8,38,1
15218.09,36,7.08,531.93,,19.85,12,8,1
33903.54,36,9.66,145.48,64976.03,2.45,14,28,1
8602.77,60,23.91,1257.35,21872.67,29.83,13,12,0
33247.85,60,14.25,1290.33,80782.73,15.71,19,5,1
22943.56,36,13.37,740.87,69506.05,21.09,14,20,1
30725.31,60,5.26,60.57,177540.63,28.51,9,35,1
28830.69,36,6.02,180.23,217998.51,10.08,23,28,1
9092.95,60,18.37,947.81,74656.95,11.53,9,30,0
23183.7,60,16.8,1474.45,71300.99,14.27,16,16,1
34841.2,60,16.51,1263.13,109186.26,29.9,5,48,0
17852.53,60,7.21,1202.95,59688.26,39.27,17,49,1
38697.04,36,12.04,644.42,237767.46,14.52,17,22,1
18636.39,60,21.25,1478.26,76011.1,24.43,7,19,1
6568.64,36,8.5,1242.71,41465.7,12.96,17,40,1
16187.95,36,22.65,523.41,148084.42,35.07,9,30,0
38116.39,36,7.43,1130.28,143652.5,37.42,20,42,0
13469.11,36,8.38,665.81,165340.26,7.58,6,14,1
34855.83,36,14.55,1000.87,242341.59,26.16,18,28,0
35368.78,60,23.91,1455.98,94402.05,36.24,7,25,1
14657.27,60,11.59,392.28,102701.42,19.0,6,11,1
4247.05,36,18.16,1198.65,97519.3,13.41,23,49,1
29257.76,36,16.77,897.85,164584.82,36.23,16,10,1
13148.98,60,7.99,1426.46,,10.31,4,37,1
31534.02,36,9.96,227.66,141625.62,8.28,12,25,1
18263.54,60,23.6,1087.97,103794.97,35.22,12,25,1
19925.4,36,8.7,84.62,118359.42,25.34,6,13,0
31338.47,60,18.9,392.43,202276.66,7.4,15,34,1
15912.17,60,24.29,501.66,160126.75,25.71,23,32,1
18281.97,36,7.39,665.42,184750.81,35.05,21,25,1
15671.43,60,12.98,1448.99,83647.84,3.57,19,14,1
15326.28,36,9.48,129.37,229643.18,10.27,18,11,1
21511.92,60,9.43,278.4,28087.43,24.17,4,27,1
32543.18,60,7.38,328.48,157010.28,4.6,2,42,1
15108.96,36,17.99,653.28,206840.51,36.22,24,29,1
21445.93,60,19.93,119.23,219245.66,23.72,4,19,1
27158.37,60,18.54,1449.17,93496.9,23.4,9,31,0
11508.14,36,23.49,852.98,125742.7,2.24,13,7,0
11823.39,60,7.91,1225.53,28024.51,16.85,3,43,1
37403.11,36,11.4,1165.57,201646.05,7.8,8,22,1
29217.85,36,11.89,1001.41,48651.56,32.34,18,13,1
23510.28,60,9.64,1359.48,118458.73,13.45,21,9,1
26261.08,36,7.84,1356.5,247886.07,16.12,11,29,1
2142.68,60,14.73,217.82,231079.57,25.63,12,19,1
25106.02,60,21.69,1355.83,95905.42,28.7,20,19,1
20870.85,36,24.09,800.12,71492.54,31.6,3,20,1
22284.24,60,7.59,424.06,77889.27,6.99,12,42,1
15017.53,60,21.46,924.5,177500.7,10.5,20,28,0
4177.48,60,21.49,442.93,186933.37,3.7,9,41,1
8540.23,36,12.78,734.14,69793.41,34.26,9,18,1
38079.04,36,7.2,1230.16,75197.69,12.62,6,35,1
16939.28,60,24.8,77.33,,5.05,12,35,1
19200.64,36,18.11,299.14,,12.45,15,46,1
3055.68,60,24.64,1436.18,,2.29,16,48,1
2465.08,60,14.67,684.29,26096.8,33.46,10,25,1
28970.08,36,12.9,475.89,166785.4,11.48,8,26,1
21985.69,36,9.94,1387.22,218190.45,14.0,8,49,1
20839.53,36,24.67,1369.48,186373.63,37.61,11,25,1
10481.86,60,10.07,95.04,69850.69,7.57,22,37,1
30045.28,36,5.48,562.84,129651.73,8.16,21,37,1
7561.23,60,15.25,1371.85,229364.53,22.42,5,40,1
8407.46,60,12.54,294.26,46615.02,38.89,7,35,1
18967.77,60,10.23,879.97,247127.57,36.05,17,20,1
12164.91,36,17.69,501.54,53033.45,23.72,4,34,0
10651.06,36,12.29,1112.75,52756.04,32.49,3,20,1
26164.27,36,13.05,262.65,206957.64,19.5,15,15,1
26387.9,60,5.46,906.2,210519.7,17.39,2,40,1
33156.17,60,16.78,30.01,28721.29,16.02,8,41,1
17290.63,36,7.44,401.27,58710.24,18.18,4,30,1
3850.32,36,9.28,268.38,238161.36,28.28,21,41,1
11672.99,36,19.34,338.45,84249.41,32.86,4,16,1
39220.21,36,11.26,1294.83,22815.12,23.04,21,48,1
24254.08,36,8.26,1374.75,78429.68,34.76,6,8,1
28679.75,36,16.55,1139.9,189149.49,25.55,22,27,1
1286.96,36,9.3,897.46,230784.28,32.11,6,37,0
21210.02,36,10.42,369.36,55686.01,27.58,19,41,1
2463.62,36,17.43,433.84,71615.18,30.95,7,27,1
23199.98,60,19.8,485.54,121552.2,0.76,21,36,0
36910.06,36,19.79,1172.2,192109.54,34.69,17,47,1
38768.35,36,14.64,401.74,171500.32,35.44,14,23,1
22081.55,60,14.09,1460.88,95332.72,33.65,11,24,1
18869.99,60,20.75,1200.8,35260.92,29.21,4,11,0
37855.67,60,8.86,1499.59,78180.95,31.5,14,36,1
27270.78,60,8.04,704.99,70499.58,7.25,5,11,1
3531.07,60,18.29,896.31,24842.37,1.91,4,44,0
19163.3,60,13.19,442.19,244259.19,11.59,12,10,1
10369.56,60,19.2,917.5,78735.45,17.7,6,36,1
19322.37,36,10.13,1461.63,212403.06,10.83,11,13,1
18763.16,36,11.5,74.66,131518.17,34.83,21,48,1
23703.65,36,22.93,455.25,243626.87,38.58,14,30,0
14914.05,60,13.43,443.5,54397.22,30.83,24,31,1
7406.55,36,16.82,1474.08,45454.83,19.06,20,22,1
20645.06,60,7.13,224.99,20566.47,5.83,12,28,1
33377.91,36,8.58,1224.17,185242.83,34.88,20,39,1
26896.48,60,5.72,433.59,90466.54,33.68,12,28,1
14196.35,36,13.49,1295.09,220181.64,6.49,23,24,1
37485.4,36,24.78,746.99,165775.12,1.95,9,47,0
36576.1,36,22.48,386.12,152809.33,35.96,13,48,1
9164.59,36,17.66,1073.31,131985.05,32.88,11,20,1
2537.29,36,22.22,1267.12,,37.37,22,23,1
29911.04,36,16.88,721.1,34878.36,14.32,3,13,0
33276.8,36,12.38,1079.56,122020.64,,22,21,1
38746.72,60,8.47,296.93,42797.52,34.57,18,14,1
35703.62,60,18.06,1408.29,228318.16,13.66,3,7,1
24420.86,36,8.86,171.78,210745.7,18.98,20,44,1
21672.04,36,13.35,356.27,162545.1,21.27,10,22,0
2085.8,36,21.52,453.89,124061.13,1.17,13,15,0
10619.6,36,7.58,254.55,124464.94,33.14,23,46,1
18924.98,60,7.58,627.82,126838.47,37.75,8,31,1
25511.65,60,9.49,702.87,191456.52,16.69,18,8,1
22732.82,36,16.04,792.33,49027.16,24.45,5,49,1
29962.8,36,10.03,89.98,142198.03,21.66,8,39,1
11910.91,36,15.06,352.09,206913.33,13.92,14,6,1
23033.15,36,11.04,1217.41,137328.95,3.3,22,14,1
4437.55,60,15.12,1221.59,23160.48,20.81,4,49,0
17132.96,60,10.55,515.11,76278.84,9.76,18,24,1
30256.27,60,24.6,707.93,173774.47,26.09,7,35,1
28042.63,60,14.85,299.68,234865.9,21.49,22,48,1
39635.07,36,19.87,1238.55,225562.06,23.62,4,41,1
11837.75,60,19.01,1436.33,209222.13,24.07,17,21,1
20429.38,36,14.81,458.29,238537.76,35.43,20,31,1
13851.69,60,9.78,1179.45,84381.11,5.9,3,9,1
18183.52,60,15.21,548.01,22851.47,32.23,8,22,1
34421.06,36,18.62,33.87,101506.16,38.19,15,24,1
27684.15,60,14.2,911.6,152712.53,28.85,5,9,1
35415.21,36,6.64,633.29,92787.18,5.56,5,42,0
8936.93,36,5.36,1144.9,30166.86,34.01,9,45,1
35061.08,36,11.56,1130.68,136653.01,31.67,14,23,1
3330.73,36,8.0,1420.67,65930.16,34.51,15,13,1
35655.37,36,23.12,673.59,187341.39,19.45,20,22,1
13833.88,60,8.52,739.29,40516.36,32.81,10,41,1
13268.92,60,12.89,618.6,240368.93,6.16,8,7,1
20971.45,36,19.24,466.5,221636.51,23.07,16,32,0
37686.92,36,21.31,967.63,220986.45,22.07,9,7,1
2863.47,36,14.55,1247.21,201674.85,35.87,6,17,1
14737.01,36,8.62,261.98,165725.54,34.52,18,16,1
34406.31,60,10.42,1473.3,32288.68,28.64,15,9,1
16446.12,36,13.38,1035.2,172357.95,6.99,14,20,1
8767.12,60,12.29,1176.76,191793.27,32.27,17,47,1
17566.97,60,11.97,1498.32,50088.58,24.57,23,23,0
16036.55,36,7.64,770.93,161623.89,32.66,6,13,1
36701.23,60,23.27,134.8,130139.52,37.53,9,31,1
30715.44,36,5.6,1191.73,128661.55,18.0,19,14,1
20699.51,36,13.8,1310.03,65876.31,29.78,17,29,1
39546.45,60,24.61,268.72,190070.78,38.92,9,49,1
19145.82,36,18.19,65.48,232778.67,8.55,8,16,1
3271.28,36,12.11,229.66,201194.76,33.88,24,13,1
11228.7,60,7.92,506.23,104877.41,5.68,11,31,1
18006.75,60,24.28,1388.69,246360.78,0.69,11,42,1
7119.2,60,5.28,33.63,103759.17,33.88,15,30,1
37955.04,36,18.63,1211.58,73917.49,38.4,10,37,1
30907.11,60,22.6,1286.64,242659.47,1.29,3,32,1
11463.2,60,5.5,1222.25,201657.8,33.78,20,21,1
24041.38,60,19.5,150.86,195086.15,27.98,4,23,0
29136.52,60,24.98,1028.41,37809.35,27.99,10,29,1
37709.88,36,17.79,1432.24,64165.43,18.38,11,44,0
35383.78,60,13.29,206.93,24259.13,16.68,12,46,1
21092.5,60,22.49,76.57,198629.31,14.92,21,27,1
31211.45,36,16.08,1314.28,83995.88,15.27,12,23,1
22923.65,60,19.99,978.05,50411.48,37.49,22,20,1
22555.45,60,16.76,980.26,61834.98,32.63,13,29,1
5474.94,36,5.77,1447.71,167460.35,12.55,15,21,1
5919.37,36,9.26,1161.56,119601.66,29.62,15,17,1
21651.81,36,6.58,614.24,236521.17,26.26,12,13,1
11485.6,36,7.13,670.69,,33.84,3,32,1
1820.44,36,5.31,242.7,211791.1,3.68,14,35,0
29190.73,60,13.42,476.95,145686.95,28.01,24,11,0
2266.98,60,8.57,684.74,182229.92,9.8,2,11,1
24215.8,60,22.11,413.8,58791.98,9.66,4,40,1
22028.56,60,20.0,1376.33,192266.44,28.23,6,13,1
38783.77,36,16.46,47.35,39700.73,35.8,17,23,1
19884.31,36,14.78,892.92,178957.92,20.64,6,16,1
3480.46,36,10.12,1164.26,127069.05,18.62,23,40,0
22515.83,60,14.5,1106.2,72561.01,,9,31,0
33802.75,36,17.82,976.29,130489.04,1.02,6,38,0
39877.12,36,20.64,633.19,216805.97,28.28,24,30,1
17783.38,60,6.63,1380.16,55585.41,2.25,10,42,1
13491.65,36,19.17,513.55,59014.08,9.78,7,26,1
36359.48,36,19.85,1132.7,142819.37,26.68,17,25,1
8458.44,60,16.18,1392.18,163808.55,15.21,5,11,1
25001.73,60,9.29,218.72,116645.95,11.81,14,42,1
16822.86,36,15.78,1422.21,81270.3,20.17,10,11,0
2602.21,60,15.05,1170.77,35454.18,33.99,4,35,1
14544.25,36,14.51,936.39,31452.42,17.04,20,41,1
11343.91,60,14.21,578.9,29388.62,21.32,13,48,1
27757.56,60,7.22,1359.27,227295.1,6.32,16,18,1
38002.83,60,8.66,94.74,50212.15,17.79,11,36,1
11453.84,60,6.95,664.79,87878.4,0.66,17,30,1
32647.17,36,9.85,1142.25,246755.23,33.53,14,12,1
3159.03,36,10.27,1222.38,233319.19,8.27,19,18,1
21986.72,36,9.9,327.35,29858.24,36.8,12,19,1
3751.45,60,9.22,99.98,146790.63,14.31,7,21,1
37427.29,36,19.71,1210.19,165704.65,33.44,12,22,1
30887.7,60,21.37,650.18,32446.25,15.58,19,30,0
26660.05,36,11.54,240.98,187469.01,6.11,12,20,1
33131.96,60,11.1,155.79,247210.1,20.15,3,42,1
26253.27,60,21.88,971.74,118757.3,10.42,20,42,0
38788.83,60,17.48,886.74,,12.92,4,9,1
28844.36,36,10.87,1285.37,171649.78,12.65,19,41,1
37061.69,36,19.27,76.4,189404.67,13.83,16,22,1
21168.14,36,11.89,1306.59,201647.64,19.92,16,44,1
5565.51,36,16.73,1334.25,37843.36,5.11,3,36,1
21598.93,60,24.85,686.06,204158.44,10.31,23,19,1
5948.04,60,11.03,142.7,218737.01,25.29,9,30,0
24107.25,60,23.61,1421.71,30402.27,30.23,16,46,1
19817.23,60,11.41,135.88,29001.05,9.75,11,7,0
25280.44,36,15.81,898.29,146704.81,10.48,11,5,1
1391.83,36,14.2,754.94,134265.52,19.12,21,21,1
8598.78,60,20.66,1257.58,245422.24,39.24,21,14,1
20161.89,36,6.22,768.83,87712.35,22.01,7,19,1
38069.64,60,17.54,719.61,155746.0,32.54,16,42,0
15960.75,60,20.21,1324.56,136534.85,36.75,22,49,1
17550.51,60,14.44,1447.09,143218.66,25.48,5,7,0
28873.15,36,7.11,837.43,171723.71,20.77,12,48,0
24547.92,60,9.9,698.44,143646.85,30.58,22,21,1
12658.12,36,18.59,1251.71,21597.25,12.76,10,9,1
17021.84,60,22.91,1251.71,214053.36,38.9,6,34,1
9490.29,36,13.43,499.49,66265.51,19.01,24,49,1
38674.84,36,16.21,877.05,73165.56,37.13,2,24,0
6094.74,60,9.57,256.55,169033.74,30.39,14,21,1
15501.63,60,13.24,964.25,129882.88,8.46,20,14,1
2007.72,36,11.74,1255.96,152130.39,8.83,7,9,0
9649.4,36,18.11,305.65,134424.76,13.99,7,10,1
31438.37,36,24.69,504.88,116108.4,14.88,12,31,1
8845.83,60,21.27,689.93,131159.57,0.6,2,45,1
4122.47,60,8.84,1272.27,52449.64,34.23,3,27,1
19503.67,36,16.55,1105.11,242940.33,9.62,5,35,1
1388.8,36,6.33,495.8,152192.91,32.99,4,21,1
4305.88,36,9.94,387.26,,19.31,6,10,1
32497.41,60,8.44,1052.69,183953.26,23.68,6,42,1
31087.46,60,11.71,735.43,222424.41,21.46,7,43,1
36690.41,36,18.58,902.52,88187.56,37.79,7,5,1
34326.1,36,14.99,983.59,94637.66,16.72,12,48,1
27643.85,60,23.66,851.27,120866.2,15.55,21,41,1
3040.98,60,9.25,931.22,69976.65,24.6,11,16,1
31531.1,36,12.28,1334.63,206251.33,15.27,16,9,1
33974.92,36,11.6,1306.25,154360.64,24.3,19,7,1
32164.2,36,9.72,249.08,33120.24,22.9,5,43,1
20830.68,60,24.86,892.15,249241.94,31.0,7,7,1
10083.17,36,12.74,675.77,152243.45,39.6,8,8,1
33967.87,36,23.81,449.71,224685.36,39.09,5,9,1
29359.35,36,12.81,957.79,135372.18,4.95,10,46,1
39249.69,60,9.08,781.0,153963.38,18.08,24,27,1
7072.01,60,7.38,1169.11,124529.31,16.89,24,40,1
9800.92,60,22.11,167.34,117234.97,7.63,2,44,1
9260.13,36,5.64,474.94,70210.02,29.75,24,13,1
31909.05,60,24.29,67.9,241288.58,38.74,24,48,1
8289.38,60,13.36,1126.56,61807.39,6.11,3,20,1
3599.73,60,9.95,1371.31,141072.98,10.89,7,35,0
39943.87,60,17.35,893.44,40032.27,34.2,11,24,1
1967.87,60,7.66,936.96,248476.69,12.21,24,36,1
33574.52,36,6.44,98.24,147805.57,17.65,12,33,1
15249.31,36,21.56,770.56,207354.14,29.61,18,46,1
33823.0,36,13.49,804.5,149473.64,5.04,18,14,1
22630.2,36,15.37,87.29,205146.6,21.09,19,41,1
36163.62,36,8.53,1180.11,142914.28,4.39,21,30,1
37121.53,60,6.23,439.13,122344.1,12.21,10,10,1
1354.83,60,12.36,1093.47,124858.33,9.48,24,14,1
3941.07,36,15.12,622.3,20539.01,29.21,20,22,1
10763.99,60,20.31,1493.6,105250.64,6.03,17,19,1
27103.3,36,15.02,341.94,238947.13,26.48,15,25,1
35642.62,36,20.65,115.61,175382.67,23.02,8,16,0
18937.74,60,7.31,1470.46,231443.37,27.03,5,18,1
24671.95,36,6.28,388.45,66060.39,35.06,15,38,1
8351.49,60,8.18,963.94,132966.86,21.36,3,26,0
32393.71,36,20.44,580.62,27930.84,28.82,13,29,0
38725.8,60,20.19,970.25,175721.99,32.18,10,37,1
11475.36,60,7.83,906.21,200323.74,27.83,5,40,1
20298.21,60,5.62,1069.69,191994.32,12.76,9,5,1
4358.53,60,18.71,57.11,39957.1,38.46,2,10,1
22806.33,60,22.11,1259.21,76931.36,2.43,13,24,1
20608.55,60,20.08,733.64,170840.29,14.89,11,10,0
6633.02,36,9.06,792.71,194567.95,32.85,19,31,1
18240.58,36,16.68,634.21,83068.43,14.0,6,15,1
14030.08,60,20.15,1484.39,113435.44,21.84,23,28,1
21351.4,60,10.12,1208.31,,5.38,23,49,1
23840.52,36,15.55,487.75,21049.93,34.27,5,45,1
1331.33,36,11.29,1181.11,152598.01,37.25,17,24,1
30679.23,36,9.51,672.38,173895.94,39.36,11,27,1
28807.56,36,24.39,1308.92,83580.21,3.08,15,9,1
15285.17,36,23.25,75.34,178190.44,7.97,4,35,0
3064.5,60,13.91,552.45,75832.22,19.8,16,7,1
30442.37,36,7.74,661.83,184571.99,10.9,12,35,1
38251.83,36,19.56,1124.05,125153.11,25.7,15,33,1
10365.91,36,10.11,297.98,220545.03,33.82,15,38,1
13617.46,60,8.37,450.83,145288.92,5.08,18,35,0
8168.7,36,12.63,1094.1,62470.16,0.13,5,17,1
23500.51,36,15.6,142.96,209062.59,39.75,11,48,1
7038.81,60,6.95,325.65,198866.06,18.02,12,27,0
14891.56,60,16.43,1137.45,39372.48,2.74,6,15,0
28183.51,36,5.31,1317.03,31049.36,23.54,22,29,1
22844.52,60,22.84,1101.38,51346.94,30.13,6,34,1
16072.04,36,23.41,804.89,214422.46,32.05,7,21,1
17389.73,36,19.66,175.62,93687.99,22.77,16,25,1
22922.32,60,14.33,1246.02,136092.83,27.18,15,6,1
1228.72,36,10.1,212.34,158682.27,19.05,22,20,1
4061.88,60,19.88,596.07,191000.73,24.79,18,26,1
35369.06,60,23.64,104.23,210889.72,38.06,8,21,1
4037.28,60,8.17,1073.22,138649.07,39.5,2,45,1
28565.34,60,14.32,770.14,115624.71,25.1,2,39,0
36881.49,36,11.31,1364.18,65066.61,23.36,18,6,1
11556.66,36,12.13,233.95,159729.68,13.82,17,29,0
15449.17,36,13.12,1234.17,146471.72,12.97,17,30,1
23187.93,60,24.04,780.68,86966.88,36.98,5,48,1
35386.65,36,10.17,568.16,122626.8,26.61,12,35,1
37734.32,60,14.85,976.04,190119.74,18.34,6,37,0
29842.97,36,24.03,1191.91,164228.41,26.64,6,22,0
4378.17,60,14.52,677.22,130800.37,4.84,3,28,1
27097.01,36,22.27,372.22,82632.78,37.74,16,18,1
17001.85,36,6.18,1376.21,173640.99,20.89,14,28,1
19357.34,60,24.06,490.11,164361.34,13.36,3,47,1
2916.79,36,8.75,1497.41,125393.72,0.53,12,44,1
8451.42,60,24.6,1157.97,74860.53,27.09,4,9,1
31830.03,60,8.51,1041.09,60221.6,38.78,5,30,1
18704.39,36,13.89,48.23,98061.88,22.34,7,6,1
12764.83,36,11.17,689.34,229004.42,13.31,24,16,1
15976.74,36,13.66,768.62,193393.92,,13,39,0
34321.58,60,10.01,583.27,224946.05,22.75,20,47,1
30210.96,60,24.31,250.46,213797.77,27.55,20,39,0
11620.3,60,11.11,570.15,125542.99,7.33,12,33,0
5582.57,60,18.07,140.21,142001.77,37.4,8,36,1
10827.93,60,7.75,457.65,59004.8,16.57,18,34,1
36909.5,60,21.49,153.01,185800.59,24.98,2,20,1
23681.96,60,15.85,1136.06,117048.23,36.46,21,42,1
21805.73,60,24.59,1016.6,57091.88,23.13,18,6,1
24259.35,60,13.47,1411.7,41931.6,27.34,11,22,1
15275.1,36,8.91,588.5,180111.01,25.33,15,13,1
32477.17,60,11.92,1185.72,130906.68,9.92,7,5,1
21408.16,60,19.74,893.78,22068.94,38.52,17,26,1
5553.17,36,18.18,979.77,209638.59,18.9,7,25,1
6033.54,36,20.57,834.77,162476.31,3.94,6,22,1
21937.51,60,6.47,1175.37,28826.57,39.92,17,31,0
37526.24,36,16.61,91.73,90077.51,26.0,20,48,0
13025.73,36,23.64,148.32,186153.31,24.34,12,21,1
34912.11,60,7.16,171.01,33576.84,36.66,20,14,1
30799.73,60,6.89,454.38,189338.09,21.67,16,35,1
10664.69,36,19.33,898.96,136125.9,14.42,8,30,1
2417.29,60,11.3,979.06,200057.2,6.99,20,8,1
4972.04,36,18.17,1077.53,216704.5,32.42,7,20,1
29411.26,60,15.91,442.72,196584.44,13.24,14,15,1
8787.12,60,24.72,985.81,37957.23,20.66,6,5,1
15479.57,36,22.78,203.0,125885.9,20.36,10,39,0
20566.27,36,18.56,44.67,93309.19,29.62,22,19,0
29293.26,36,10.23,1051.18,136953.26,27.37,18,36,1
5416.02,36,10.24,1081.95,242134.45,16.94,8,49,1
16848.29,36,22.64,944.55,48611.13,17.04,16,14,1
19917.84,60,16.71,410.54,219087.61,10.81,12,10,1
22092.26,60,20.79,1393.38,247896.22,13.64,11,27,1
32916.07,36,14.0,1317.24,247705.06,28.46,10,30,0
7695.45,36,7.06,787.84,203238.54,22.49,6,9,1
32505.43,36,11.65,1484.04,127083.51,2.04,15,28,0
28022.26,60,8.22,468.97,60940.14,20.33,18,17,1
22678.96,60,20.64,751.97,159889.01,38.2,15,18,1
28281.59,36,19.01,1394.05,160385.72,4.37,10,23,0
17068.69,60,6.77,709.32,92779.94,4.2,2,6,0
6397.51,60,17.43,722.38,161869.11,26.71,6,30,1
26964.84,36,22.48,146.71,46805.85,38.31,21,47,1
21462.22,36,18.95,340.68,165821.94,1.07,20,35,0
25935.62,60,15.22,262.06,226246.15,13.78,24,35,1
14181.95,60,11.24,860.94,128575.02,2.68,16,24,1
36367.8,60,22.74,498.18,195849.48,10.63,14,31,1
23907.42,60,13.46,143.23,166197.33,22.18,9,44,1
4330.7,60,22.11,779.66,20704.75,17.68,12,23,1
18542.36,36,20.66,1013.75,48059.64,14.53,17,32,1
30497.89,60,21.32,1112.69,198212.14,8.43,24,47,1
31971.25,36,24.8,1261.15,29304.17,24.78,19,18,0
20289.29,36,19.98,738.48,239936.96,23.03,22,45,1
35895.16,60,5.68,604.2,225637.52,26.52,19,10,0
11439.07,36,9.11,1035.66,103346.24,31.73,21,16,1
17013.35,60,5.7,49.65,91388.29,29.18,19,11,1
36045.28,36,8.8,961.28,160974.31,38.29,8,20,1
35954.01,60,6.23,626.35,160712.3,6.78,14,43,1
27742.8,36,15.03,695.73,40477.63,38.06,21,23,1
34500.24,60,5.56,465.52,69538.71,6.89,7,39,1
4462.16,60,14.45,217.1,166387.31,33.71,5,35,1
34734.8,36,22.98,620.09,204177.22,31.54,6,42,1
13504.18,36,19.97,483.06,64160.57,26.64,3,12,1
7954.93,36,23.88,1441.37,181444.41,28.25,7,46,1
10335.42,60,9.53,1417.0,220209.31,27.66,20,14,0
17300.77,36,15.62,976.56,47095.18,21.2,16,21,1
10796.49,36,11.37,1358.44,120993.78,1.31,3,42,0
13502.14,60,14.88,1134.37,215627.77,23.18,22,34,1
6264.16,60,16.14,538.46,105244.19,15.57,5,24,1
12550.89,36,5.72,917.73,81975.19,10.89,10,41,1
23319.07,36,9.67,353.88,191491.39,19.6,21,31,1
18232.29,60,19.1,1040.2,112178.92,33.92,18,32,1
14522.03,60,20.46,95.87,182451.7,23.13,24,6,1
30111.63,60,16.39,1252.07,49069.98,38.59,11,28,1
35846.89,36,10.42,887.35,147307.51,16.82,16,35,0
30514.78,36,13.1,115.9,107275.99,6.73,18,6,1
13948.03,60,6.92,1311.49,249380.16,12.59,6,32,0
30033.24,60,24.06,1320.22,156020.03,5.79,15,41,1
6927.23,60,22.37,1283.64,176898.02,27.4,22,36,1
6082.4,36,6.31,1168.22,50138.08,6.38,7,11,1
14479.45,36,8.33,1026.55,248152.92,20.73,4,14,0
32500.39,36,16.62,613.46,31823.03,36.94,7,8,1
10607.58,36,9.65,230.42,36292.43,17.35,13,23,0
3466.88,60,23.69,454.5,37419.11,16.11,4,17,1
6136.67,60,20.11,540.2,220238.15,8.13,20,35,1
34491.05,36,10.47,556.37,187575.54,30.15,11,40,0
25717.55,60,5.12,861.27,243802.18,12.17,11,35,1
10874.85,60,20.99,336.32,35308.88,39.62,3,27,0
22656.54,36,13.48,308.8,179085.4,6.67,5,35,1
21575.61,60,17.85,1083.94,142651.94,0.09,14,20,1
26562.0,36,10.74,41.03,167001.32,21.58,23,26,1
10094.31,36,7.86,249.79,137970.77,2.75,17,13,1
34711.72,36,18.51,669.39,175329.8,14.79,2,25,1
13065.37,60,14.01,249.15,228623.59,18.07,6,5,0
28071.13,36,9.7,1440.92,155118.99,9.93,6,19,1
1628.86,60,7.75,1015.05,226175.65,39.12,14,11,1
15533.63,60,16.61,666.17,199897.33,13.79,13,31,1
14716.68,36,19.51,195.02,218932.53,5.79,17,37,1
22195.89,36,10.68,596.22,171627.7,1.49,21,22,0
3836.71,36,19.7,986.38,139279.33,12.38,7,10,1
31815.12,36,8.66,1454.16,35997.51,32.84,17,28,1
9493.45,36,11.77,724.85,212027.57,9.84,24,30,1
27404.47,60,19.9,1047.85,75662.47,23.95,3,12,1
32325.27,60,18.2,317.18,28432.03,39.56,13,44,1
22913.2,60,10.41,946.74,139386.37,,16,11,1
29894.45,36,7.44,381.41,165478.6,24.64,13,38,1
26812.55,36,5.85,321.26,172221.22,23.98,4,34,1
14865.66,60,21.76,778.55,,23.77,6,25,1
32545.48,36,6.5,341.15,170356.15,38.14,11,16,1
12493.35,60,7.3,1090.35,205884.19,31.44,14,19,0
23277.3,60,9.75,1407.88,196953.17,,20,24,0
30070.51,60,13.91,608.6,,1.12,12,38,0
15779.28,36,20.8,504.02,125860.29,1.6,13,48,1
12807.94,36,9.95,288.55,34448.31,14.58,14,16,1
18914.49,60,15.87,603.88,167102.54,17.59,18,10,1
32900.58,36,6.81,852.66,68349.39,32.29,11,45,1
37266.95,36,14.29,578.27,217689.96,25.45,9,39,1
22258.25,36,8.55,945.92,185983.12,40.0,12,32,1
26797.18,60,9.22,1003.76,196150.07,31.76,21,29,1
36227.67,60,12.34,173.81,85877.11,34.94,24,43,1
4843.33,60,20.23,1055.74,165602.44,7.28,4,9,1
10051.06,60,19.88,1353.47,141459.31,25.66,18,28,1
28647.1,60,13.3,68.59,81743.93,5.96,10,33,1
33126.03,36,7.37,840.49,206811.89,27.0,14,33,1
34424.13,60,10.61,917.7,146490.44,32.39,14,16,1
17189.18,36,15.11,1073.43,63881.3,12.01,22,12,1
4484.26,60,22.39,597.08,90206.84,6.69,18,6,1
18073.48,36,24.37,1233.5,72234.72,9.5,24,44,1
9998.65,36,17.75,823.65,91851.98,32.44,9,35,1
12356.66,60,12.01,631.14,,21.88,19,6,1
31118.43,36,18.87,1087.31,105361.95,21.46,4,21,1
3945.56,36,11.72,1393.24,179616.13,23.07,13,25,1
33275.67,36,17.51,1223.64,240638.87,19.69,11,45,1
17679.09,36,9.88,1398.08,68423.29,34.54,22,16,1
24246.49,36,10.34,420.92,88960.81,20.3,12,44,1
4496.44,36,6.5,204.21,20495.32,23.84,5,7,1
14157.0,60,13.4,815.49,71820.07,39.19,11,7,1
4498.34,36,17.36,95.31,116243.93,18.21,12,29,1
38500.21,60,20.78,1021.65,126199.6,7.49,2,28,0
32483.2,36,21.21,382.8,81256.24,22.52,11,44,1
18925.68,36,24.85,697.89,54574.28,28.18,19,35,1
9720.5,36,6.76,993.68,149506.04,5.01,15,7,1
37404.75,36,14.86,740.15,114113.52,6.48,3,14,1
14439.27,36,15.43,377.01,118041.15,0.97,24,32,1
7278.39,36,21.09,1324.14,225845.53,29.78,11,37,0
22963.41,36,10.33,1153.87,149131.87,8.09,3,26,1
37807.19,36,6.39,913.58,109318.06,36.04,21,21,1
1149.38,60,11.28,1056.85,78371.66,20.62,11,45,0
10286.87,60,24.68,640.53,118577.47,38.21,13,8,1
37599.46,60,22.99,582.56,218229.74,15.32,9,22,1
7672.35,60,12.9,265.36,241973.01,38.23,24,26,0
5416.49,36,22.53,1211.28,106763.08,39.1,6,9,0
23237.3,36,5.66,590.14,68065.89,5.2,4,20,0
34611.91,36,11.28,1047.72,230339.52,5.0,8,16,1
19607.28,60,19.54,470.91,53220.51,16.94,9,46,1
39788.01,60,9.43,1200.1,88398.61,16.56,3,38,1
27487.7,60,8.97,184.71,66953.57,26.0,11,45,1
3888.92,36,22.24,948.77,150140.8,4.51,21,9,1
39720.45,36,17.32,1217.16,113987.46,30.25,10,7,1
16907.88,60,24.78,1000.57,86048.26,9.0,19,36,1
12208.7,36,7.69,1053.29,196623.47,6.02,15,48,1
22757.29,36,12.12,803.2,172746.84,31.78,20,5,0
12868.0,36,11.22,851.78,248967.64,3.21,3,6,1
4371.84,60,22.6,126.86,91757.29,28.46,22,49,1
1055.71,36,10.11,398.68,214414.65,4.45,10,39,1
18533.75,60,12.07,1091.24,89576.72,29.6,12,12,1
33637.67,60,7.86,1419.77,,31.62,15,7,1
23320.29,36,20.51,826.42,54706.47,23.39,22,28,1
39969.08,36,9.75,1096.62,136948.22,14.07,24,41,1
12187.02,36,6.37,1034.86,206302.15,9.45,10,28,1
11937.75,60,13.7,1499.09,33204.9,32.36,18,27,1
7230.23,60,12.83,1198.66,211363.36,4.27,12,26,1
7398.48,36,8.55,952.64,184697.11,38.98,4,6,1
12122.28,36,7.67,199.28,27939.39,31.16,5,17,1
31920.76,60,22.93,563.11,44448.03,27.62,6,13,1
36324.51,60,6.36,398.53,37394.89,39.55,24,27,1
39028.4,60,6.99,1284.9,176168.39,27.55,12,29,1
10059.3,60,9.9,685.87,149036.81,4.16,14,26,0
35370.6,60,24.06,816.89,102537.41,12.9,10,45,0
13801.95,36,6.71,1448.29,40311.66,23.42,10,38,1
5400.78,60,21.32,1259.93,110385.75,23.02,8,24,1
34930.97,60,22.84,1191.04,176899.81,0.4,7,45,0
25808.12,36,12.56,239.06,41484.7,10.4,8,21,1
7424.5,60,10.88,63.47,217014.54,29.45,12,44,1
17763.42,60,18.55,214.56,34468.98,26.38,14,32,0
12203.05,36,19.05,1118.22,159884.56,35.9,2,45,1
29734.99,60,20.6,633.76,63503.97,38.41,5,19,0
18683.23,36,21.61,202.68,41077.13,34.78,6,18,0
39581.92,60,10.37,1116.36,101643.45,22.13,22,13,1
3135.05,60,18.74,316.04,173393.45,21.72,6,10,0
14845.6,36,7.7,895.89,47842.18,14.78,6,26,1
19794.11,60,15.21,1120.07,129410.38,35.95,22,5,1
20622.21,60,17.26,923.85,113404.64,33.23,13,42,1
13321.5,36,8.23,1490.65,118314.48,31.16,9,36,1
29440.37,60,6.53,668.22,236985.85,31.14,8,29,1
35115.14,60,8.89,488.35,100276.88,33.95,8,31,1
37610.05,60,13.41,325.76,248074.65,36.76,10,19,1
32398.64,60,22.76,770.56,143829.97,32.84,24,37,1
34172.63,60,15.64,1283.15,213770.6,32.6,17,48,1
22471.27,36,19.97,1421.97,100238.8,26.41,23,35,0
33209.64,60,8.48,1458.92,39497.98,18.32,14,9,0
12836.65,60,7.12,811.13,39412.84,22.04,14,48,1
16540.67,36,9.79,919.73,152054.34,21.41,18,37,0
13359.61,36,11.28,884.86,233880.63,32.97,4,48,1
19228.11,36,15.96,714.98,36380.79,10.64,2,45,1
12137.61,36,22.62,253.79,178496.98,14.53,6,19,1
38502.85,60,13.52,126.22,149547.75,22.29,10,33,1
13200.94,60,15.38,671.86,170017.64,39.4,12,40,0
4823.74,60,5.09,303.67,69574.42,19.57,13,18,0
21545.87,60,5.67,1333.38,36216.96,5.06,13,24,1
3226.86,60,6.68,1149.7,37187.49,26.96,7,33,1
5311.18,60,18.98,939.06,76746.7,24.65,13,11,1
9556.19,60,14.72,99.7,69137.03,33.86,4,7,0
19109.66,36,8.86,944.7,49062.25,34.2,10,14,1
17896.79,60,16.85,942.97,80877.08,10.36,9,27,1
32187.98,36,15.89,675.64,142813.95,1.81,23,40,1
29839.51,36,6.78,996.9,238388.18,31.4,17,29,1
17626.41,36,17.81,1291.13,232121.81,26.1,24,36,0
14014.46,60,20.34,1144.24,,5.65,18,49,0
13342.28,60,10.73,725.95,35228.25,39.42,17,20,1
31185.81,36,18.75,415.56,248995.73,37.04,9,16,1
3030.82,60,8.99,732.42,129573.92,28.93,10,23,1
1500.04,60,20.13,1420.58,245009.24,2.15,19,12,0
32026.23,36,23.24,1235.38,143657.66,8.53,22,46,1
19608.71,36,13.84,69.75,223862.99,12.98,23,6,1
6104.36,60,9.89,1180.96,122860.75,2.24,6,10,1
10187.07,36,12.98,280.72,163065.29,33.1,14,40,1
37367.65,36,10.0,869.53,143220.27,3.06,24,30,1
34520.62,36,5.02,1215.58,70571.78,8.22,16,33,1
28681.62,60,18.01,855.09,195673.61,12.76,8,8,1
19806.78,60,5.85,623.68,32605.28,13.28,15,46,1
21292.62,36,9.21,502.26,103354.7,10.6,8,38,0
39034.54,36,19.45,478.5,220077.62,39.14,9,31,1
38665.05,60,18.31,1261.02,135617.27,38.43,20,40,1
9395.49,60,6.47,1242.82,37858.46,24.81,8,8,1
32633.08,60,18.2,1240.36,67731.96,5.0,4,37,1
8692.46,60,23.61,445.61,45217.09,28.27,12,33,0
9327.96,60,6.49,1204.41,83855.66,39.02,18,29,1
27367.63,60,13.31,83.85,58021.72,39.93,21,44,1
16795.04,36,19.59,333.49,183748.68,24.66,10,30,1
37330.23,36,18.35,786.32,171668.05,7.54,16,13,0
4471.38,36,9.53,627.92,51068.14,33.27,6,31,1
20949.5,60,8.26,194.48,122347.89,24.91,23,37,1
36822.34,36,20.68,91.33,88043.56,18.09,2,11,1
36260.43,36,24.12,928.42,97559.67,6.0,5,36,0
7104.64,36,20.35,490.82,152475.35,9.59,5,21,1
15298.87,36,24.26,53.46,226698.48,23.15,7,6,1
25145.73,36,17.1,663.42,226384.75,10.43,14,6,1
7216.4,36,23.58,480.95,,19.12,6,32,1
38752.86,36,18.81,877.61,110434.88,28.62,18,39,1
36675.22,60,23.18,1396.83,139134.45,39.49,20,23,1
7511.06,36,8.23,482.56,129046.45,1.76,19,40,0
5725.06,36,21.31,1495.79,34210.56,31.87,24,42,0
4330.93,60,8.93,156.49,153112.37,5.11,12,27,1
36468.3,36,5.55,159.77,154488.47,37.74,22,8,0
8551.33,60,15.35,1078.05,123577.6,30.8,24,30,1
17235.11,36,11.37,1130.49,115211.89,15.91,15,19,1
18505.2,60,5.87,651.62,235957.52,20.5,10,47,1
24361.43,36,24.61,450.49,158189.52,27.07,23,13,1
3797.68,36,18.33,1197.18,207744.27,22.44,22,38,1
9843.59,36,23.04,1435.67,239383.44,39.2,10,37,0
37328.13,36,24.98,1485.16,206323.39,39.95,2,17,1
36427.99,36,12.84,962.65,236885.3,2.28,6,11,0
31470.34,60,10.09,1117.97,194637.52,29.12,16,11,1
1756.65,36,8.68,1238.7,59127.72,29.87,21,44,1
13753.26,60,15.3,1204.34,72194.0,31.61,7,21,1
25490.39,36,17.12,1490.29,64595.91,36.68,23,30,1
11732.42,36,14.45,1221.33,94089.0,23.73,12,42,1
36473.88,36,12.75,1003.98,101648.34,10.18,2,39,0
25721.69,60,8.37,583.04,206571.86,26.87,12,49,1
3804.36,60,13.84,909.04,102995.95,12.92,10,8,1
36451.22,60,6.7,1324.13,187260.3,13.7,18,20,1
38352.9,60,22.3,479.06,227877.86,24.52,22,44,1
4030.78,60,5.94,75.06,46347.29,11.56,5,36,0
21762.05,36,12.61,510.96,20060.09,27.78,7,28,1
12831.21,36,7.0,1441.54,224391.48,34.12,10,24,1
16320.72,60,20.5,1197.28,74798.92,39.42,20,12,1
8006.4,60,11.25,305.1,55290.68,6.74,12,43,1
23544.81,36,7.26,47.64,87898.02,18.21,7,7,0
38361.19,36,15.63,1013.61,62786.0,29.63,20,12,1
20619.83,60,23.33,881.14,202539.96,23.1,24,38,1
4233.67,60,23.17,151.98,165936.84,2.58,20,18,1
25180.05,36,9.99,1450.01,58479.99,13.92,16,24,1
14268.7,60,19.39,938.16,154219.67,31.75,20,25,0
34381.08,36,5.61,987.74,67860.94,19.71,5,41,1
17952.45,60,7.64,1284.79,65437.87,27.77,12,7,1
8520.74,60,14.99,525.48,156952.81,25.62,8,13,1
8453.12,36,9.58,850.63,172878.02,37.73,12,30,0
30981.8,36,20.97,877.0,99626.47,34.33,7,23,1
11357.92,60,23.62,1452.01,195583.74,13.75,12,21,1
30922.1,36,5.09,223.29,212559.33,19.91,9,36,1
9029.61,60,9.66,1145.6,230759.17,19.06,20,7,1
13545.77,60,13.79,875.47,163993.78,11.16,19,28,1
19153.99,36,16.26,1272.71,70605.72,24.84,3,16,1
37784.64,36,23.32,1252.97,192146.9,10.42,6,20,1
37337.53,36,22.84,47.68,44804.54,6.39,16,17,1
9068.0,60,17.74,406.99,61679.42,4.41,13,29,1
14970.54,36,10.15,295.8,211541.27,11.46,2,34,1
6826.58,36,20.67,708.71,229490.77,18.93,16,43,1
20889.42,36,9.05,1360.77,35344.93,4.63,16,17,0
18962.72,60,24.3,37.36,91787.95,27.03,21,36,1
36129.65,36,5.12,747.64,164710.83,34.81,10,8,1
37270.21,36,16.4,1330.65,235888.98,17.08,18,42,1
15959.13,36,6.77,1391.53,151266.85,34.93,2,9,0
20177.78,36,13.15,996.23,208828.29,6.04,22,31,1
35953.21,60,17.7,1249.74,232233.68,3.1,15,14,1
32461.6,60,18.79,506.38,139379.86,32.55,2,24,1
1142.6,60,20.71,450.36,190303.4,38.99,16,44,1
13482.32,60,16.87,102.21,172354.97,13.62,24,44,1
17449.2,36,10.03,769.71,174413.31,26.29,20,8,1
9958.94,60,22.79,700.07,138925.33,26.18,7,14,1
8783.29,36,21.22,576.72,163334.08,27.42,13,5,1
2473.6,60,8.2,196.6,147506.14,22.89,12,7,1
26091.42,36,21.53,369.22,166680.89,10.26,24,25,1
11237.9,36,24.45,329.4,136195.49,3.23,14,44,0
3041.54,36,17.74,1417.63,71174.31,0.55,21,15,1
10008.19,60,10.64,1450.7,179532.24,7.21,2,38,1
32274.64,60,17.13,35.03,108327.29,4.8,11,41,0
34208.08,60,11.85,280.71,49380.55,1.53,9,29,1
19839.58,36,18.52,1336.51,215804.56,3.62,11,10,1
17226.76,60,15.9,86.36,61709.81,1.95,18,24,0
39136.29,36,23.59,1416.87,144363.06,21.92,14,24,1
8822.02,60,17.36,588.7,185857.0,2.29,10,42,1
9399.01,60,9.28,821.87,168971.56,39.85,14,44,1
12382.82,60,19.5,1152.81,56997.69,20.07,21,38,1
7737.54,60,11.02,388.54,64651.77,36.04,16,11,1
15795.26,60,10.45,177.99,54235.04,19.51,22,33,1
36522.53,36,12.84,1220.62,36685.85,5.44,10,6,1
24998.57,60,5.24,1477.4,85152.9,33.63,14,8,1
17065.92,60,24.38,998.4,140551.82,9.51,22,21,0
37442.02,60,15.65,1243.08,59778.7,1.62,14,25,1
2890.11,36,20.47,1413.73,243297.63,7.64,14,7,1
9200.77,60,10.16,366.01,180731.01,23.98,13,45,0
23069.66,60,19.93,545.1,154189.95,17.39,17,30,1
25006.55,36,16.34,351.97,176726.28,6.46,16,47,0
2542.74,60,13.48,120.82,120268.5,21.32,22,25,1
16718.51,36,24.41,1106.45,128078.88,38.12,6,24,1
26317.0,36,14.88,244.12,224392.94,29.06,4,44,1
28224.75,60,18.15,166.28,186046.07,2.77,5,32,1
25887.46,36,5.31,555.72,155282.97,12.79,18,11,0
13501.97,60,11.03,119.02,238548.89,27.7,24,27,1
4647.28,36,22.77,293.95,172407.5,5.61,9,21,1
17657.39,60,20.18,132.81,111698.72,21.55,5,35,1
6021.42,36,15.74,1319.6,30915.32,21.84,15,12,1
37957.32,36,23.0,1176.21,109855.5,3.54,12,45,1
19531.66,36,14.72,1293.49,232705.34,24.25,21,41,1
13373.11,60,16.33,1306.45,30269.47,36.0,10,12,1
30885.86,36,12.64,1418.43,,26.07,2,17,1
20420.0,60,17.4,304.38,206011.94,36.62,12,27,1
13091.33,60,11.38,1353.01,103939.61,24.54,5,19,1
32666.74,36,12.71,801.81,62756.7,30.07,21,29,1
34818.93,60,24.33,274.36,207602.98,35.7,10,25,1
27247.32,60,7.23,993.99,148441.12,18.53,17,32,1
2831.61,36,7.11,510.69,146146.6,6.32,23,11,1
23086.59,60,5.87,98.31,87570.54,4.77,20,29,1
30768.5,60,11.4,145.61,175280.98,38.14,3,14,1
6323.62,36,12.96,652.86,218220.0,21.88,9,45,0
9918.16,36,6.89,1244.93,192547.22,27.32,22,31,1
35417.31,36,15.98,487.21,160858.0,24.47,12,22,1
1784.75,36,16.67,1156.21,100619.49,22.6,14,34,1
30356.36,60,20.02,111.94,,22.38,21,35,1
19477.16,60,24.52,608.79,150204.75,18.92,16,19,0
18424.11,60,17.39,217.34,224604.5,35.38,17,19,1
1276.76,36,7.23,1299.42,78461.08,4.84,6,8,1
32956.53,60,6.77,1452.87,170487.97,28.63,17,40,0
15033.17,36,20.55,508.66,235093.45,27.23,5,10,0
22089.86,60,18.01,1483.63,106039.71,2.5,7,26,1
27414.73,36,8.24,1135.89,238791.26,8.68,9,8,0
28402.55,60,10.07,31.81,110266.27,31.51,5,27,0
38283.22,60,20.0,743.35,120668.25,9.35,10,35,0
21722.26,36,16.32,1256.13,205482.9,23.11,6,30,1
16589.06,60,16.7,814.8,79977.48,3.35,21,15,1
38194.44,60,9.2,838.44,182350.8,8.92,19,25,0
26042.3,60,17.58,688.12,88629.51,35.63,17,18,1
12627.86,60,20.41,610.71,156567.15,14.47,24,31,0
5932.11,36,22.71,70.27,198471.0,32.24,5,14,1
33859.63,60,19.73,943.95,26012.04,19.14,8,12,1
15125.08,36,16.53,1157.09,40349.73,12.89,15,8,1
26758.32,36,18.47,1191.56,234906.1,22.66,9,49,1
19361.84,36,14.7,948.22,207640.8,21.36,10,11,1
8758.26,60,9.54,531.68,221712.19,39.39,5,33,1
24465.78,36,22.64,63.24,120956.58,13.78,11,49,1
3366.64,36,15.65,1346.8,184760.93,26.15,4,29,1
17120.36,36,16.89,660.7,249603.3,27.58,12,42,1
22317.98,60,24.8,913.73,119482.18,25.05,16,5,1
18005.83,60,24.7,316.0,214759.36,19.17,16,20,1
30198.21,36,16.73,238.67,38235.09,31.34,19,7,1
33289.07,36,5.68,157.62,145088.42,30.73,3,47,1
31078.48,60,12.92,1204.18,96645.16,38.36,10,37,1
2513.7,36,23.75,980.3,140310.79,39.08,15,11,1
8571.02,60,10.77,943.1,46237.11,8.61,7,48,1
21927.69,36,24.99,1381.51,104566.84,26.18,21,44,1
37458.06,60,6.69,263.31,37601.84,34.26,6,19,0
33563.31,60,16.36,280.3,124211.42,38.49,6,12,1
33858.85,60,15.31,308.52,121612.82,5.71,6,29,1
12825.12,36,10.11,652.35,95833.33,37.96,2,5,1
17748.47,36,23.97,1315.11,238111.77,9.02,16,14,0
19357.53,60,17.38,1325.77,39074.72,22.9,11,20,1
7137.49,60,9.6,898.16,209722.09,26.17,5,16,1
2211.66,36,12.68,997.47,101633.24,35.18,3,29,0
37929.21,60,19.42,1349.71,65842.16,32.15,15,27,1
10387.79,36,10.95,947.6,82688.55,37.38,7,18,1
10358.01,60,22.59,367.81,227435.58,31.49,15,12,1
4251.78,60,8.31,1066.22,209726.68,13.55,12,12,1
37211.8,36,10.29,1161.74,23624.26,7.15,2,30,1
23609.75,36,7.9,963.96,53885.77,6.23,19,6,1
27014.44,60,7.08,432.15,175256.24,3.5,4,48,0
36551.5,36,11.01,617.88,93005.22,37.3,14,13,1
14479.19,60,24.98,721.77,231402.46,19.45,12,45,1
25238.79,36,6.89,243.59,200895.38,38.61,6,24,1
2513.18,60,9.26,694.77,221258.92,31.0,6,42,1
8284.13,36,10.43,266.96,64360.21,38.15,7,27,1
33418.59,36,17.38,764.19,54662.2,34.74,13,18,1
30903.97,60,19.91,104.69,234343.89,23.33,6,42,0
14675.06,60,20.04,1424.34,112964.63,9.03,2,32,1
15695.61,60,5.17,392.13,115614.84,10.16,10,35,0
21808.62,60,18.04,716.51,177451.25,14.86,5,32,1
1009.4,60,17.61,78.15,,0.97,11,38,1
10408.53,60,15.35,313.3,221294.01,26.67,22,6,1
9121.04,36,12.58,1049.07,240587.22,22.21,14,7,1
10768.83,60,20.95,194.35,96479.37,4.04,16,41,1
32430.33,60,11.88,953.38,67853.26,33.0,8,35,1
11907.28,60,9.6,33.04,37320.29,32.91,5,20,1
8469.33,60,11.2,713.56,69303.44,4.74,20,33,1
20666.27,36,13.79,1090.38,52072.45,8.16,12,49,1
34760.16,60,9.28,1391.65,26697.68,10.02,16,11,1
10412.64,60,17.15,754.47,30731.25,21.03,10,48,1
4062.91,36,22.68,1265.58,137153.66,37.8,23,49,1
14899.78,36,16.91,1209.81,182792.58,26.61,23,46,0
30158.42,60,13.93,464.78,246149.37,27.24,4,42,1
22476.93,36,20.94,1315.86,55806.5,11.66,9,15,1
32854.94,60,19.96,971.22,180592.86,24.97,7,22,1
38424.09,36,12.34,183.15,147419.29,8.45,12,49,1
31913.84,36,17.08,1410.5,129968.85,28.44,23,30,1
24548.32,36,19.6,289.71,186023.3,9.39,15,17,1
20240.32,36,9.91,721.43,74890.72,0.56,22,40,1
2562.69,36,12.33,715.56,91597.1,20.95,2,47,1
39388.56,60,7.12,949.1,108460.58,11.92,5,6,1
15955.76,60,24.75,1007.49,61951.13,25.16,13,37,1
6936.9,36,6.72,372.37,130082.94,29.84,19,32,1
27001.65,36,8.37,548.09,50329.31,32.55,13,26,1
12087.24,36,14.6,242.55,93172.93,39.26,9,27,1
23845.35,60,22.31,215.24,46027.33,22.22,13,27,0
23883.95,60,12.12,1242.85,28253.08,19.3,12,41,1
18383.46,60,20.37,1133.56,101698.29,9.82,22,48,0
33608.63,36,18.52,680.74,162036.6,29.87,23,43,0
11333.72,60,17.77,170.99,54934.72,19.31,18,35,0
18496.67,36,21.9,691.38,248495.16,13.08,2,27,1
21969.99,36,5.28,462.85,83100.12,17.28,2,12,1
26881.36,36,23.58,1173.54,25219.8,14.82,22,35,0
31574.9,36,21.58,172.06,26447.9,39.14,7,21,1
16397.48,60,23.76,693.51,,9.05,20,38,1
26195.83,60,20.87,899.34,174070.18,16.58,4,49,1
6873.83,36,22.57,1479.02,227621.66,12.29,10,27,0
37373.28,36,9.06,161.72,40893.5,6.87,7,43,1
15939.29,36,11.38,197.52,106564.78,11.98,16,45,1
29451.34,36,11.3,1482.43,224532.81,19.57,13,29,1
1793.3,36,7.18,626.27,203465.78,25.26,18,32,1
9002.3,36,19.59,1123.26,73693.44,24.67,2,19,1
19996.22,60,7.72,1181.71,224692.48,30.91,11,25,1
35251.85,60,6.05,492.4,176587.8,2.85,14,10,0
21562.95,60,20.51,345.02,80792.92,12.57,10,12,1
37264.95,36,23.09,435.85,30309.61,14.1,2,37,1
19868.08,60,20.28,1153.66,134411.94,27.69,11,25,0
20127.51,60,21.51,1265.5,184007.85,8.3,3,25,0
5670.12,60,16.91,1058.27,81788.16,8.57,5,14,1
32303.59,60,22.75,678.6,58809.28,3.81,10,44,1
10631.65,60,14.93,415.97,37314.68,21.33,6,8,1
36084.89,36,24.77,655.12,213665.67,29.07,17,13,1
36522.14,36,7.07,1374.35,32588.23,27.91,8,34,1
37789.09,36,21.18,1298.9,160162.87,29.71,20,32,1
21288.99,60,17.83,505.36,195545.94,6.78,19,34,1
27406.66,36,16.61,512.07,199510.83,23.46,8,27,0
31362.12,60,19.52,1176.56,170350.98,3.73,10,28,1
6109.57,36,21.81,657.06,170143.07,38.67,23,14,0
24437.33,60,22.26,871.9,129041.14,4.2,5,42,0
2337.62,60,8.51,650.81,115842.58,35.1,10,23,1
20405.08,36,8.94,386.24,51591.6,1.54,11,46,1
7038.86,36,5.32,307.62,143131.37,21.25,7,37,1
8133.99,60,7.64,235.13,36336.87,34.11,21,29,1
15236.86,60,10.28,46.79,127685.35,25.38,5,25,1
17865.05,36,19.42,442.51,188107.17,19.75,6,24,1
25303.72,36,14.52,281.97,121858.49,5.09,10,20,1
3902.71,60,20.16,409.19,136905.09,26.37,9,6,1
20643.98,36,14.73,141.43,213707.35,24.09,2,40,1
8122.38,36,16.11,532.09,168713.93,18.35,4,41,1
23385.03,36,7.22,794.34,49347.2,9.4,16,15,1
25858.78,36,20.53,1418.52,144875.53,8.8,4,11,1
22711.66,60,20.16,540.2,103852.34,38.8,20,24,1
29793.52,60,11.15,75.6,67571.49,38.6,20,45,0
14088.76,60,11.57,562.68,169032.8,37.48,13,11,1
30839.16,36,9.39,1231.32,108895.76,20.64,4,15,1
17877.92,60,21.28,530.02,196480.59,39.53,17,45,1
19883.2,60,19.94,458.84,154895.18,11.9,19,31,1
26275.98,36,17.18,1380.92,43979.02,17.08,16,37,1
1715.98,36,9.78,466.93,100580.33,6.97,20,12,1
26505.77,60,8.44,1456.28,82063.87,18.56,6,12,1
25124.82,60,6.01,1253.97,54493.69,7.4,24,5,1
13084.04,36,5.91,1035.85,204050.49,2.65,5,36,1
4345.98,36,8.74,909.54,107061.6,0.4,14,35,1
4546.48,36,7.01,360.43,161049.53,15.14,2,7,0
37005.73,36,16.12,1103.69,222862.79,35.9,24,25,1
27881.89,36,12.16,540.29,,17.5,2,9,1
5957.0,60,13.9,743.89,79358.53,25.82,8,48,1
14912.2,60,16.88,182.98,201857.5,32.72,19,42,1
24106.84,60,18.18,465.35,120223.61,22.12,12,18,0
33587.3,60,17.96,807.81,149682.4,22.53,20,28,1
2702.78,36,10.22,718.02,227479.14,20.97,24,36,1
10228.69,36,21.19,534.96,132533.29,5.0,3,20,1
35700.21,60,23.35,723.74,96979.67,25.43,22,17,0
1357.46,36,11.32,1125.04,187300.52,28.93,13,28,1
8854.57,60,5.34,705.21,50705.1,0.01,17,13,0
38401.94,60,22.98,774.05,230156.57,3.33,3,20,1
24922.67,60,23.47,1060.68,230575.67,21.67,18,47,1
11205.18,60,6.02,1267.17,153263.69,33.56,12,48,1
3612.65,60,5.1,804.49,,21.32,12,49,0
2099.46,60,21.33,1423.82,123980.95,17.38,8,44,1
10545.06,36,11.03,549.57,117360.16,37.47,9,29,1
35377.95,36,23.29,401.26,88612.14,3.05,2,19,0
17220.63,60,9.33,1048.84,60273.03,5.53,23,34,1
29093.0,60,22.22,288.35,80649.98,27.41,8,46,1
36813.12,60,6.37,1352.95,,4.35,14,17,1
16913.58,36,10.21,598.26,177712.56,,22,48,1
8459.82,36,24.46,1056.28,245307.12,34.88,3,25,0
21167.6,36,9.62,868.17,69624.43,8.41,6,42,1
36415.26,60,7.66,109.95,66923.73,24.9,9,19,1
32370.6,36,22.14,1072.35,46917.67,15.87,18,5,0
3567.36,60,7.36,1191.31,235968.5,5.47,23,20,1
28010.34,36,6.95,1474.23,107825.29,15.44,23,33,1
23304.0,60,11.47,641.71,232515.58,,16,27,0
36391.06,60,17.71,769.31,224570.16,25.15,24,23,0
5776.78,60,19.21,1316.05,30114.41,6.14,4,39,1
21827.41,36,22.62,425.72,84347.37,1.49,3,31,0
35299.05,36,15.82,308.04,89580.27,24.24,23,38,1
16990.93,36,12.87,225.38,83789.82,2.62,5,47,1
19797.8,60,12.18,1468.03,117827.24,6.15,12,11,0
3747.97,60,21.94,427.43,134840.81,39.26,6,16,1
11847.6,36,19.48,1143.37,194385.87,0.91,21,44,1
13655.76,36,23.11,691.01,81571.67,25.69,19,14,0
37859.78,60,24.28,383.65,88711.73,5.55,4,26,1
12024.03,60,11.0,1372.6,157679.3,32.85,16,37,0
18973.88,36,15.59,711.8,61231.86,23.27,6,16,1
27180.87,60,17.64,861.95,128834.36,18.9,4,32,1
7325.15,36,8.28,357.07,77726.57,18.42,16,25,1
19971.25,36,6.07,506.5,65537.72,26.84,3,44,0
29803.02,60,22.36,1129.1,203000.21,33.55,10,42,0
34807.35,36,15.71,534.28,182638.24,0.28,8,19,1
25424.11,36,16.42,773.76,77456.9,0.81,17,36,1
27093.09,60,16.1,198.1,115489.91,10.9,9,10,0
5925.06,36,20.1,1279.6,55471.53,29.53,22,37,1
37885.28,36,7.91,1114.24,32228.74,7.75,13,23,1
6170.39,60,17.28,1148.29,154600.65,16.27,20,38,0
31212.24,60,14.39,291.93,103619.68,20.3,9,34,1
11327.84,36,22.94,757.88,67667.78,14.92,14,31,1
37410.13,36,15.39,70.49,46359.41,18.59,18,30,1
29078.42,60,23.86,493.18,176406.39,31.95,5,27,1
30398.73,60,12.07,541.59,82435.8,9.17,19,32,1
9543.31,36,24.34,1373.12,228699.45,13.07,19,8,1
18278.56,36,22.5,1489.39,64345.3,21.06,2,15,0
25094.71,36,16.69,938.09,76068.28,34.6,17,25,1
31028.97,36,12.07,789.65,215898.97,8.21,21,13,1
5054.42,60,12.52,676.93,151659.07,20.99,16,16,1
38532.25,60,20.46,56.9,44927.09,35.03,5,42,0
35718.61,60,16.61,1206.17,146375.84,4.5,3,5,1
11543.6,60,13.03,1017.58,90869.45,28.86,14,16,1
33087.65,36,17.72,984.45,189496.59,8.95,3,27,1
21214.63,60,19.66,1219.29,37891.73,6.94,10,45,1
19010.45,36,5.46,1394.24,231113.68,9.45,23,10,1
13262.93,36,6.8,602.61,129986.59,20.11,14,36,1
23657.77,60,6.89,656.81,188885.59,24.14,24,43,1
29465.68,60,9.64,1463.45,,7.77,24,32,1
17026.38,36,13.54,1006.7,60997.7,4.48,17,14,1
25539.55,60,21.07,1281.49,222421.45,18.11,17,20,1
28273.2,36,12.02,355.71,73521.3,2.3,7,24,1
28733.75,36,5.35,496.1,63830.48,21.56,21,26,1
3026.68,60,14.67,605.66,139747.63,27.31,7,46,1
34530.16,36,24.93,495.89,246445.74,37.83,11,28,1
18871.88,60,11.98,1329.84,92080.75,5.72,10,34,0
11234.23,60,24.23,781.92,241823.78,17.33,9,18,1
10428.82,60,7.03,1431.86,120070.98,10.27,21,30,1
19837.55,36,8.46,502.34,211975.42,8.72,16,12,1
35586.43,60,19.48,84.75,141896.4,20.78,18,30,1
15755.56,36,15.02,232.95,,5.74,17,26,1
30239.3,60,20.3,349.09,222398.45,0.62,7,44,1
4775.93,36,22.27,970.76,36552.24,6.49,20,16,0
19566.21,36,10.02,296.2,177033.53,13.42,19,13,1
39675.76,36,18.66,590.8,211074.45,0.44,2,34,1
31047.07,36,17.15,1199.22,211365.86,34.29,3,41,1
9210.61,36,22.23,213.4,170718.8,23.34,4,22,1
20556.22,60,13.6,148.31,77729.4,1.09,19,44,1
10111.37,36,6.04,823.76,142283.35,9.14,23,39,1
16972.88,60,16.48,1056.16,164793.35,26.57,14,24,1
31423.28,60,24.18,1369.1,224629.7,1.2,4,16,1
31077.77,60,5.29,1003.11,56723.64,15.08,20,45,0
9895.91,60,9.81,1420.88,126931.47,3.87,14,48,0
36966.71,36,11.32,389.45,96621.27,15.66,18,41,1
24110.16,60,20.32,532.48,118373.85,38.72,12,48,1
15817.05,60,11.47,1263.79,62101.35,18.2,11,43,1
20575.49,60,9.78,1222.25,70009.1,24.55,6,34,1
24597.78,60,17.97,1007.39,197065.26,16.34,5,7,1
22835.73,60,5.93,773.86,130026.56,12.6,19,12,0
19969.8,60,8.41,56.04,,24.42,3,46,1
20692.38,36,13.16,442.25,226419.96,24.83,4,32,1
7880.06,36,12.11,262.76,75195.31,24.61,8,43,1
32696.58,36,11.94,105.23,95732.46,1.07,9,5,0
22128.65,60,7.17,1170.84,90981.77,27.86,18,21,1
6112.11,60,12.22,223.03,171624.77,27.03,2,19,1
30880.13,60,20.96,555.4,149363.67,2.81,12,21,0
37365.32,36,13.28,1466.86,128455.26,7.61,23,16,1
37944.97,60,16.72,631.46,173636.4,20.81,15,44,1
15391.69,60,8.27,238.01,131301.29,14.43,22,23,1
6285.16,36,6.39,1043.95,207670.19,23.04,21,29,1
21217.59,60,22.6,1220.61,114355.92,30.42,10,49,1
5391.76,36,11.63,440.35,224839.75,21.92,3,42,1
37425.51,60,12.01,1219.75,47514.91,18.36,20,7,1
8159.61,60,22.55,429.14,41608.06,10.55,3,28,1
10857.87,60,19.16,1048.87,170811.35,24.62,24,7,1
16858.82,36,20.13,213.46,109632.35,33.09,17,49,1
15943.41,60,18.64,658.9,124814.3,10.5,24,47,1
31991.85,36,7.12,795.13,180084.29,31.53,16,16,0
18796.36,60,24.16,1096.17,69344.06,,13,12,1
7659.96,36,23.18,985.55,30103.43,4.47,5,36,1
11421.19,60,9.72,1284.41,120944.52,36.43,8,26,1
20855.42,36,21.08,300.91,225786.83,27.27,12,18,1
6750.7,36,13.19,1002.03,123669.71,33.64,17,20,1
24854.57,60,18.68,217.79,151551.8,26.2,20,27,1
23064.14,36,8.31,732.78,67924.66,4.94,5,18,1
28873.39,36,15.77,801.1,126737.01,21.66,18,20,1
37570.48,36,7.53,70.08,130550.55,25.35,11,38,1
36577.93,60,15.72,133.42,74082.48,10.45,16,47,1
37896.95,36,9.87,1263.73,57673.23,25.24,9,22,1
10543.91,60,14.05,451.58,100559.29,22.67,18,39,1
6131.05,36,18.36,538.83,28939.05,0.86,12,29,1
12788.79,36,22.54,971.4,58283.91,35.3,20,18,1
35908.32,36,8.31,354.45,188211.3,21.35,9,40,1
38910.09,36,22.87,313.51,169300.79,23.37,8,44,1
34513.67,60,12.8,649.67,91939.59,6.05,8,7,1
5290.69,60,21.88,116.73,146767.25,32.16,14,6,1
37949.69,36,15.25,1377.95,210758.54,21.26,4,42,0
17510.96,60,22.24,1411.96,213003.28,3.54,13,46,0
1363.1,60,18.26,688.85,170506.69,28.04,2,26,1
18253.36,36,15.17,337.58,48532.28,19.56,16,29,1
2796.7,36,11.25,721.74,57467.05,13.39,13,30,0
22211.24,36,24.38,176.9,87084.84,36.86,23,12,1
14203.61,36,21.02,614.76,174264.39,32.85,14,31,1
19463.96,36,12.62,138.29,79340.89,1.71,6,29,1
24913.64,36,8.33,1068.06,126819.47,27.95,7,42,1
34883.24,60,20.59,435.3,209870.9,6.89,20,33,1
26814.16,36,24.8,795.37,225107.96,0.67,13,45,0
17927.91,36,10.58,49.9,212865.43,8.75,3,23,1
32957.69,36,23.32,801.22,46780.9,1.91,4,10,1
36317.7,60,7.51,34.8,229473.45,25.53,2,48,1
5670.64,36,24.04,1390.03,177351.91,30.3,5,5,1
21745.39,60,19.91,766.7,162320.92,7.13,16,37,0
12095.97,60,11.93,177.1,76935.37,8.37,5,48,1
2835.39,60,11.09,531.35,233492.41,5.36,6,34,0
27073.32,36,17.87,97.72,23993.05,22.49,2,20,0
34648.06,60,16.87,810.42,38902.78,19.57,16,22,1
7353.2,36,23.38,209.84,55345.15,0.25,4,19,1
32684.13,36,20.32,725.47,179653.22,14.79,17,41,1
34282.43,36,15.81,479.1,,3.52,23,33,1
36659.28,36,23.55,1149.53,237275.89,23.16,11,20,1
11346.12,60,16.85,738.92,100265.8,18.95,21,20,1
36254.17,36,21.99,1276.83,99951.85,18.36,21,25,1
13505.85,60,21.82,1413.78,173992.82,29.41,18,28,1
22541.18,60,23.38,1455.2,60056.16,18.37,22,39,0
2969.79,36,6.35,412.49,126729.81,19.45,20,48,1
2711.36,36,16.68,1158.33,23549.65,25.31,20,47,1
29094.56,60,14.37,674.02,156169.09,12.05,13,19,1
18334.72,60,14.81,656.47,200317.79,37.5,2,40,1
10995.4,36,14.2,1306.3,66863.5,11.26,11,19,0
8426.13,36,21.75,244.13,90649.25,36.55,24,19,1
27128.19,36,11.37,732.38,50323.04,32.55,16,42,1
1015.66,60,14.26,901.54,161605.14,36.25,9,25,1
32429.76,36,9.01,127.2,149724.72,7.33,2,5,1
4090.73,36,10.03,1300.84,210071.12,9.25,21,29,1
8468.09,36,18.21,492.08,243179.05,33.91,15,45,0
16063.22,36,7.34,995.52,246238.02,38.29,7,29,1
19909.49,60,8.76,1394.28,44648.59,30.13,21,22,1
14844.81,60,15.56,1088.04,147221.4,25.52,20,8,1
13507.77,36,5.88,1332.44,201620.59,32.38,20,49,1
38592.72,60,7.54,132.23,171566.11,1.66,21,27,0
26021.61,36,22.27,754.32,226306.95,34.17,24,29,1
1913.89,60,21.92,860.3,121595.41,11.25,18,34,1
17776.86,60,11.96,1042.89,118232.33,2.27,18,35,1
35125.34,36,11.96,201.78,26005.88,27.26,7,26,1
12756.79,36,23.73,995.48,23599.46,30.11,15,18,1
4687.7,36,5.52,244.61,179308.57,25.09,6,32,1
30577.01,36,16.61,129.39,128437.21,14.01,5,42,1
24634.54,60,16.95,719.9,171853.08,4.69,13,38,1
23242.19,36,20.76,912.55,74791.14,30.76,5,21,1
3089.49,36,24.04,1438.43,218511.22,1.89,20,16,1
6479.46,36,12.12,1056.98,227658.84,30.39,24,48,1
25279.43,36,13.76,899.34,172328.25,38.3,21,40,1
9105.13,36,18.43,345.41,83894.31,39.87,19,41,1
20658.73,36,24.35,253.51,69715.87,15.85,23,37,1
22250.39,60,22.82,922.69,,4.35,20,7,1
12056.78,36,18.34,357.74,236378.93,3.78,15,34,1
37988.58,60,22.13,1068.71,152965.86,19.66,5,48,1
33856.1,36,6.7,198.28,213040.11,31.67,12,29,0
29172.57,60,12.54,529.26,150043.28,1.92,14,13,1
4041.76,60,5.26,1166.44,175158.3,6.73,18,6,1
5139.07,60,8.55,1251.62,150588.63,23.54,8,18,1
20218.47,36,17.61,537.5,152333.66,3.42,11,46,0
7267.82,60,22.71,333.88,190027.52,35.14,6,28,1
39152.35,36,17.66,1438.55,111136.21,20.12,11,45,1
7182.29,60,18.28,1148.78,227919.47,15.47,11,33,1
20011.25,36,7.08,1216.38,218603.36,0.53,5,27,1
15200.72,36,18.3,357.44,186822.28,4.52,12,17,1
25936.07,60,14.09,653.92,190988.02,33.1,19,30,1
6032.42,36,18.03,130.27,115045.39,27.96,7,26,1
17782.34,60,11.52,190.82,211481.09,0.82,22,44,1
11713.5,60,16.63,354.81,234500.19,38.96,11,27,1
35622.31,36,13.48,475.75,202884.18,14.13,19,35,1
2582.84,60,16.17,1495.86,50595.27,24.26,8,34,1
36635.37,36,7.94,650.47,200923.04,28.9,2,30,1
33486.77,60,12.92,1055.88,126851.44,38.26,15,42,1
12605.26,36,12.49,1359.54,160000.89,35.62,19,9,1
31782.34,36,19.73,391.7,247966.79,23.9,2,10,1
2217.33,36,19.13,242.74,102651.61,5.57,11,5,1
38707.76,60,23.18,387.59,100161.53,33.8,22,24,1
21537.2,36,17.64,1327.16,80520.59,32.67,11,31,1
12827.96,36,11.29,1008.56,49238.32,25.57,18,37,1
15140.75,36,20.66,693.46,58679.94,39.57,18,25,0
3589.81,36,14.94,1235.82,138281.87,21.13,14,15,1
39584.63,36,8.87,377.99,229253.96,8.55,24,5,1
2532.39,36,19.95,381.59,206276.83,10.15,9,47,1
26541.38,36,7.65,863.81,61973.18,16.26,4,18,1
18266.7,36,8.56,1191.39,149188.73,16.91,2,23,1
38007.73,36,20.18,411.55,214792.67,33.25,14,7,1
10593.99,60,20.4,338.75,144083.4,35.48,24,19,1
21751.39,36,20.82,726.74,229629.39,15.31,10,33,0
19811.89,36,10.87,227.28,228813.54,37.81,6,5,1
28411.79,36,22.33,1129.28,100096.13,37.12,6,22,0
3652.4,60,19.45,878.68,221003.8,16.42,9,34,1
8557.78,36,21.68,783.44,154576.63,34.72,17,14,1
9368.03,36,19.17,1312.23,130364.65,4.51,9,31,1
29787.88,60,16.59,1106.87,198081.01,20.45,19,7,0
8376.41,60,7.19,249.43,201611.85,28.51,5,20,0
23366.18,60,19.22,648.03,175347.14,13.82,5,14,1
9394.51,36,18.81,502.27,206505.57,0.92,17,12,1
34603.37,36,11.25,1209.04,238827.5,2.22,3,47,1
37745.23,36,19.72,1086.98,220810.11,35.78,14,32,1
21221.23,36,16.01,723.85,37078.25,20.74,11,43,1
14740.05,60,16.19,1240.76,215506.66,6.09,19,33,1
10128.25,60,12.35,632.8,199751.37,36.08,14,45,1
2941.46,36,7.34,1211.22,233150.52,37.69,15,17,1
11471.5,60,9.34,77.15,190100.86,13.04,20,30,1
26515.2,36,20.38,227.89,221906.31,23.44,10,8,1
21811.06,36,10.43,1141.28,22350.32,13.03,14,38,1
37817.61,36,5.05,198.15,244895.22,29.01,11,22,1
16454.81,36,24.94,1035.13,63908.45,37.92,15,26,0
28060.67,60,9.21,1093.65,218772.8,1.11,5,15,1
20083.59,60,18.11,1003.43,233810.45,18.83,21,13,0
20990.47,36,23.54,1232.8,20511.39,31.96,12,38,0
11443.2,36,16.99,782.08,230145.96,27.57,12,45,1
18743.08,60,20.98,1348.64,210718.73,7.29,15,22,1
19360.61,60,24.53,867.16,232154.91,15.69,4,26,1
28559.06,36,22.21,776.57,60682.93,18.73,24,45,1
37684.96,60,16.16,778.8,198811.41,29.8,16,14,1
13843.53,60,12.27,1370.76,132121.75,18.36,4,32,1
2645.82,60,14.65,388.23,79268.48,12.56,2,27,1
20355.51,36,21.84,1051.7,193919.42,16.6,12,7,1
22233.99,60,22.07,386.65,128848.24,38.68,22,11,1
7569.18,60,21.92,165.5,226973.48,1.87,13,12,1
30658.12,60,16.94,1432.0,183468.25,13.35,11,36,1
39412.24,60,14.54,220.7,52003.44,7.92,11,48,0
37885.21,60,11.23,1038.7,77675.6,16.02,4,5,1
8687.14,36,5.07,654.1,80842.71,23.43,24,29,1
35139.17,60,20.29,1260.54,99131.52,7.77,17,30,1
28475.25,60,10.54,1166.61,173283.6,17.06,5,39,1
18700.02,60,11.59,241.34,225696.49,33.11,18,17,1
22083.83,60,21.87,717.69,156551.06,25.68,12,32,0
34134.41,36,6.05,70.47,192914.39,27.17,7,15,0
19725.26,36,23.55,661.4,92848.57,37.61,15,16,0
15555.09,36,5.03,1059.32,140166.91,16.36,18,47,1
20236.65,60,23.78,371.27,135949.06,39.92,5,32,1
23586.06,60,14.1,1220.75,181243.76,15.28,5,29,0
8374.03,36,7.04,108.15,139130.56,7.31,8,33,1
36135.4,36,18.48,80.81,96878.34,32.3,4,5,1
27293.29,36,22.92,70.36,76098.7,20.4,18,44,0
25697.49,36,13.76,441.64,78582.37,13.8,19,27,1
4880.35,36,18.83,716.65,245603.42,9.85,12,29,0
24562.78,36,24.59,187.95,102219.59,32.86,24,21,1
5717.47,60,9.81,1495.21,205518.94,22.56,24,11,1
4069.21,60,21.41,1499.35,36414.27,24.98,9,46,1
21565.12,36,10.9,794.11,40620.24,18.49,3,34,1
16708.64,60,13.53,864.97,177814.77,8.58,3,10,0
23963.6,60,10.64,1392.41,125158.1,13.5,20,35,1
4479.66,36,13.92,1161.6,222513.46,5.15,6,12,1
17808.34,36,5.1,276.88,218310.66,13.65,11,33,0
7816.68,60,11.07,1194.96,193801.17,36.51,12,48,0
39496.9,60,13.91,369.48,207522.73,22.99,23,29,1
22884.86,60,17.64,662.46,220215.94,1.85,20,13,1
27810.04,36,17.75,812.79,200222.38,30.57,20,35,1
13691.31,60,16.68,1083.99,141185.22,30.71,7,42,1
4694.82,36,10.86,250.72,80891.7,30.38,17,33,1
39058.96,36,23.95,141.97,201097.94,24.66,13,20,1
12164.1,60,12.84,1303.2,93072.9,,2,41,1
17528.52,36,9.34,1245.38,76308.14,15.31,14,12,1
26344.69,36,16.09,799.2,59483.55,13.01,19,9,1
1963.19,36,19.98,1003.67,164253.36,0.85,20,40,1
32600.11,60,5.24,1087.37,75770.16,3.43,8,22,1
21926.55,60,10.53,730.5,106210.36,16.82,18,7,0
11850.47,60,21.5,408.13,183084.49,35.23,8,38,1
3402.71,36,15.14,737.65,202580.73,38.47,20,9,0
7337.44,60,13.17,1427.67,92395.87,29.74,7,12,1
35906.32,36,23.62,1261.61,213844.02,,19,41,1
27754.94,60,6.79,714.35,33330.05,36.87,19,16,1
10746.17,36,17.31,361.6,246750.74,39.12,9,22,1
3558.43,60,11.84,1337.73,115881.59,17.21,19,31,1
27934.0,60,6.42,968.21,94723.6,20.88,2,11,1
23323.9,36,9.27,624.97,232445.42,13.84,21,47,0
16776.26,36,17.56,194.14,50449.48,34.08,5,23,1
15180.85,60,5.57,1135.09,102293.7,11.91,14,44,0
9455.76,60,16.84,495.95,102547.26,4.35,23,22,1
27114.84,36,24.14,921.27,117603.19,18.24,7,40,1
38856.05,60,20.9,867.34,215117.99,6.78,11,12,1
7852.89,36,11.91,1058.45,215357.74,17.24,11,33,1
24287.55,36,7.76,820.3,156076.58,23.42,2,22,0
17543.22,36,14.3,956.7,248104.52,32.1,22,9,0
18420.86,36,12.86,149.87,214156.98,27.68,9,9,1
10911.74,36,24.43,1007.96,176645.93,29.54,9,45,1
33180.26,36,24.8,315.46,65875.44,23.62,23,29,1
19924.97,36,13.21,606.21,146438.07,3.25,23,5,1
22192.83,36,7.98,783.43,69198.55,35.2,21,49,1
12885.68,36,23.21,1039.71,89380.93,27.93,18,15,0
8090.53,36,20.87,1121.37,177748.68,31.6,7,18,1
4350.51,36,15.23,1066.24,62416.53,37.64,18,45,1
28850.65,36,12.31,169.81,40893.43,38.73,24,13,0
8653.14,36,13.96,598.75,142255.49,38.54,8,9,0
27912.94,36,23.04,442.58,20218.84,10.78,2,28,1
16224.68,36,8.69,615.68,160050.53,,12,10,1
17215.22,36,21.14,980.9,227308.56,38.35,11,21,1
19297.92,60,5.36,313.59,,28.25,20,15,1
15340.63,60,23.41,768.09,108036.9,28.64,19,34,0
4924.18,36,15.01,1330.76,230764.29,35.37,9,16,1
13075.64,60,9.53,1104.76,181890.37,11.5,9,19,1
26885.64,60,5.06,1096.29,51122.16,7.67,11,18,1
26965.59,60,16.19,1277.61,107858.74,17.48,8,12,0
12162.75,36,9.89,616.89,193878.89,38.0,19,17,1
18944.0,36,17.63,1146.44,172898.9,2.42,20,32,0
8544.44,36,10.62,116.3,55801.49,17.7,10,47,1
9204.51,60,6.76,112.95,34370.88,27.63,2,24,0
1898.84,60,15.1,517.74,176782.91,26.05,20,30,1
35973.12,36,16.29,319.37,160075.24,32.4,6,45,0
9217.56,60,14.05,792.25,33648.82,10.78,10,44,0
9873.82,60,14.16,299.31,244206.74,9.36,19,44,0
11904.46,36,16.79,1464.09,78060.87,33.1,17,27,0
5968.91,60,15.53,1281.12,108785.42,33.03,12,19,0
25931.25,60,7.65,1474.32,60847.42,9.95,3,32,1
3930.58,36,8.94,1217.41,210560.1,17.61,15,5,1
6233.89,60,7.84,1428.13,241390.69,18.07,21,22,1
26145.51,36,18.87,571.11,69060.3,20.53,7,13,1
14246.76,36,15.57,761.92,85128.89,33.46,5,6,1
28609.97,36,13.6,382.5,182498.68,24.14,17,17,1
22739.57,36,20.97,964.63,141414.51,20.73,3,18,1
10984.83,36,11.52,1188.7,44165.52,11.58,3,13,0
26382.29,36,16.36,763.15,233582.44,1.62,4,30,1
5534.67,36,6.49,465.67,160564.76,36.72,2,36,1
21920.0,60,19.89,776.28,89289.23,28.65,17,7,1
18048.78,36,18.9,122.46,132654.72,2.98,10,22,1
11447.07,60,21.05,1090.05,135056.78,11.9,9,25,1
24556.19,60,22.69,693.86,140846.09,25.88,11,35,1
34982.01,36,20.16,1350.4,134380.31,8.36,24,28,1
39957.28,60,21.89,1387.18,149212.45,4.2,3,38,1
24702.75,36,11.91,214.49,110471.12,22.01,16,46,1
16783.53,36,11.87,1494.28,53617.42,13.16,6,9,1
9783.08,36,23.89,1455.64,172854.12,33.11,10,36,0
11026.75,36,23.29,951.88,202271.89,38.03,24,25,1
19698.74,36,15.97,1243.41,213434.19,23.51,23,31,1
15323.83,36,12.33,57.1,25048.98,28.52,21,37,1
36638.77,60,22.32,1456.47,113063.83,39.34,10,7,1
15363.52,60,11.47,700.78,245040.8,9.04,16,23,1
15564.34,60,8.07,1367.26,34389.51,36.19,22,5,0
15957.85,60,17.79,596.13,200677.44,22.37,24,49,1
33628.19,60,5.85,1188.62,49005.98,7.51,24,8,1
26380.74,36,12.58,644.38,209667.01,11.57,3,31,1
24952.59,60,21.15,563.18,174610.9,27.52,17,46,1
14031.58,36,10.9,1421.76,186757.61,36.88,9,27,1
32898.26,36,23.63,1057.69,244783.86,4.76,21,8,1
2496.19,36,24.12,1264.92,236081.27,25.57,14,24,1
34961.09,36,21.32,828.74,90005.44,15.08,7,16,1
20997.25,36,24.75,1379.97,106299.8,12.87,10,35,0
16531.76,36,15.62,1117.74,113651.79,7.2,6,13,1
20389.52,36,16.38,136.09,61532.22,35.53,14,17,0
27029.21,60,21.72,1157.3,107661.02,14.57,22,38,1
1497.85,36,14.86,57.5,245175.72,17.73,24,37,1
34990.52,36,13.13,1248.73,132599.5,,18,44,1
18422.84,60,17.3,517.84,239098.2,24.31,5,34,1
14375.69,60,18.15,909.48,36435.33,17.61,17,26,1
6391.58,36,20.02,1131.58,29035.67,7.72,15,11,1
18139.15,60,18.36,966.34,152325.93,12.42,18,40,1
20356.59,36,19.91,1018.38,189338.37,15.65,13,21,1
16742.22,36,18.49,1342.22,70015.57,3.08,15,13,1
27467.74,36,14.61,579.74,135772.45,2.07,6,47,1
17414.96,36,7.7,834.3,220776.32,39.7,11,8,1
38495.29,60,20.71,287.15,195196.62,37.11,12,42,0
24371.82,60,5.62,717.29,73317.2,23.73,15,32,1
32491.64,60,24.85,250.55,96928.43,9.79,20,36,1
5264.88,36,21.57,961.37,90331.99,9.3,15,22,0
16494.36,36,18.42,506.65,185486.59,17.62,2,9,1
14137.06,60,24.33,1292.75,242681.66,15.45,19,6,1
23209.81,60,17.25,535.06,84418.04,29.32,7,15,0
34583.43,36,6.13,451.65,155309.12,16.28,5,34,1
4055.19,60,16.19,752.17,247368.46,38.21,17,48,1
3830.42,60,10.54,287.73,56243.27,10.12,21,31,1
34162.39,36,12.39,329.6,171588.93,1.07,4,19,0
9301.15,60,14.19,1181.22,96357.26,24.13,11,28,1
27081.38,36,20.49,760.92,248083.77,39.52,8,23,0
22172.25,60,15.06,333.32,45017.41,34.06,12,44,1
33482.85,60,14.49,76.34,123789.02,0.21,2,5,1
5878.47,36,11.04,715.72,78643.87,23.01,18,32,1
6061.54,36,15.8,1121.67,27286.94,18.15,11,12,0
22715.92,36,9.97,546.25,241627.35,30.73,5,26,0
37908.77,36,10.22,394.51,150679.53,10.11,20,29,1
17184.91,36,20.15,612.68,181181.05,9.75,18,22,1
13750.74,36,11.85,1439.92,162663.24,12.67,9,13,1
24660.88,60,6.03,652.05,54148.93,9.85,21,12,1
37287.5,60,11.87,411.67,59228.89,0.88,20,47,1
33640.19,36,17.77,866.79,164082.47,25.13,18,26,1
39823.86,36,21.28,1221.79,199356.19,24.51,16,6,1
1880.17,36,24.24,62.83,160546.15,34.07,4,41,1
5401.47,60,19.92,850.41,151185.99,27.91,4,39,1
24769.24,60,13.58,1259.38,191571.33,25.63,19,10,1
33002.48,60,10.98,346.97,76029.92,9.28,2,15,1
12124.53,60,7.59,1384.87,188278.61,29.61,22,27,1
10329.23,36,17.55,879.21,114580.7,34.22,2,47,1
31692.06,60,15.2,789.59,175031.52,17.76,4,19,1
3198.89,60,18.55,1446.58,83184.83,21.62,22,23,0
15405.92,60,9.74,220.59,51616.94,31.37,2,46,1
20726.56,36,11.47,1118.01,26706.57,18.62,9,28,1
22853.6,60,10.84,1233.3,204799.07,26.66,16,14,1
29415.99,36,20.95,748.18,65302.92,8.59,14,44,1
14838.98,60,8.42,39.52,103596.8,23.37,2,37,0
24894.69,60,17.17,800.77,196836.63,1.49,17,22,0
23829.64,60,6.03,255.66,123541.85,8.36,14,49,0
22357.03,36,15.99,856.98,70036.25,36.83,9,22,1
25978.85,60,6.28,1115.77,64795.35,23.81,6,49,1
11118.52,60,8.52,810.68,113825.13,18.22,14,23,1
4301.3,36,7.26,957.28,149990.56,20.88,3,28,1
5651.6,60,11.93,182.8,110240.89,0.0,11,29,1
9758.71,60,11.87,172.66,228051.0,18.38,17,44,1
20507.72,60,21.53,1280.88,20881.83,5.76,10,13,1
33777.27,60,9.51,102.51,112462.67,34.33,14,39,1
28350.44,60,6.73,447.92,190852.02,16.54,7,32,1
31772.58,36,17.07,1408.41,224904.96,9.28,20,32,0
14688.05,60,18.75,704.53,102432.42,20.47,20,17,1
16781.5,60,10.9,1021.57,174925.5,14.63,18,45,1
16353.59,36,17.06,355.88,153480.21,18.4,20,36,1
8483.05,36,20.52,427.65,66352.47,29.03,10,27,1
3387.45,60,11.95,778.23,176617.2,20.37,7,22,0
24045.73,60,15.51,968.01,77399.86,36.6,20,16,1
39579.45,60,7.93,1441.88,200298.76,10.27,2,30,1
7506.36,36,5.47,874.4,219157.27,13.04,2,25,1
2820.71,60,24.63,171.07,130037.13,31.1,23,13,1
31401.74,36,10.99,569.37,32448.66,31.34,11,25,0
10850.85,36,10.58,388.93,189591.09,39.06,23,46,1
33356.11,36,24.46,403.97,127459.49,25.14,2,27,1
28453.53,60,19.56,772.92,41739.42,22.95,3,45,1
37881.27,60,16.71,495.5,96161.51,23.55,3,10,1
16948.16,60,18.99,455.28,86847.46,14.45,8,33,1
26816.82,36,19.2,1452.99,187062.66,15.4,12,5,1
19129.34,60,20.27,888.42,117535.34,11.19,7,13,1
25592.96,60,6.34,414.81,155020.97,23.88,5,7,1
18534.36,36,13.26,435.53,135252.68,33.61,19,13,1
8356.66,36,10.9,1222.21,186579.09,25.34,11,28,1
20808.0,36,6.41,1333.12,185151.69,18.9,3,48,1
21614.78,36,13.25,1028.18,123221.66,2.55,3,32,1
32613.55,36,17.32,664.23,51057.67,9.91,23,30,1
29685.31,60,8.57,1153.92,113811.56,33.8,23,20,1
26887.87,36,11.1,1407.95,56831.1,15.85,24,11,1
5422.1,60,17.78,274.31,240606.32,35.42,19,21,1
29104.04,36,16.59,1296.71,238533.14,9.71,12,41,1
20511.9,60,22.38,1277.77,125037.7,23.03,4,42,1
35869.88,60,20.82,568.76,26354.41,38.55,12,38,1
36874.97,36,24.31,458.93,,22.27,10,23,1
3151.11,36,16.94,861.01,225871.62,8.36,12,12,1
33005.02,60,18.97,430.27,86244.86,9.18,23,27,0
2470.2,36,22.21,243.7,163055.36,6.31,24,20,0
15319.62,36,21.8,1431.03,62305.56,0.85,19,18,1
22149.7,36,19.37,752.31,209787.77,27.7,11,22,0
6775.93,36,15.01,724.22,225136.38,31.32,20,29,1
30106.24,36,10.46,215.37,161477.53,32.81,19,20,1
1325.83,36,22.54,771.1,163465.37,2.95,2,19,0
7575.36,36,20.53,1121.96,107068.81,37.69,13,48,1
23651.08,36,21.76,394.63,182631.01,24.74,3,29,1
28861.11,60,7.82,572.27,130046.16,3.53,21,36,1
36749.08,60,11.3,293.01,191461.98,3.4,9,29,1
28514.37,36,13.5,551.96,242757.74,20.39,6,29,1
27199.39,36,21.77,1296.08,209146.45,9.77,2,40,0
16379.3,60,22.86,378.48,138986.19,9.56,11,12,1
1050.09,36,10.7,73.43,245144.36,0.47,13,40,1
5686.21,36,18.73,818.25,159628.91,19.29,23,44,1
21847.63,36,6.56,881.85,34920.66,3.46,16,20,1
27330.07,36,13.19,513.5,187984.55,3.07,15,20,1
17280.48,60,14.73,973.11,208614.29,6.35,19,10,0
29496.48,36,20.31,85.72,51013.06,0.43,24,42,1
21352.63,60,22.84,530.64,176236.69,4.14,2,18,1
3892.87,36,11.75,242.52,231810.83,23.77,15,25,1
8488.63,60,15.55,367.81,77827.97,10.27,2,29,1
33759.93,60,17.95,592.33,154551.98,2.75,4,48,0
29271.6,60,11.57,755.31,83155.31,5.42,9,32,1
35895.72,36,24.71,167.0,198113.71,1.73,22,10,1
5584.73,36,22.52,178.94,153551.81,31.08,3,41,1
39618.68,36,10.93,1020.85,118457.56,22.46,19,14,0
9166.86,60,15.16,624.07,26667.24,18.97,6,11,1
1459.42,36,9.62,289.49,237303.76,34.93,13,15,1
39899.49,36,15.29,375.33,134480.03,3.19,19,16,1
11961.88,60,18.67,1088.48,204945.19,1.49,4,13,1
27052.76,36,6.71,106.09,110135.83,16.96,11,9,1
7890.61,60,22.4,777.85,215293.84,10.56,23,30,1
23628.91,36,16.87,559.67,56808.96,19.03,16,31,0
36257.36,60,24.79,1222.39,73243.6,36.14,17,45,1
13487.07,60,5.51,1191.46,96680.02,17.85,13,46,1
27139.91,60,21.63,1043.13,40376.93,6.85,10,44,1
8328.24,60,20.84,595.63,122083.42,31.91,8,18,1
25367.02,60,7.66,957.92,131762.61,15.55,2,21,1
14121.56,60,11.71,970.58,46404.0,30.2,3,12,1
9237.12,60,22.7,518.33,118232.7,5.66,10,5,0
13214.1,36,15.37,1323.56,65378.09,13.49,14,46,1
7974.8,60,13.03,1477.74,221298.71,0.9,16,36,1
36174.73,36,23.11,492.23,137137.49,9.42,15,10,1
16490.29,36,6.87,1207.8,238952.21,25.88,20,36,1
10565.89,36,14.46,766.34,98529.24,11.73,15,9,1
18487.91,60,18.05,711.57,98520.88,5.57,24,25,1
13500.91,36,17.17,598.25,97903.72,2.25,12,33,1
30032.35,60,10.29,459.28,81705.44,24.11,7,31,1
38877.58,36,16.27,1381.68,200374.42,3.08,9,18,1
18083.31,60,19.17,1119.0,85030.39,31.95,9,41,1
34580.3,60,16.7,677.83,86243.04,14.29,18,45,1
23068.66,36,18.69,1134.8,30786.14,12.2,14,39,1
7132.19,60,10.12,1086.34,242033.12,24.99,8,29,1
27934.29,36,21.66,422.99,223847.59,22.26,9,28,1
21023.95,60,13.99,288.91,87277.22,39.5,15,31,1
26373.65,60,24.74,1259.36,139776.88,2.05,19,11,1
35697.81,36,5.47,1222.77,131031.37,34.05,21,30,1
18176.95,60,12.61,1495.39,40171.71,23.98,13,5,1
36145.93,36,8.61,58.46,142175.34,35.3,23,32,1
30276.09,36,16.11,824.36,46065.12,27.76,5,25,1
20055.59,36,9.86,1060.94,119840.61,30.49,12,41,0
24525.66,60,19.75,886.33,40194.99,31.47,3,20,1
13697.66,36,22.64,1074.35,155450.72,0.61,14,10,1
39360.29,36,9.22,231.77,31272.04,33.53,3,25,1
27026.7,36,8.21,32.23,164538.58,27.17,3,6,1
2710.03,36,22.51,166.76,182660.25,37.9,17,20,1
13738.25,60,12.23,588.69,151298.53,5.33,19,19,1
25309.26,60,13.69,513.53,127982.71,36.86,8,20,1
3197.0,36,9.42,1314.78,33982.32,34.18,11,36,1
1931.48,36,13.51,152.78,22611.25,9.05,13,41,1
18550.95,36,9.63,680.78,98759.25,4.96,7,8,1
13974.92,36,18.32,1438.0,197388.06,25.14,11,25,1
18093.65,36,14.98,769.27,168873.92,27.04,4,31,1
11245.04,36,20.76,224.63,48814.62,28.44,8,28,0
7423.99,60,11.25,458.16,178226.01,33.82,16,10,1
27876.59,36,15.11,951.38,152230.59,22.27,12,38,1
21068.27,36,10.19,47.62,58346.33,11.36,9,42,1
8806.01,36,23.69,1453.11,193719.38,34.28,10,47,1
13463.99,36,15.44,863.46,210970.04,17.34,15,22,1
24080.51,36,8.47,1065.08,73488.21,17.38,21,25,1
3816.94,36,10.46,763.47,166253.85,19.7,6,19,1
6750.67,60,6.66,1438.15,106970.47,33.42,2,34,1
3856.58,60,5.56,896.15,33446.03,38.83,22,45,1
32680.38,36,15.52,1003.12,218111.24,6.84,11,10,1
30343.96,60,11.74,1295.43,208771.23,4.89,24,41,1
30379.2,36,24.28,1296.49,93126.78,11.51,12,19,1
28936.69,60,8.43,71.41,142246.19,36.17,19,22,1
27106.03,36,20.88,446.45,137845.02,21.12,6,14,0
19602.68,36,11.32,392.09,60815.6,0.23,10,7,1
26048.85,36,9.47,39.77,53505.0,23.28,13,31,1
2496.1,60,24.39,1318.87,214181.61,21.96,20,28,1
25237.11,60,21.05,496.2,219492.37,3.19,3,8,1
31337.23,36,17.61,540.02,186791.33,5.96,6,15,0
20513.98,36,18.94,176.44,36736.07,3.72,10,34,1
14943.02,60,24.83,1484.89,229102.7,20.85,21,5,0
11819.64,36,16.86,1244.59,245573.13,21.24,2,12,0
26069.28,36,7.04,870.64,198391.2,18.41,7,15,1
28019.25,36,6.3,1164.74,101284.91,18.04,5,39,0
34967.74,60,18.33,1172.36,113328.2,23.22,14,19,1
14351.03,60,18.15,995.4,220016.45,26.49,10,13,1
31021.12,36,19.96,285.8,84442.8,38.55,12,48,0
22892.88,36,7.18,1088.86,52627.25,21.81,24,44,1
35430.62,60,23.9,867.34,209244.99,10.63,2,16,1
21584.67,36,16.02,1094.39,64466.49,38.98,23,18,1
21187.56,36,17.99,828.88,228678.96,4.23,3,10,1
23537.21,36,5.7,1435.82,157006.89,12.51,9,17,1
30223.3,36,24.22,951.73,147735.07,36.1,24,23,1
38622.93,60,16.25,873.31,198422.35,37.75,8,11,1
3868.97,36,16.27,1268.9,23787.02,25.8,21,20,1
3083.95,36,23.87,587.48,184113.97,0.58,18,33,1
37564.46,36,23.59,494.22,157653.61,17.7,15,40,1
21665.15,60,9.41,769.66,140469.56,37.31,24,6,0
24981.22,60,23.62,889.17,69985.01,35.59,6,37,1
19814.52,60,19.73,354.11,210769.92,35.75,22,36,1
4652.64,36,5.38,1032.95,77649.57,11.75,10,5,1
30955.49,36,9.8,1209.49,132647.76,32.99,4,6,1
30141.76,36,13.26,878.66,56358.48,26.89,6,44,1
13156.43,60,16.66,798.76,243953.35,35.75,11,42,1
12943.33,60,19.03,463.12,64742.56,25.52,19,34,1
33675.81,36,9.2,1367.09,204740.23,15.01,22,31,0
3821.93,36,21.73,1139.11,80508.23,25.38,6,22,1
35363.1,60,21.91,736.02,78889.94,14.31,3,44,1
11009.81,36,17.7,998.89,116993.39,0.1,4,8,1
24126.41,36,23.42,525.21,214544.95,32.67,13,20,0
37503.77,36,21.26,117.93,178138.21,33.97,2,44,1
27446.78,60,9.43,329.77,220476.01,29.92,12,36,1
17162.76,36,20.97,146.85,30858.83,9.1,5,26,1
27891.83,60,24.06,777.02,239809.33,5.44,5,35,1
14415.21,36,7.75,944.43,37741.49,6.8,22,48,1
11813.08,60,24.57,589.26,185845.04,20.04,4,19,1
39870.65,60,5.5,809.33,67649.83,10.57,24,47,1
30280.82,60,15.44,155.59,213394.32,35.13,2,28,0
26144.08,36,20.48,1161.84,218343.19,21.77,2,13,0
14856.3,36,20.81,78.19,146787.44,18.01,6,7,1
2917.27,36,19.69,962.61,112660.27,34.86,19,7,1
2211.22,60,15.59,667.02,202475.38,3.24,13,38,1
22613.07,60,18.02,300.19,221027.21,34.84,9,6,0
30719.28,36,19.0,798.89,189799.72,32.09,24,44,1
21957.79,60,14.89,1177.99,228590.85,27.48,8,35,1
33790.62,60,16.91,637.88,164102.27,4.44,17,31,1
2303.63,36,21.93,570.53,174208.54,2.1,11,45,1
15303.33,60,11.26,239.42,151528.25,6.64,19,21,1
10245.75,36,15.46,904.03,132277.31,10.81,21,14,0
18443.65,36,5.17,1247.18,170617.94,24.65,10,42,1
3822.68,60,18.75,855.17,149065.74,3.21,12,29,0
38211.13,36,8.91,272.68,188185.19,7.32,12,15,1
9706.96,60,14.62,1002.0,234873.91,8.02,10,41,1
36970.0,36,9.2,74.31,105800.85,26.83,3,33,1
17609.83,36,5.47,1261.94,114568.74,13.85,19,15,1
39435.44,36,14.66,1384.6,23457.72,11.01,15,39,1
22608.28,36,13.5,907.64,141217.95,1.16,3,35,1
37302.48,36,13.5,1326.22,50222.22,3.77,6,32,0
1208.61,36,9.18,154.22,184680.16,21.99,15,17,0
30181.31,36,23.94,365.67,199304.99,25.33,14,37,0
36218.98,60,5.07,496.37,186230.33,29.69,20,18,1
6449.1,36,22.83,1166.56,145728.2,19.9,10,35,1
4748.91,36,19.74,741.83,142869.98,10.76,18,31,1
17558.33,60,8.44,542.07,168707.41,11.7,6,35,1
37413.48,60,14.44,262.36,147581.19,26.03,19,40,1
22153.08,36,24.78,1221.65,192566.91,17.06,23,16,1
21570.8,60,17.87,60.17,225741.4,6.34,20,49,1
6503.92,36,7.55,525.79,143309.78,0.16,10,35,1
1030.79,36,14.15,386.88,45378.57,10.4,8,6,1
32595.46,60,14.36,219.65,50137.56,30.22,23,7,1
4415.41,60,21.05,282.9,106461.24,26.59,10,47,1
25720.14,36,23.32,755.88,134147.33,3.9,19,35,1
36670.04,60,6.64,656.3,71761.59,17.77,15,32,1
9137.42,36,11.28,792.0,124132.55,5.78,11,38,1
26945.64,36,10.97,1099.6,51218.8,18.92,19,36,0
4069.24,60,24.92,1341.72,75390.9,4.43,21,20,1
24546.45,36,16.18,204.14,188810.56,27.18,6,44,1
7393.34,60,22.6,151.54,246681.17,23.36,11,21,0
29702.19,60,13.52,500.92,62826.71,10.36,10,23,1
12748.02,60,19.45,833.06,97992.21,39.7,3,44,1
19072.25,36,10.73,176.83,100657.93,23.55,9,41,1
24377.79,36,23.24,1082.48,71365.0,10.75,22,32,1
7679.66,36,14.1,847.46,66933.1,14.31,17,36,1
29923.87,60,21.07,1130.24,50289.7,36.65,10,7,1
12802.97,36,10.12,556.13,228728.36,8.13,6,37,1
26832.5,60,18.87,619.61,169355.64,8.15,14,24,1
7173.04,60,13.1,1217.13,,22.82,19,39,1
27836.59,36,5.63,422.5,,13.29,9,39,1
5999.33,60,13.26,590.68,155636.33,12.17,18,29,1
17588.9,36,16.0,49.83,180361.15,16.41,4,30,1
10641.04,60,8.04,846.32,78191.97,33.24,21,42,1
30186.63,36,8.68,1281.65,99847.46,33.64,15,31,1
11219.37,60,14.3,71.0,86840.83,26.63,11,22,1
35386.97,60,11.85,932.27,40172.92,23.09,8,30,0
35780.99,36,13.81,1272.81,108901.54,0.63,13,18,0
8661.21,36,14.22,756.08,142730.57,22.6,4,11,0
24939.99,36,7.8,490.14,170734.24,38.16,15,21,1
4420.99,36,8.62,1494.98,115849.44,33.49,18,14,1
16269.95,36,21.96,125.3,246175.13,5.78,21,14,1
28819.55,60,8.25,339.32,163942.67,38.96,19,15,1
26717.51,60,18.32,1331.31,223914.45,8.67,16,20,1
25363.33,36,13.37,467.04,230677.19,4.95,24,10,1
12019.09,36,24.36,1235.17,208921.85,11.56,3,40,0
15742.97,60,6.32,519.81,82096.68,5.65,2,42,1
5014.9,60,21.61,1223.61,119193.73,8.99,15,32,0
29041.89,36,14.83,1038.02,20088.58,12.35,11,41,1
20651.66,36,5.11,718.73,123823.58,,20,47,1
28641.86,36,10.27,798.73,87563.12,24.55,23,29,1
10708.8,60,13.15,291.16,45736.1,21.38,3,38,1
13653.09,60,11.28,200.35,212875.21,11.93,10,48,1
14034.4,60,12.25,1083.91,174892.78,38.14,3,29,1
2003.95,60,23.33,1277.4,249793.81,11.87,22,5,1
14300.87,36,12.22,1091.3,134629.34,16.04,17,39,0
32328.88,36,13.38,1371.91,96062.41,16.89,22,41,1
35994.64,36,20.22,1338.42,80676.62,0.9,23,15,1
21210.51,60,20.88,1173.94,120133.05,,15,38,1
18764.57,60,6.68,1350.25,91270.6,13.53,13,34,1
2202.16,36,19.08,275.82,247874.47,2.83,22,5,1
35288.97,36,14.65,1105.1,62042.6,32.45,9,33,0
1507.4,60,7.68,1137.9,24399.83,28.47,16,33,1
37845.25,36,10.29,256.35,49899.88,11.34,12,13,1
20079.43,36,5.9,1367.09,225052.44,10.42,8,23,1
14335.45,60,12.2,42.91,179601.43,36.19,3,26,1
37044.52,36,10.11,668.87,200313.61,7.57,14,20,1
1951.25,60,12.64,61.57,93708.46,34.95,20,26,1
23675.57,36,16.61,799.34,163221.82,3.11,22,40,1
22408.37,36,19.65,635.87,182816.69,33.58,19,47,1
9553.5,36,17.11,945.9,95075.71,21.67,9,49,1
17726.61,60,18.57,1156.67,186641.37,31.03,21,6,1
26438.3,60,22.31,1159.81,164821.5,3.72,24,24,1
29358.12,60,22.48,1091.67,88134.05,16.8,6,9,1
1027.96,60,22.21,179.76,32156.85,18.01,10,32,1
37537.28,36,8.06,643.63,74708.91,20.61,20,24,1
7416.49,60,10.02,1229.45,162493.32,25.11,21,31,0
10109.64,36,15.05,991.82,157777.05,15.58,7,20,0
11275.46,36,12.17,1031.11,136759.3,17.9,24,43,1
2474.99,36,7.63,363.58,77839.27,14.81,9,42,0
5799.03,36,10.76,507.84,122243.45,27.95,2,25,1
39467.65,36,24.51,1435.04,53130.06,36.34,7,40,1
13293.45,36,11.94,1274.98,172348.08,4.57,13,35,1
5496.74,36,13.38,272.43,219906.81,11.5,2,39,1
5172.66,60,5.13,830.7,126647.76,8.79,2,45,1
29058.94,36,19.39,751.05,68989.44,37.57,14,32,1
34328.18,60,13.27,682.18,210413.85,23.78,13,45,1
11021.14,36,7.06,721.8,92008.27,5.72,15,46,0
1815.47,60,24.37,975.05,156612.56,15.92,5,15,1
9700.51,36,20.55,1451.71,37346.95,18.95,12,37,1
3204.11,60,19.52,1316.73,185125.61,24.92,13,49,1
5032.4,36,24.16,1316.44,125954.49,8.61,19,11,1
17828.82,60,13.15,1063.96,117370.18,20.08,5,8,1
9966.82,60,19.37,55.85,235012.39,32.06,7,17,1
21121.89,60,9.12,677.48,133042.59,26.4,12,37,0
10886.26,36,18.94,781.36,23852.62,4.17,3,25,1
37680.95,36,5.28,1268.46,240758.8,36.49,13,44,0
36331.81,60,7.53,1386.58,22808.97,13.54,2,13,1
23105.44,60,13.51,693.77,143249.97,16.98,20,43,1
14822.54,36,5.24,471.68,165727.32,27.7,16,29,0
15864.73,36,14.24,525.91,225731.36,18.45,18,38,1
17062.24,36,15.46,880.63,176218.87,23.52,12,15,1
29375.59,36,17.43,434.21,206560.54,19.11,18,27,1
18613.92,36,7.01,1368.79,197082.2,12.31,22,33,1
34412.47,60,8.62,645.42,69113.02,17.64,11,40,1
37819.7,60,17.27,1485.39,181107.66,12.46,8,29,1
14101.9,60,18.16,190.99,166643.9,17.95,6,29,1
22867.08,60,5.52,306.18,,8.1,21,17,1
4707.2,36,15.81,782.04,49516.12,2.43,16,10,1
8818.29,36,20.7,1306.41,192877.06,27.95,6,11,1
17125.16,60,6.38,550.31,243359.04,5.04,22,24,0
9041.91,36,13.26,1261.08,189842.54,32.89,22,10,1
35185.86,36,11.53,655.42,,14.56,3,11,1
7173.16,60,23.27,1283.9,,9.96,8,7,1
18770.77,60,8.72,437.82,76822.73,16.39,12,37,1
24622.27,36,11.37,723.68,154725.41,5.98,6,21,1
27982.69,60,22.97,439.74,27229.09,33.96,3,39,1
15939.71,36,11.61,346.38,173622.28,6.67,17,43,1
34894.86,60,15.63,649.08,53306.59,19.75,8,46,1
23164.45,36,5.66,522.02,115081.17,6.48,21,9,1
18140.8,60,24.7,1187.11,93643.27,1.83,9,39,1
3622.38,36,21.5,1129.03,44484.77,31.91,24,12,1
19122.89,36,17.69,557.07,153117.44,22.3,8,42,0
33008.7,36,6.22,1488.64,103086.55,3.12,6,42,1
24967.1,60,6.5,1461.54,30116.55,35.72,24,25,1
33454.34,36,15.9,1379.22,122216.59,15.7,7,40,1
20266.46,36,10.7,892.17,155759.54,17.04,9,39,1
5620.01,60,17.46,636.1,49995.3,19.8,18,24,1
1531.95,60,16.96,490.14,154548.6,8.99,10,18,0
12825.56,36,21.77,52.1,89465.55,22.03,17,49,1
28221.63,36,10.63,958.76,79719.07,10.0,8,42,1
31820.14,60,16.56,843.15,202961.14,33.44,21,18,1
12534.36,60,20.55,955.91,127580.58,33.05,19,23,1
20330.5,36,14.82,876.65,106922.29,19.08,16,10,1
17423.64,36,21.61,232.44,206995.15,21.27,8,34,1
17010.39,60,7.63,1052.21,229379.18,39.71,9,7,1
10022.6,36,19.68,559.84,92469.23,31.81,7,7,1
6318.47,36,23.86,788.95,31591.55,2.52,6,38,1
8670.85,36,11.64,567.51,144365.04,6.9,4,47,0
3157.96,60,12.33,62.34,184485.35,23.84,18,7,1
8727.1,60,6.67,1318.53,155191.87,14.87,20,33,1
1358.84,36,17.83,248.64,178252.82,32.16,15,25,1
25463.08,36,16.05,885.79,168746.58,25.64,5,25,1
13338.64,36,5.81,1328.2,239878.83,39.63,9,7,1
38952.64,60,20.04,355.35,219161.14,0.52,12,41,1
8554.96,36,21.59,635.66,50324.01,17.54,9,21,0
14487.31,60,23.14,585.27,124098.89,16.3,19,26,1
14955.81,36,15.91,161.15,124596.77,17.37,2,14,1
1329.61,60,14.05,652.57,124956.75,35.41,16,48,1
33729.11,36,22.52,734.83,234061.91,16.24,21,12,1
2247.78,60,12.97,69.1,95254.36,31.85,17,46,1
37667.01,60,18.11,747.57,161282.8,25.31,17,16,1
35790.9,36,17.31,167.93,226152.09,19.51,24,16,1
21885.35,60,12.44,1341.92,31623.89,27.71,14,18,0
22200.23,36,6.74,985.73,222067.41,9.16,17,21,0
26497.34,60,5.43,112.95,195940.57,5.69,4,21,1
16094.95,36,13.56,1245.75,67810.65,38.69,6,34,1
26241.67,60,14.62,561.55,94867.6,15.66,3,48,0
2745.97,60,21.45,361.66,91434.95,12.15,4,17,0
3107.86,36,13.29,403.26,70900.5,10.61,13,10,1
18831.99,60,10.62,908.65,166859.92,24.89,7,23,1
22435.27,36,14.24,149.88,246050.51,39.86,17,30,0
35624.89,36,9.76,116.36,58320.71,35.8,24,17,1
5081.76,36,6.83,952.44,73403.44,16.02,10,34,1
33083.27,60,7.26,1473.41,86786.05,35.81,12,42,1
9191.85,60,11.38,740.64,235641.34,18.28,17,27,1
16369.26,60,5.25,637.53,163938.96,4.37,6,9,0
13347.49,36,9.4,1422.38,68913.7,7.51,22,15,1
16606.06,36,20.75,384.26,204917.49,9.72,23,27,1
6869.32,60,9.69,383.6,232260.72,36.71,6,21,0
20639.23,36,7.21,1360.52,112791.7,39.16,14,45,1
32264.06,60,23.98,980.99,59747.88,9.08,10,24,1
18219.83,60,17.45,109.06,91280.81,16.12,6,34,1
20133.93,36,6.2,1020.75,69936.39,39.26,18,17,1
34101.94,36,6.24,1235.45,66328.21,33.89,24,23,1
28536.27,36,17.24,432.71,59281.41,17.71,10,35,0
20127.72,36,15.8,592.85,221491.0,18.11,15,11,1
11050.13,60,6.37,320.58,39754.24,35.14,5,49,1
35512.14,36,9.49,961.02,115070.39,,18,8,0
23503.8,36,23.58,1006.37,23389.07,37.23,18,12,1
9624.76,36,16.44,130.75,87480.92,3.57,20,16,1
11495.67,60,13.81,1026.23,182595.09,36.06,3,20,1
32322.19,36,10.0,997.93,66652.22,2.56,7,13,1
2721.68,36,7.67,81.65,249707.82,38.76,3,13,1
39691.6,60,13.05,846.39,31108.83,0.34,21,26,0
6083.72,60,23.45,932.49,51391.24,38.6,11,32,1
32046.67,60,5.97,662.33,200982.62,2.49,13,17,1
16396.24,36,24.82,1354.94,244479.62,5.01,2,5,1
20196.43,60,9.16,512.7,239422.99,38.52,9,39,0
35345.37,60,13.18,128.75,203594.38,31.67,9,46,1
17103.54,36,5.9,1017.62,243786.91,33.59,10,28,1
21962.26,36,16.7,919.67,213382.72,17.26,21,31,1
2922.69,60,14.67,1483.92,33345.7,3.21,2,31,1
1091.55,36,18.33,370.02,214495.85,5.96,7,41,0
10547.2,36,15.85,611.38,131269.39,36.95,21,31,1
27542.74,60,12.96,707.93,125053.24,15.38,18,38,1
5729.33,36,19.76,1296.42,20581.28,30.23,22,12,1
5436.72,36,5.5,639.41,162659.15,27.61,11,38,1
17027.46,60,15.82,1165.06,174469.99,18.95,5,25,1
26265.64,60,7.28,260.71,201864.55,34.42,2,39,1
28770.81,36,13.72,632.38,94969.19,26.18,24,21,1
7959.58,60,20.82,257.82,49470.73,29.59,19,27,1
4103.94,60,7.85,1426.03,121165.57,33.48,23,12,1
37675.48,36,23.72,291.3,103326.22,8.91,19,20,1
11165.99,36,22.77,646.04,193220.65,11.73,22,35,1
34280.51,36,13.3,150.92,72770.92,30.22,19,48,1
34676.17,60,5.12,1384.43,51779.33,33.17,18,16,1
31128.38,60,20.79,947.01,121242.66,23.91,19,34,1
7584.51,36,22.62,1444.81,164437.61,39.73,9,28,1
33050.26,36,8.49,92.14,84629.45,35.12,14,35,1
31000.77,36,23.32,287.22,46319.63,32.02,10,46,1
24272.2,36,23.28,588.67,120996.77,9.81,2,16,1
14150.88,60,14.43,943.4,241231.79,13.32,17,48,1
11237.84,60,20.96,514.39,242482.33,14.43,13,26,1
5753.68,60,13.9,1076.45,182997.7,3.71,4,21,1
20880.53,60,16.28,272.74,198745.29,29.26,21,8,1
23825.17,60,11.4,912.94,66807.33,16.49,22,37,1
15014.22,60,8.19,615.01,106170.4,24.84,18,29,1
19539.0,36,19.93,777.11,159093.46,28.38,14,19,1
15177.06,60,5.03,867.36,192595.82,0.33,12,45,1
25999.24,60,16.59,118.05,58323.73,1.91,14,23,1
36149.11,60,22.29,1388.32,125254.53,13.4,6,20,1
7392.89,60,9.43,1185.55,57433.51,26.22,12,34,1
15874.94,36,11.66,680.41,165672.47,19.13,24,13,1
6493.88,36,16.75,834.78,197597.31,37.56,18,26,1
25372.81,60,9.94,77.83,211660.95,10.28,4,37,0
29425.95,36,21.95,761.98,188443.99,4.15,9,39,1
37344.6,36,12.33,656.68,56603.39,4.57,17,12,0
11876.01,36,16.63,580.49,210534.75,9.0,21,48,1
38058.24,36,9.52,1228.57,96915.2,9.45,3,43,0
3467.24,60,5.83,297.43,212226.26,15.16,20,42,1
24517.54,60,8.47,289.18,77707.14,22.56,12,45,0
3228.18,60,5.92,796.87,129411.75,9.97,24,20,1
35857.19,60,14.37,1040.1,152611.5,20.61,24,42,1
21662.55,60,16.73,62.99,27985.96,19.11,9,11,1
27104.59,36,5.89,832.39,227849.75,12.36,8,19,1
33431.38,60,6.81,469.09,137654.96,17.36,20,41,1
6862.11,60,14.71,1142.62,64169.61,15.33,3,29,0
2505.07,36,20.98,719.24,56986.74,38.0,13,13,1
35276.36,36,17.56,1256.09,177906.1,2.75,5,32,1
13282.4,60,7.09,613.55,38798.62,30.68,9,16,0
6030.18,36,22.75,1245.82,121159.0,12.38,19,48,1
19269.99,60,23.35,1083.27,144263.59,7.42,13,46,1
24333.94,36,11.5,1247.54,73620.15,34.83,9,20,1
2207.85,60,17.32,1224.26,49715.97,18.78,16,24,1
11720.93,60,14.85,744.96,132862.5,20.41,11,48,0
2279.2,60,23.84,571.09,98275.39,16.63,7,32,1
17393.08,60,15.17,1154.76,52255.57,16.18,8,8,1
35908.9,36,24.2,561.44,68385.93,27.71,24,48,1
39323.44,60,8.99,161.41,,30.38,20,22,1
25844.85,60,11.91,1292.5,50601.59,31.56,18,21,1
7303.87,60,20.63,613.88,235307.45,21.01,14,38,1
36328.13,60,20.67,224.93,198354.84,28.08,7,14,1
21133.67,36,19.64,980.32,94878.3,31.1,7,34,1
6996.22,36,22.19,1337.97,79421.83,27.33,24,36,1
36947.34,60,19.05,1295.62,221087.97,7.75,10,33,1
30541.29,60,17.72,845.04,118193.45,28.47,12,17,1
29536.51,36,14.18,159.46,218425.1,25.93,24,13,0
28658.05,60,14.34,1054.01,190764.97,3.85,12,10,1
8813.25,60,13.12,924.98,41187.14,25.85,14,24,0
9229.26,36,17.4,338.92,207128.91,35.0,20,27,1
27843.43,36,13.13,1353.79,144172.64,16.53,16,8,1
9569.19,36,7.95,157.4,175848.03,5.34,8,15,1
18108.2,60,7.13,578.37,70371.03,24.43,22,37,0
31498.07,60,23.49,168.96,20062.23,9.56,16,24,1
31574.15,60,5.49,1370.56,96748.26,21.8,17,28,1
18677.21,60,7.11,82.01,63844.29,26.77,15,6,1
31895.41,36,13.91,655.87,,20.41,8,15,1
33706.25,36,10.26,1296.81,40906.5,12.34,16,44,1
26536.25,36,13.12,399.53,225860.65,34.28,24,24,0
9908.61,36,7.35,184.37,47306.49,5.44,17,37,1
11686.46,60,7.62,216.7,195762.53,1.71,14,6,1
13278.81,60,21.01,625.25,236044.64,33.15,13,43,1
5555.36,36,20.18,660.02,54092.55,1.37,22,23,0
11653.23,60,7.09,1085.57,99689.66,19.49,7,17,0
9171.25,36,18.36,379.76,188144.37,21.51,16,17,1
18757.82,36,17.19,1061.7,184326.28,,17,9,1
36429.06,60,19.27,1498.49,28600.86,11.03,12,38,0
5074.73,60,14.49,1300.45,36259.63,29.61,24,42,1
29090.45,60,10.4,964.29,47632.12,14.65,14,32,1
27804.04,60,18.27,1411.67,150645.03,4.95,20,13,1
4734.41,60,12.43,1486.93,32659.91,18.53,6,7,0
36980.32,60,9.38,868.3,155334.29,29.05,10,27,1
23170.42,60,13.17,432.24,98766.26,12.32,2,45,1
15185.3,60,20.27,1375.03,173964.4,5.28,23,15,0
30505.0,36,14.52,1270.97,199869.74,13.64,5,32,1
11037.25,36,11.0,154.38,202021.84,21.82,2,19,1
28046.88,60,21.64,1406.47,28656.01,4.07,2,38,1
2548.74,60,22.63,568.34,237854.93,9.38,20,25,1
33736.91,36,13.67,503.47,154928.65,38.83,11,44,1
18478.66,36,12.49,534.61,226010.79,8.17,15,13,1
25831.02,36,17.25,500.43,161483.39,2.54,22,22,1
9628.27,36,6.16,788.56,131346.92,17.29,16,19,1
27405.87,60,18.83,882.27,187837.58,2.95,17,44,1
31117.37,36,20.65,655.68,70466.89,0.54,14,46,1
19455.31,36,12.95,636.49,43742.03,0.62,21,39,0
25091.35,36,8.49,1113.85,40814.59,11.86,10,48,1
18796.71,36,5.58,34.45,215301.3,2.95,5,14,0
35869.56,60,17.74,1421.92,229862.3,7.72,20,11,0
20416.9,36,10.38,1080.22,207315.22,25.93,14,27,1
33830.54,60,14.28,1069.66,228019.74,11.53,17,44,1
32252.73,60,12.73,650.29,246498.42,23.02,14,37,1
17009.69,60,8.5,1449.71,140993.54,16.45,13,17,1
9973.3,60,15.17,30.48,55392.53,35.39,15,5,1
16837.2,60,14.19,142.43,159823.1,27.86,10,21,1
33222.48,36,17.48,1211.97,101395.45,34.1,8,26,1
9877.67,60,10.04,1115.89,,20.76,21,27,0
21453.02,36,9.29,428.89,187395.87,31.25,13,48,1
32437.77,36,21.29,904.3,40849.66,24.62,3,31,1
14785.62,60,19.04,812.12,28632.25,29.76,23,7,1
26046.18,60,20.44,804.86,179913.13,27.38,12,49,0
10579.63,36,7.47,905.48,79967.85,12.02,18,25,0
5261.9,60,9.48,1490.79,108665.27,5.02,4,23,0
31980.98,60,16.51,1481.4,,32.26,24,35,0
4859.78,60,22.14,1473.07,161413.48,3.09,9,22,1
11583.87,36,22.84,836.57,55538.57,24.21,8,39,0
34349.27,36,21.64,497.6,185735.25,39.55,17,42,1
14512.3,60,5.87,853.36,232733.2,7.31,14,31,1
38948.77,60,21.42,945.35,212305.0,29.74,6,39,1
39209.64,60,22.98,487.81,,38.13,3,35,0
11462.76,36,6.13,960.18,235526.3,19.82,22,37,1
2598.15,60,13.33,944.33,105636.86,22.92,8,24,1
28497.47,60,15.73,1358.1,203020.24,14.71,7,29,1
18588.47,60,9.66,379.28,133809.89,17.67,18,24,0
4929.36,60,15.33,1055.49,82047.83,25.2,23,17,1
28593.39,36,22.72,692.62,191782.87,34.86,4,27,1
2215.82,60,22.34,220.98,76149.57,38.09,4,32,1
34937.67,60,23.8,494.79,45212.72,21.73,17,24,1
6407.45,36,14.68,114.2,182062.5,31.29,23,25,1
5965.16,60,13.21,499.42,86137.65,29.46,17,42,0
7851.22,60,18.32,131.45,90361.32,9.88,8,7,1
38450.39,36,13.34,1390.4,222658.25,18.47,21,26,0
28033.61,60,5.84,179.57,51174.02,27.34,14,47,1
32253.49,36,19.4,1231.49,195914.58,5.16,8,38,1
16507.76,60,10.62,1362.01,108828.88,35.36,4,14,0
14116.2,60,5.98,717.48,225392.38,16.1,20,21,1
10144.88,60,5.41,109.27,121279.17,18.14,14,23,1
19745.27,36,23.63,905.8,114075.26,34.79,21,9,1
22521.32,60,10.04,375.11,118869.21,6.89,19,9,0
25639.22,36,13.96,289.69,212668.8,1.42,8,38,0
11027.62,36,24.01,863.14,22417.35,11.44,6,37,1
37997.51,36,14.35,553.88,182118.49,6.01,10,19,0
7620.58,36,6.57,1103.66,67205.27,39.42,18,6,1
38660.47,36,16.04,899.14,222888.87,22.65,17,40,1
1579.39,36,6.76,1249.13,106463.13,22.58,14,26,0
19763.9,60,6.9,115.83,97959.78,31.76,13,10,1
14001.35,60,22.03,375.33,183903.61,10.34,11,31,0
18515.81,60,10.79,863.47,186163.27,20.91,19,46,0
23255.92,60,18.57,1324.23,165753.53,5.69,21,42,1
17987.98,36,15.18,1225.74,95855.89,3.74,6,33,1
17179.03,60,9.45,1028.91,160381.2,17.59,8,20,1
29576.21,60,15.36,873.89,32481.16,36.52,22,39,0
27749.17,36,6.38,958.25,239691.36,17.64,2,45,1
33497.58,60,11.94,344.0,124123.72,18.07,21,46,0
10748.4,36,15.46,904.93,90029.88,34.6,22,10,1
24771.61,60,9.57,755.83,217979.17,11.44,16,38,1
23822.6,60,18.2,595.12,94559.56,19.59,13,47,1
15419.77,36,6.04,1334.96,249349.89,6.58,3,45,1
19956.24,60,14.7,1249.24,,33.85,18,38,1
13237.5,60,19.3,142.8,169402.95,1.49,15,29,1
6531.93,60,13.6,1479.02,54927.01,16.52,19,32,0
9338.25,60,22.49,368.08,160268.42,11.06,17,42,1
5115.03,36,17.64,346.55,55678.73,10.29,21,46,0
27639.71,60,24.17,1417.41,200228.96,9.77,17,17,1
26768.37,36,10.68,683.86,51832.55,14.78,4,17,1
38073.65,36,23.78,1213.89,,36.06,15,43,1
29457.46,60,17.14,453.66,129648.54,28.35,9,39,1
3029.79,36,19.9,1313.56,205194.52,35.58,5,7,1
35485.56,60,23.04,1253.49,165534.85,7.86,5,40,1
34644.33,36,16.02,793.63,192032.49,33.97,22,33,0
18289.49,36,22.24,1066.43,76114.05,17.19,2,26,1
23848.66,36,15.83,1447.12,74570.59,39.24,2,11,0
39067.05,36,16.98,694.51,107542.59,23.75,17,9,1
21759.87,60,13.9,756.48,24296.6,19.49,14,47,1
36307.55,60,7.91,1092.52,211061.95,37.01,15,42,0
4238.51,60,16.07,598.05,105092.79,15.25,22,14,0
8451.02,60,24.55,1443.01,35537.34,29.95,23,5,0
18189.44,36,20.74,89.44,220609.56,18.93,16,12,1
23805.52,60,19.95,622.97,242600.07,29.34,4,26,0
32832.89,60,17.87,1079.36,168714.44,11.03,5,26,1
39542.22,60,11.96,661.19,102015.3,16.27,16,19,1
16165.21,36,8.39,411.1,115164.11,13.81,9,43,1
2849.21,36,9.49,637.78,78915.8,34.75,6,34,1
32245.69,36,5.13,1325.83,,37.14,19,22,1
24570.85,36,18.47,834.1,101896.58,29.42,23,10,1
8743.17,36,21.24,522.61,27471.27,32.86,15,16,1
20298.31,60,10.38,1017.14,30617.3,14.16,22,43,0
29950.1,36,6.84,929.41,161392.4,6.03,14,6,1
31046.06,60,11.71,853.86,,27.46,22,10,0
20485.12,36,10.84,605.0,58776.08,25.49,14,26,1
12903.37,36,14.02,136.13,,10.55,12,48,1
38975.96,36,10.28,942.48,84040.39,36.5,22,8,1
26871.14,36,11.79,647.09,36867.12,14.3,7,19,1
16921.26,36,23.15,660.28,64523.95,32.61,9,41,1
11938.07,36,11.7,374.1,198918.55,5.16,17,37,1
29513.02,60,20.71,396.65,215962.64,11.47,9,34,1
10445.15,36,17.52,1187.57,220593.95,24.58,2,45,0
7696.69,36,11.75,734.67,143011.56,9.68,21,22,1
21663.52,60,21.36,190.67,238718.76,38.26,10,44,1
12309.51,36,16.9,97.4,54883.83,22.06,15,18,1
25527.3,36,5.17,360.33,176021.92,29.26,13,47,1
5599.61,60,6.37,746.54,181980.16,22.46,23,47,0
26542.7,60,20.05,937.36,32232.64,16.27,6,24,0
12048.56,36,13.93,241.21,84962.96,32.89,22,40,0
1009.47,36,13.11,667.77,238281.07,0.91,15,25,1
5950.51,36,7.92,136.65,194576.65,17.07,15,41,1
37411.0,36,8.15,85.46,32579.6,35.24,21,32,1
34826.83,36,20.96,1299.12,144382.58,3.41,6,21,1
10110.75,36,21.58,997.75,169183.1,8.3,19,39,1
31356.5,60,16.2,1178.21,243809.18,38.42,10,22,1
24734.29,60,10.9,297.36,184779.85,38.36,20,30,1
38865.28,60,23.65,503.57,166890.41,15.38,2,44,1
15570.62,60,17.48,682.37,228961.32,30.09,3,34,1
27576.96,36,20.93,997.31,172015.57,25.03,22,7,1
3477.89,60,5.07,816.22,234388.07,19.72,13,36,1
16453.65,36,14.01,840.64,133338.52,32.56,11,49,1
38588.89,36,22.42,260.71,185269.96,,22,19,1
22020.25,60,11.76,727.94,165303.57,3.64,20,9,1
12227.3,36,19.53,1240.98,147080.99,33.58,23,30,1
5690.57,60,18.15,778.91,94541.76,10.98,21,36,1
28437.61,60,8.04,323.62,227869.04,25.32,3,44,1
26149.39,60,20.5,637.69,82110.27,31.02,5,28,1
15583.61,60,7.25,1139.57,56659.57,35.91,22,49,1
38086.71,60,19.56,228.44,183771.53,37.01,7,25,1
1865.91,36,24.82,883.28,145707.15,37.03,18,47,1
12845.23,60,24.16,1449.01,80457.95,26.29,24,13,1
36921.71,36,21.0,589.04,220170.76,24.97,2,30,1
13516.48,36,15.69,94.15,85827.63,0.59,21,27,1
10837.86,36,18.5,960.66,34669.88,3.38,11,30,1
21834.6,36,19.56,99.24,23534.34,15.7,5,33,1
33128.27,60,5.17,311.66,232256.65,31.71,2,48,1
5022.72,36,7.05,101.14,112500.96,23.68,17,16,1
37777.81,60,16.94,280.86,69102.45,9.41,20,25,1
32007.84,36,5.13,1286.75,,4.92,16,8,1
8068.76,60,23.18,1110.23,132213.7,18.73,5,41,1
28768.31,60,14.79,532.52,249963.81,36.52,2,10,1
16013.39,60,10.16,1348.79,224356.14,2.13,18,23,0
16689.49,60,12.88,1007.82,82353.53,18.51,20,41,1
31548.31,60,22.02,688.19,180473.18,2.36,22,9,1
38548.61,36,23.54,130.45,109050.18,10.0,15,33,0
5939.58,36,7.32,1104.16,103820.66,38.15,10,23,1
17404.58,36,20.56,582.02,104434.69,4.19,16,12,1
19756.72,36,16.56,475.16,167028.69,2.03,14,11,1
15676.16,60,16.71,453.76,143736.29,3.49,10,17,1
15164.38,36,20.59,41.33,193661.48,27.67,19,32,1
3038.48,36,9.46,1121.69,55186.74,0.49,14,34,1
27736.01,36,15.62,243.61,117848.22,15.75,12,46,1
18012.36,36,11.39,795.35,217874.3,38.13,6,38,0
8596.96,36,6.89,53.64,20727.81,2.75,20,23,1
32825.31,60,7.1,952.99,163403.22,37.28,7,19,1
32299.87,60,7.73,573.15,200719.51,4.7,4,9,0
19969.27,36,17.3,957.2,108286.53,5.11,17,9,1
12639.58,60,7.12,162.15,223231.68,24.19,19,17,0
25885.62,36,16.4,421.51,189209.09,9.76,11,44,1
12237.93,60,16.77,192.15,159391.08,0.12,4,42,1
10204.31,60,23.08,979.72,65614.17,29.98,3,42,1
29490.07,36,17.53,189.57,174123.91,14.83,2,16,1
2572.68,60,24.71,937.14,211766.38,36.33,17,46,1
4695.97,36,5.62,227.99,187879.08,11.12,17,5,1
1264.74,36,19.08,1416.73,152217.08,26.77,24,37,1
6964.78,60,5.53,642.08,184352.67,13.06,23,25,1
3690.61,60,19.59,216.09,,5.93,5,8,1
39836.29,60,12.72,91.46,22485.0,38.99,14,5,1
12263.59,60,17.23,514.25,172703.58,23.53,20,39,0
6821.45,36,11.19,1340.34,202388.29,33.59,7,46,1
10398.85,36,8.18,241.41,166945.05,10.01,17,28,0
37508.9,36,19.47,1192.52,82811.18,15.73,5,25,1
21286.25,36,23.09,643.54,209234.2,19.08,7,41,1
15227.91,36,8.67,1210.3,230058.8,25.19,8,22,0
35062.27,36,23.41,1315.21,177206.09,15.79,20,48,1
16404.62,60,7.8,1496.79,137535.57,9.9,21,7,1
14065.33,36,19.71,130.25,104253.8,7.6,15,33,1
9084.02,36,24.19,1200.56,95913.05,23.97,14,6,1
15734.08,60,7.95,132.44,186342.36,9.91,23,28,1
13350.69,60,13.7,492.75,159638.38,15.86,19,10,1
27414.85,36,11.75,979.96,56075.63,1.39,20,30,1
12293.73,36,12.77,687.51,52452.23,10.26,4,38,1
23510.79,60,20.06,860.93,36352.82,19.32,6,45,1
3569.79,36,18.22,1450.3,177207.74,31.84,11,27,1
8460.28,60,24.37,1233.43,92303.81,14.92,8,43,1
16888.81,60,8.71,564.59,24655.77,11.81,16,47,1
37541.02,60,15.87,911.92,97669.33,20.64,24,46,1
15712.83,36,13.98,101.27,211386.83,1.99,19,38,1
26898.89,36,23.38,695.76,76962.38,14.16,15,42,0
10948.4,60,5.21,924.34,165716.36,5.41,19,46,1
5954.31,60,24.78,1080.63,121124.37,10.14,10,24,1
3282.93,36,14.59,1355.23,146246.05,15.63,5,33,0
12911.13,36,17.51,446.1,157027.72,2.32,23,36,1
7148.78,36,12.2,1356.19,124606.53,31.89,16,24,0
7786.41,60,22.05,1002.43,33306.84,10.99,24,12,1
30669.61,60,16.24,144.14,150569.95,9.31,2,28,1
1617.68,60,18.26,589.09,111430.71,13.74,16,11,1
22754.59,36,17.98,730.59,65972.38,14.71,12,30,1
15798.99,60,12.28,548.16,226196.89,32.51,2,22,1
20755.45,60,6.52,200.43,189295.45,11.39,15,42,1
22950.38,60,21.15,840.83,85335.7,18.42,16,45,1
13221.34,36,10.79,223.68,143960.15,19.93,18,16,0
12509.25,60,21.98,1375.09,241516.03,12.22,3,28,1
29602.67,60,17.17,1301.92,76456.16,31.33,19,12,1
34979.8,36,12.07,728.57,237898.43,24.96,21,13,1
8510.68,60,16.88,129.59,177173.11,28.84,19,13,1
4807.13,36,17.91,841.74,144392.43,2.18,23,23,0
36014.04,36,19.13,900.59,246137.77,32.78,14,20,1
14645.92,60,21.45,1335.98,96753.04,9.62,8,38,1
22501.38,36,8.2,129.25,,3.67,2,5,1
15022.18,60,23.88,1047.39,98106.45,26.44,3,24,1
5906.29,36,13.22,857.32,192697.43,8.72,24,32,1
23983.93,60,22.21,286.92,97511.51,16.26,20,32,1
21480.49,36,9.41,208.95,43635.34,28.32,17,25,1
8916.75,36,5.58,1050.11,168191.78,4.11,6,42,1
18622.89,36,16.47,529.54,71286.23,5.11,3,15,1
32080.95,60,11.49,1499.91,20957.51,26.6,14,28,1
24026.62,60,24.69,1344.18,65806.21,17.98,20,16,0
4779.78,60,7.09,861.6,208403.45,8.85,12,30,1
22372.84,36,5.95,973.35,236257.06,20.63,23,42,1
28406.79,36,5.9,263.56,172249.14,24.75,16,13,1
31915.43,60,9.34,1344.19,91412.65,16.2,15,8,0
25535.59,60,16.58,704.63,120394.39,6.92,24,8,1
6953.67,36,15.11,796.39,64746.21,25.9,5,19,0
28696.76,36,12.0,1313.5,222578.92,4.85,14,40,1
27416.33,36,6.78,39.19,173083.76,26.14,9,14,1
1952.65,60,9.67,756.69,39414.9,10.83,16,32,1
17058.16,36,8.68,951.35,104394.75,0.06,3,43,1
13985.06,60,19.91,264.19,143745.2,18.63,21,14,0
27107.07,36,20.6,130.4,203385.92,12.4,22,46,0
9429.3,60,20.54,816.35,231716.06,9.18,4,20,1
24044.0,36,24.38,834.87,50514.89,19.94,5,18,1
36615.03,36,22.68,515.47,211947.78,13.47,6,8,0
32114.29,60,14.96,1326.88,35130.27,11.8,6,40,1
36936.85,36,13.3,472.59,75312.81,30.5,14,43,1
39161.73,36,23.32,789.22,24832.83,3.32,21,46,1
1416.13,36,17.22,304.47,34680.53,15.91,13,46,1
25286.91,60,10.89,46.41,27456.64,9.87,24,12,1
17100.74,36,16.29,656.26,53581.81,11.41,3,27,1
34534.33,60,24.84,804.61,221601.46,17.67,17,42,1
10820.77,36,21.99,1154.08,85280.12,36.91,22,45,1
39260.15,36,10.63,689.69,130334.53,26.37,4,20,1
24934.61,60,24.06,439.74,132036.76,7.72,21,31,1
31947.96,60,24.63,918.23,248910.47,22.9,4,49,1
4338.38,60,9.62,590.33,103874.77,6.15,12,28,0
8154.86,60,22.91,373.13,80972.85,35.41,7,26,1
30577.74,60,22.66,1368.21,241546.28,16.95,15,31,1
1857.47,60,5.8,818.94,156280.9,37.99,5,28,1
32858.24,36,18.39,324.7,86580.73,26.49,3,15,1
1544.01,36,11.11,1016.24,86121.77,33.34,16,20,1
26627.63,36,18.49,1210.52,39863.42,7.17,9,32,0
15238.66,36,23.27,1145.04,148079.79,34.2,13,15,1
24848.3,60,14.98,911.32,186448.21,7.58,15,24,1
28145.22,36,13.29,793.84,129184.17,39.05,19,37,1
14356.53,36,23.43,1172.67,223420.48,11.2,15,11,0
5210.54,36,24.48,1070.94,,27.36,5,14,1
3716.19,60,6.24,870.07,99662.42,21.86,19,43,0
23968.5,60,23.46,996.85,,19.14,14,49,0
21305.56,36,6.66,277.88,75957.47,17.15,18,25,0
29945.84,60,11.75,59.3,92798.21,15.35,2,46,1
20879.68,36,20.25,1398.77,248154.23,12.13,17,7,1
17475.39,60,20.54,1404.87,102990.1,23.89,8,9,1
16525.4,36,19.52,1188.32,140657.98,39.37,24,42,0
2031.43,60,5.78,577.29,83175.28,26.89,9,5,1
14086.73,36,7.66,251.6,,30.28,20,40,1
39064.79,36,23.72,555.28,168541.69,26.17,15,16,1
35068.67,60,6.63,1097.56,145400.61,20.63,21,35,1
13845.74,60,6.57,522.74,,32.68,20,45,1
23924.02,60,21.71,1199.99,223040.99,12.93,19,30,0
34044.57,60,17.83,1019.33,136773.28,10.93,23,38,1
18209.7,36,12.03,956.07,97123.55,15.35,20,49,0
1700.36,36,8.31,1397.45,199252.58,23.15,15,43,1
3905.91,36,22.68,1343.32,45780.75,0.0,5,49,1
20905.32,36,24.77,1076.15,128969.44,33.41,18,20,1
38808.14,36,6.0,322.89,146217.67,12.13,12,28,1
28035.17,36,16.08,1410.22,198278.75,24.03,19,47,0
3765.73,36,10.23,363.87,105156.26,2.1,14,40,1
8385.07,36,21.65,577.7,216641.72,17.27,10,9,1
31081.6,60,11.92,1245.37,180464.77,2.72,8,5,1
33816.15,36,19.29,336.73,197347.33,0.45,8,46,1
25090.09,60,15.79,968.75,242887.86,31.53,2,25,1
26132.5,60,15.83,703.02,214293.32,16.19,3,14,1
2105.16,60,22.16,947.33,99761.32,32.59,22,12,1
33312.68,60,14.41,1438.33,168536.54,13.49,12,24,1
31742.73,36,21.91,1218.3,219780.67,25.91,4,39,1
11102.37,60,12.27,464.86,140777.96,3.77,9,34,1
28638.39,36,8.5,114.19,177043.97,7.62,12,22,1
9379.33,36,14.11,1451.56,59620.07,18.85,5,49,0
2572.88,60,14.97,890.2,207660.28,17.62,23,49,1
8844.33,36,14.57,284.46,194215.95,7.77,22,32,1
7966.53,36,21.17,951.85,224445.59,34.83,24,31,0
14172.17,60,16.29,92.06,,11.37,19,34,1
17319.53,60,22.77,305.66,221687.14,17.09,5,41,1
20833.02,36,15.28,959.97,57309.7,13.49,16,39,0
19593.4,36,9.49,621.64,207138.89,39.82,19,23,1
11556.31,36,7.59,507.88,239182.47,13.87,21,46,0
2137.66,36,22.37,993.58,,10.58,10,45,0
24598.96,60,6.12,1303.61,161502.42,36.27,10,42,1
16434.05,60,7.35,1027.53,233095.02,6.3,16,8,1
12648.21,60,6.27,711.26,41731.86,36.73,7,7,1
34810.7,60,13.47,998.53,23878.86,22.74,7,14,0
30122.99,36,15.65,1052.61,242023.65,8.93,3,15,0
34452.86,60,5.4,1169.32,177091.19,10.08,13,49,1
20304.33,36,15.31,481.36,46258.29,28.44,20,32,1
6106.32,36,12.88,198.22,98202.83,1.57,18,44,1
28152.64,60,20.47,1032.36,192224.48,28.62,17,8,1
9036.88,36,21.6,207.99,192589.14,12.4,14,43,1
18207.96,36,18.7,709.16,59098.05,32.33,3,7,1
3535.03,36,14.47,369.13,128133.96,5.0,23,38,1
33187.03,60,9.32,518.14,205681.55,9.97,5,25,0
5911.69,36,21.94,721.82,242363.37,17.56,11,29,1
36220.8,36,11.83,1347.38,163190.09,35.17,20,49,1
34704.99,36,12.13,1030.22,166770.67,11.36,15,7,1
19118.73,36,23.32,282.31,127950.34,33.75,6,21,1
30030.36,60,24.51,1322.79,143983.34,4.08,12,21,1
25158.36,60,22.96,765.8,42754.72,6.94,13,27,0
32319.95,36,24.96,330.25,100405.26,6.32,10,21,1
17840.4,36,22.38,805.33,136677.55,24.52,6,25,0
31646.53,36,19.09,310.66,83245.68,15.55,16,19,1
19035.82,60,10.88,569.97,102760.68,34.54,23,22,1
37697.67,60,24.06,1214.12,243375.23,19.43,6,27,1
19968.51,36,22.53,998.16,21196.56,33.52,10,21,0
19042.15,36,9.81,732.57,89607.99,9.61,16,17,0
31617.8,60,14.78,362.87,154309.42,37.25,24,19,1
33041.53,36,6.4,444.79,84162.38,25.4,6,47,1
22625.08,60,24.07,1468.01,175586.69,20.23,13,23,1
8012.11,36,16.46,534.12,88833.27,24.35,24,16,1
19242.57,36,9.9,935.71,,36.68,19,29,1
38754.83,36,10.85,764.63,215468.4,13.7,8,14,1
30366.46,36,24.61,63.96,171488.11,9.83,19,17,1
32635.34,60,17.31,1418.67,31473.44,9.82,4,6,0
2280.19,60,13.41,159.26,202899.08,38.91,14,22,0
19246.52,60,15.0,998.3,68944.32,13.5,22,38,1
26218.22,36,6.97,1222.21,166002.08,35.36,19,38,1
33371.27,36,6.5,1130.64,168748.75,5.5,11,25,1
2921.67,60,16.85,1219.6,204859.53,17.22,8,47,0
34245.12,60,15.24,1117.39,136339.32,24.77,19,13,0
22387.64,36,12.18,684.99,,38.54,20,23,1
8695.24,60,16.32,1347.52,139146.49,27.09,2,14,0
13372.95,36,6.45,1371.29,,0.08,10,38,1
11995.25,60,23.88,672.32,208953.77,30.41,22,18,0
21703.5,36,10.87,742.62,67166.33,25.99,17,12,0
3015.74,36,6.44,743.9,214771.39,7.41,18,41,1
7182.91,60,8.39,439.99,104112.75,24.82,19,37,1
32695.03,60,6.91,198.96,191088.33,37.03,10,38,1
6171.56,36,8.57,415.11,97213.89,0.18,15,20,0
10102.45,36,13.34,1270.83,183043.63,38.98,18,17,1
18681.45,60,19.76,828.29,203811.24,11.85,11,43,1
21167.71,36,10.45,1279.79,148355.06,24.3,11,31,1
30780.81,60,13.72,1125.39,162495.26,11.1,23,43,1
18445.96,36,23.58,542.46,182784.93,29.24,22,37,1
31804.72,60,10.92,302.41,178338.29,20.63,20,37,0
25115.51,36,20.89,863.81,187305.58,10.52,21,8,1
5410.89,36,8.16,1405.71,215425.33,20.14,11,41,1
7096.93,36,8.57,1263.94,70718.78,14.07,23,29,0
18044.32,36,14.12,1152.84,69388.25,9.99,14,15,1
16478.69,36,9.68,1153.34,243256.96,23.71,13,15,1
29998.23,36,23.06,805.8,215803.75,25.53,13,26,0
23648.75,36,6.02,279.2,156092.18,5.62,9,18,0
16137.19,60,16.95,449.75,21881.12,37.17,5,43,1
7659.65,60,17.08,879.5,216594.39,0.27,22,6,1
9846.65,36,6.32,495.04,192867.21,11.08,4,38,1
23444.54,60,19.65,1178.9,239966.52,13.73,16,15,1
17514.11,60,14.38,578.63,23027.22,2.66,14,49,1
21082.17,36,19.46,197.43,26560.92,3.6,8,9,1
7656.42,60,21.54,1180.34,139013.62,33.9,9,31,1
26853.34,36,11.46,1056.25,216891.32,14.47,19,22,1
34249.01,60,14.69,402.14,248002.77,14.61,2,36,1
11059.64,60,10.22,1472.24,93605.8,27.54,13,7,1
20169.05,60,9.03,622.69,28363.65,28.97,11,27,1
39045.57,36,5.01,1030.28,64966.85,28.3,15,12,1
13996.43,60,24.27,1368.36,221712.38,18.76,19,14,1
24206.81,36,13.82,259.31,127283.59,28.27,12,11,1
4517.63,36,5.26,1322.16,216260.6,36.96,6,32,1
24634.59,60,5.18,1064.75,122098.91,5.39,10,42,1
4495.64,36,10.77,276.32,32279.66,22.99,24,28,1
38410.18,36,5.28,1006.83,162042.3,35.15,21,28,1
28910.84,60,12.49,1315.63,120206.51,38.63,13,28,1
31738.23,36,6.26,1204.55,133011.24,3.52,17,33,1
28460.07,60,5.79,1148.09,238263.27,37.99,12,28,1
23999.43,60,18.39,267.16,125127.25,29.06,4,43,1
18546.6,36,23.14,310.22,203201.32,28.99,21,7,1
34476.56,60,13.19,835.14,33549.89,5.9,16,40,1
38316.59,60,21.74,882.81,130178.96,23.03,9,42,1
20462.41,36,5.59,1417.13,154939.81,14.34,7,30,1
37329.87,36,20.55,718.96,46043.15,23.42,13,19,1
23749.98,36,6.26,474.68,89513.66,29.5,21,8,1
21996.98,36,21.77,310.44,190106.54,7.34,4,16,1
18724.83,60,22.65,109.63,62298.53,6.12,9,9,1
9162.22,60,20.72,130.92,49543.82,14.27,19,22,1
1145.07,60,21.41,874.03,88833.37,25.69,9,8,1
10418.74,60,16.23,289.11,217561.19,26.95,22,7,0
20879.2,60,10.3,1281.88,,24.35,10,42,1
15818.44,36,17.86,906.81,,,17,21,0
18490.92,60,13.79,1301.38,94165.23,29.39,11,29,1
39245.28,60,5.11,658.37,42755.98,,16,27,1
14660.62,60,14.54,905.79,27349.13,19.3,9,13,1
18635.13,60,18.02,802.38,154825.64,31.91,16,45,1
6207.11,36,5.28,1480.41,181525.69,35.36,20,8,1
2870.35,36,17.43,1201.33,106914.96,33.96,5,26,1
31240.97,36,18.05,905.24,141638.21,19.85,13,43,0
23256.64,60,8.16,921.68,84170.89,23.17,10,33,0
30667.49,60,13.62,395.74,103789.51,31.45,7,16,1
6844.65,60,24.29,1110.09,187857.71,23.17,16,34,1
23301.32,36,22.68,1474.76,185190.65,8.99,20,22,1
10892.06,60,13.22,220.26,26461.09,35.47,2,20,1
9894.41,36,12.0,966.77,237173.26,19.73,10,43,1
1449.51,60,7.48,791.29,81872.74,39.28,12,34,1
6083.29,36,5.7,1280.1,228744.9,22.13,13,49,1
13061.46,36,10.95,30.07,137736.27,15.48,19,47,1
5558.27,60,23.81,230.78,134811.86,8.53,13,25,1
39448.48,60,24.17,84.5,123641.03,13.8,22,26,1
13036.67,36,21.25,269.51,232158.3,8.82,17,29,1
6082.63,36,12.02,1070.67,67864.84,36.87,15,34,1
8764.21,36,7.87,235.32,160678.39,24.02,4,10,1
23920.43,36,16.91,944.83,93089.77,32.81,2,49,1
3497.7,36,17.93,1306.26,230504.88,8.33,22,33,1
34634.93,60,13.49,80.9,58948.32,2.48,8,11,0
38498.49,36,18.83,69.38,175523.65,16.76,19,33,1
10623.15,60,19.93,1485.08,117004.44,37.45,3,39,1
18553.72,60,20.66,1019.71,172081.26,4.52,12,13,1
1863.24,60,15.05,236.82,56249.73,31.54,4,21,1
25987.7,60,20.83,480.84,110541.59,2.37,11,25,0
17143.12,60,5.51,1477.96,44670.38,6.61,14,25,1
11532.28,36,18.61,364.01,242818.71,29.2,23,21,1
9066.65,60,9.71,1136.66,69218.25,8.44,20,23,1
26506.9,36,10.41,384.54,248442.01,0.88,20,29,1
17232.46,60,6.83,615.75,116254.58,8.78,11,37,1
8006.71,36,8.85,1324.64,36456.3,29.31,24,33,1
27875.25,60,24.84,71.81,24042.29,21.29,14,29,1
23037.82,36,13.31,481.64,157759.97,21.89,4,34,0
34488.21,36,23.56,746.17,161387.82,16.42,3,11,1
5581.56,36,8.26,949.48,140702.43,5.83,22,38,1
31641.0,60,9.08,71.52,35271.81,8.62,9,33,1
27267.15,36,16.16,633.69,96246.0,7.41,17,45,1
5485.43,60,11.99,536.1,102586.29,28.29,18,13,0
28098.01,60,17.88,69.49,182107.85,33.88,18,37,1
18220.34,36,13.44,552.39,116336.59,9.5,18,41,1
37854.41,60,21.23,1399.58,151782.44,6.9,21,9,1
6522.84,60,13.63,433.7,85855.98,10.07,9,41,1
26070.5,60,16.45,890.82,186975.8,37.55,7,34,1
15897.22,60,11.42,468.2,30756.16,8.54,24,19,0
38315.77,36,19.08,186.8,247355.98,27.6,9,39,1
13869.02,60,18.09,455.89,167543.3,4.67,24,36,1
38525.25,36,12.94,722.02,54238.07,26.41,3,37,1
36157.95,60,10.52,465.43,185022.89,9.78,23,19,1
11544.95,36,17.28,947.53,200908.15,33.49,21,26,0
32338.13,36,23.86,1425.16,201377.08,0.93,18,5,0
39828.56,60,7.65,131.83,82268.4,20.01,13,38,1
10853.86,60,20.98,1084.0,240486.67,26.53,2,41,1
18034.31,60,15.86,31.85,24079.71,29.74,6,14,1
21287.05,60,15.51,31.5,107363.07,36.01,20,8,1
12502.31,60,24.23,225.39,43970.18,25.03,14,21,0
1595.33,36,17.12,735.5,108517.66,5.14,21,7,1
9585.04,36,21.61,100.57,33161.75,28.94,2,48,1
11995.54,36,15.29,1091.56,168345.34,21.12,24,5,1
18300.39,60,10.0,73.04,34366.07,3.98,11,24,0
7673.0,60,18.89,758.28,161644.76,5.61,23,20,0
35056.92,60,23.46,1023.86,73839.38,33.13,5,24,1
28491.53,36,21.82,379.2,61204.01,22.62,24,9,1
4322.82,60,8.97,881.57,99810.2,6.31,12,43,1
26353.61,36,11.34,414.82,167421.04,31.54,21,47,1
26492.6,36,15.34,344.72,152986.11,23.46,7,15,0
38292.63,60,16.43,1233.03,176508.47,6.7,4,28,1
1117.81,36,8.88,519.38,231365.63,17.99,6,14,0
10669.37,36,9.6,1226.55,66759.73,37.16,13,41,1
37183.87,36,20.18,348.86,115072.14,30.06,2,20,1
37353.22,60,19.61,553.12,81138.74,15.47,14,18,1
29102.87,36,21.78,180.91,154860.04,0.21,12,13,1
30864.77,60,23.66,759.86,85182.18,9.04,15,35,1
4567.84,60,11.17,590.94,148343.84,7.23,15,28,1
21041.16,36,22.19,38.76,209327.67,15.11,23,41,1
10031.74,60,18.32,713.34,146717.46,35.3,15,14,1
8067.5,36,24.16,139.39,212769.7,7.2,4,27,1
32601.83,60,10.44,1260.33,160610.55,,15,7,1
6266.49,60,10.39,755.73,220168.96,5.25,2,6,1
19277.41,60,19.09,1044.37,233995.93,17.85,10,30,0
37604.55,60,23.57,1237.07,136796.96,2.7,23,43,0
8247.45,60,21.49,105.23,201848.58,22.26,10,9,1
39141.74,60,19.54,525.68,127827.55,10.96,20,44,1
39777.23,60,12.75,66.92,182194.57,15.0,7,25,1
22669.07,36,19.36,102.95,28626.81,6.24,4,43,0
7635.57,36,21.02,85.61,242389.86,29.83,9,48,1
13328.09,36,20.07,732.52,225696.7,15.25,7,14,1
17555.22,60,18.54,692.5,225456.09,4.6,10,11,1
13063.64,36,5.94,120.02,84687.8,14.46,4,19,0
11944.79,60,18.19,415.68,85128.47,39.34,16,16,1
38916.96,60,14.57,389.4,,28.56,14,29,1
6981.23,60,24.23,466.02,222443.59,34.77,5,22,1
29599.79,60,17.14,971.92,217487.0,35.68,16,11,0
1016.0,60,17.16,1054.69,,21.95,2,7,1
24251.12,60,24.88,528.44,144608.52,22.28,6,22,1
36721.78,60,6.87,1188.7,129289.13,36.27,15,33,0
12229.43,60,10.53,644.25,169655.29,34.93,11,43,1
8235.51,36,18.12,797.93,,28.65,19,17,1
26415.51,60,11.3,243.96,39561.65,32.88,22,17,1
28791.45,36,11.92,372.36,26268.68,29.66,2,9,0
27833.19,36,22.85,1099.51,107725.98,12.31,16,27,0
13453.36,60,16.59,1466.25,237720.72,4.83,4,10,1
10835.89,36,7.06,1065.84,177507.29,28.69,15,29,1
38280.83,60,11.22,109.67,192299.94,36.23,24,18,1
37008.68,36,6.52,240.05,237387.63,39.14,13,32,1
18835.35,60,16.12,685.29,117071.85,1.95,8,23,1
34001.56,36,8.47,1106.88,,25.47,21,18,1
18640.62,60,22.14,273.92,102694.45,24.69,15,19,1
17551.17,36,16.55,1133.71,61715.71,14.77,20,25,1
7113.75,60,6.19,847.08,196270.61,22.1,5,19,1
17629.84,60,11.02,1168.58,228537.73,18.23,21,30,1
21959.26,36,17.33,849.73,207191.38,36.98,14,21,0
1877.67,36,11.71,915.71,30975.64,11.97,15,22,1
18320.41,36,15.26,395.66,88803.29,7.17,9,40,1
31472.89,36,23.19,1088.68,156179.68,26.93,19,44,1
27521.8,60,12.0,1270.7,95252.57,11.43,6,33,1
25771.12,36,11.72,1310.8,54527.34,2.23,22,33,1
36472.66,36,21.4,73.3,143823.51,32.06,12,23,1
1703.25,60,11.38,948.16,139943.2,12.98,22,38,1
22724.86,60,6.56,1484.62,183275.69,39.7,10,35,1
31706.61,60,8.62,892.77,249969.46,12.48,2,14,1
22112.08,36,23.98,281.77,169094.84,22.23,7,20,1
13631.93,36,23.67,1320.08,92883.68,6.44,9,40,0
6313.77,36,9.5,418.53,239967.67,21.31,2,10,0
35614.96,36,16.07,96.17,151399.11,10.6,5,32,1
19359.73,60,7.75,662.86,168519.31,27.29,14,8,1
35246.49,36,18.49,177.4,102239.02,1.14,13,38,1
23848.23,36,8.71,199.41,123922.37,27.96,22,25,1
27293.49,60,6.0,711.04,116285.12,20.71,5,5,0
32366.19,60,21.5,930.64,235329.63,15.2,16,40,1
26707.07,60,11.51,1360.93,206205.73,2.58,11,20,1
16524.14,36,7.17,1066.72,40861.93,2.5,8,36,0
21031.7,36,21.68,1268.63,92189.26,31.69,20,9,1
32318.78,60,20.25,635.32,32808.36,29.63,2,20,0
15572.36,36,18.68,498.33,138854.65,18.63,10,41,1
16136.74,36,23.22,901.48,84267.59,0.28,6,36,1
4731.91,60,14.78,1052.38,36882.04,32.52,10,10,1
36668.79,60,7.56,865.33,197562.09,26.62,16,33,0
4550.42,60,6.23,418.85,40959.49,3.07,5,44,1
26280.16,36,11.37,573.49,82459.69,11.06,6,7,1
17114.58,36,6.74,689.01,197476.56,2.71,19,46,1
16819.16,36,15.71,50.8,137661.54,34.79,10,24,1
27502.52,60,5.29,1323.36,207936.65,20.15,19,43,1
3616.66,36,13.88,781.77,115330.69,14.97,17,9,1
24154.53,36,8.57,1134.01,207418.31,25.27,8,45,1
31109.24,60,12.37,282.71,143777.65,29.83,5,18,1
33300.3,36,18.5,848.27,40229.39,26.12,19,15,1
7650.69,36,12.02,1391.41,128442.81,33.15,8,42,0
35999.34,60,11.83,344.99,147315.03,23.78,7,7,1
26589.7,60,24.82,538.41,160783.39,0.12,16,42,1
35392.34,60,19.38,600.84,233413.16,5.45,2,29,1
19925.95,60,15.28,593.46,62218.17,34.69,5,39,1
22139.3,60,16.59,912.92,159386.44,5.11,15,21,0
36842.49,36,17.4,608.84,192965.16,24.78,24,45,1
36096.47,60,5.49,1020.86,224689.65,8.24,14,39,1
18478.27,60,6.61,742.3,140820.4,38.42,8,16,0
11702.09,60,17.98,261.71,69208.62,9.01,20,44,1
16333.65,36,12.29,1424.4,208066.89,14.47,6,29,1
16122.81,36,6.11,382.09,228161.01,30.95,13,6,1
12187.81,60,10.95,856.83,44464.66,26.32,5,32,1
11474.6,36,7.61,119.22,72834.87,12.86,22,25,1
34581.45,36,23.33,1380.37,220436.55,27.92,18,8,1
3724.61,36,9.06,1394.15,131415.58,39.2,9,8,1
27426.84,60,7.87,565.88,58893.1,5.8,13,23,1
7739.98,36,17.52,207.84,168417.76,9.62,11,16,1
14435.73,36,15.44,1161.88,,17.96,17,31,1
3400.18,60,16.52,415.51,242630.66,12.54,9,20,0
11528.97,60,13.72,1059.9,71224.26,12.67,21,17,1
30968.42,36,14.34,1375.27,103297.23,17.16,16,38,1
35515.6,60,20.58,897.65,,31.59,4,48,1
9639.56,60,9.4,1296.02,31438.48,14.28,5,17,1
19078.37,60,12.93,360.23,,10.27,6,17,0
19342.64,60,24.16,1368.33,208560.43,22.03,6,33,1
35069.44,36,8.8,363.17,81463.58,34.87,17,23,1
30749.16,60,10.88,361.93,180158.9,27.98,17,14,0
21010.01,60,8.83,1323.41,140985.39,13.61,11,22,1
27159.14,36,5.41,845.71,139533.3,38.89,6,12,1
34046.85,60,10.4,1205.18,199754.95,27.63,22,38,1
1372.02,36,5.93,1209.66,162086.61,5.53,14,12,0
16712.71,60,8.09,981.03,56766.82,27.78,15,18,1
36382.48,36,12.25,307.94,70775.78,36.23,11,40,1
29872.21,60,5.41,1047.38,145070.48,18.92,19,31,1
22170.81,60,20.06,123.54,214422.37,29.18,18,47,1
21656.14,36,20.91,324.98,55033.43,6.03,5,26,1
14563.03,36,13.23,975.08,44585.92,4.42,2,8,1
21300.3,36,24.69,1364.48,139033.86,25.12,8,30,1
26559.94,36,18.58,1164.39,63389.71,16.01,12,18,1
17316.16,36,19.87,518.71,248674.2,18.37,12,12,1
28851.97,60,8.85,1240.84,21002.41,12.3,19,32,1
34588.06,36,21.75,1450.9,123238.54,18.22,19,37,1
7032.71,60,23.9,517.97,57384.53,3.96,10,26,1
18610.33,36,9.73,304.63,176648.14,4.32,19,18,1
16912.78,36,18.73,320.35,164930.94,17.77,17,13,1
27811.13,60,19.94,618.48,205625.6,,19,28,1
10744.83,60,11.1,106.92,149582.69,34.86,20,36,1
25969.79,60,14.5,747.0,63554.77,13.21,15,15,1
35222.08,60,6.95,1106.48,32262.39,27.07,13,42,1
17307.13,36,8.46,809.78,186093.76,12.12,13,19,1
36529.61,60,6.23,1455.97,121182.03,12.31,11,44,1
39733.39,36,16.2,708.7,71108.95,28.35,20,10,1
5137.59,36,17.51,49.49,77919.01,22.48,3,22,1
10089.07,36,23.32,721.08,54276.16,14.92,7,12,0
38064.81,60,15.84,1396.93,85223.48,19.33,23,38,1
38374.78,60,10.21,170.92,,33.78,16,42,1
4810.58,60,6.19,357.76,162751.81,29.84,20,29,1
1584.94,60,22.7,1081.87,247101.61,37.39,21,15,0
7282.9,60,14.58,462.33,140584.68,35.07,12,33,1
39844.5,60,19.75,1154.9,139942.62,,24,31,1
8019.99,36,5.29,646.41,64018.79,7.6,13,9,1
20599.36,60,14.76,1200.22,154884.77,14.48,3,13,1
34088.29,36,11.51,840.75,159924.56,22.18,20,40,1
1795.66,36,5.61,151.23,67502.14,1.35,6,27,0
24575.07,60,20.51,597.62,40232.2,27.25,20,17,1
11803.99,60,15.26,519.88,104817.4,39.2,20,40,1
34631.06,60,11.66,1220.82,,33.1,10,44,0
12054.98,60,21.12,948.57,135737.05,27.52,13,25,0
27783.47,36,13.94,1172.78,141005.26,27.12,14,48,0
27294.57,60,5.07,577.06,159875.85,35.88,11,13,1
9638.25,60,23.89,1046.86,158651.13,12.41,20,6,1
2357.17,36,10.11,125.89,175221.97,17.87,12,29,1
16960.73,36,21.61,83.98,73004.62,26.41,20,5,1
12278.53,60,21.33,452.58,188093.9,22.91,4,12,1
32550.13,36,8.25,1167.34,140709.37,33.76,6,36,1
32214.2,60,14.48,815.11,120580.37,,13,36,1
18823.93,60,5.8,630.97,169015.95,16.65,11,25,1
24653.98,36,12.09,1348.05,135289.96,9.97,5,26,1
24566.12,36,19.62,761.12,140903.65,25.54,24,6,1
33259.17,60,9.74,931.68,25347.0,15.61,14,47,1
17575.09,60,7.34,1479.17,204468.47,21.94,22,14,1
11742.42,60,15.14,797.92,117560.45,2.42,23,5,1
11336.36,36,15.74,1181.75,139157.59,28.18,24,49,0
21911.5,36,18.52,638.32,109679.42,21.3,19,47,1
18516.78,60,20.18,83.42,146852.01,29.69,2,48,1
18164.71,60,18.92,1256.67,32429.75,10.0,10,14,1
4554.36,36,21.91,1418.27,108299.08,34.22,4,47,0
29025.55,60,9.46,668.54,173795.89,,16,41,1
9335.73,36,16.4,770.35,235842.6,17.48,4,12,0
8681.19,60,12.2,653.48,215311.46,3.81,12,8,1
17097.57,36,24.24,1495.45,241448.15,20.29,22,38,0
9883.36,60,13.81,1357.94,199748.37,25.88,10,30,1
23770.47,60,24.19,90.42,165501.97,23.98,16,33,1
15487.07,60,20.38,1175.16,117352.66,35.91,22,12,1
18507.56,36,19.37,913.23,48322.75,36.73,8,23,1
21949.6,60,14.83,66.96,77684.49,24.89,9,12,1
8937.89,60,13.87,683.73,82370.26,25.69,11,16,1
7074.31,60,15.53,250.08,118413.09,5.19,23,22,1
35336.45,60,10.87,1313.38,160263.42,15.73,24,17,1
17915.22,60,23.09,48.67,162292.22,,12,6,1
17071.65,60,20.89,1313.47,124774.81,13.83,8,23,1
2388.87,36,21.03,1413.03,83168.06,29.1,12,27,1
20421.08,36,13.66,137.29,32993.71,19.52,22,18,1
22612.62,60,6.42,1088.16,247432.37,20.1,23,36,1
22794.79,60,18.66,836.87,236098.78,9.91,21,28,0
28574.22,36,12.49,1432.79,62072.97,6.69,8,13,0
7921.79,36,22.41,1203.28,159241.05,16.37,19,14,0
10836.7,60,20.61,1050.79,88000.5,2.31,12,38,1
32618.49,36,7.91,1390.5,64718.52,6.38,24,16,1
37939.65,60,17.03,265.71,177414.6,32.74,7,18,1
6301.38,60,18.84,582.66,200824.33,17.5,13,25,1
20408.33,36,16.36,1269.12,113516.38,39.05,24,48,1
9352.87,60,15.28,179.33,33584.65,0.17,11,27,1
3342.85,60,9.56,1405.11,112344.04,36.82,2,5,1
13694.63,60,9.72,1125.38,142404.61,26.1,18,43,1
6603.82,60,20.36,675.82,225439.8,24.93,16,21,1
28687.39,36,5.37,527.92,171064.61,33.62,17,37,1
21815.29,36,20.58,246.98,183414.18,25.07,15,19,0
6609.54,36,15.54,167.7,66605.2,1.39,2,7,0
1360.42,60,23.72,652.68,185662.47,36.21,17,28,1
32518.12,36,24.95,1269.35,135419.72,34.93,4,21,1
7871.58,36,18.27,811.82,208694.66,20.8,2,42,1
24642.45,36,13.25,693.19,69764.98,5.04,12,15,1
14139.95,60,14.5,498.99,138418.35,32.86,4,30,1
23833.95,60,9.08,260.72,,21.19,17,17,1
13310.49,60,6.98,1485.45,85760.78,13.05,4,47,0
4390.64,60,16.58,67.83,211406.94,39.73,2,16,1
9695.05,60,21.11,488.37,178192.69,6.58,9,20,1
8334.28,36,10.24,1160.99,187552.25,6.58,20,19,1
17692.75,36,13.39,795.22,35763.59,23.99,21,23,1
26673.07,36,16.1,491.37,187614.01,10.68,14,23,1
11288.44,60,23.16,1489.33,133023.63,16.48,13,41,1
1470.73,36,7.77,940.18,125603.07,9.62,11,11,1
21238.56,36,9.74,463.88,114904.19,31.3,20,17,1
24624.62,60,23.37,1276.49,215912.82,10.99,22,9,1
38551.95,60,5.79,250.74,60816.71,33.69,14,21,1
23989.36,60,18.12,711.45,207246.38,29.44,8,36,1
19375.73,60,17.79,1264.2,233514.49,11.91,16,15,1
23362.66,36,12.67,1475.98,58694.93,31.96,16,39,1
37188.12,60,14.36,593.09,249907.08,12.75,22,11,0
33306.75,60,22.1,233.02,247822.88,16.26,20,26,1
13596.17,60,8.3,863.39,162903.35,3.13,6,9,1
10252.92,36,9.63,1417.67,81763.03,22.75,20,12,1
11242.71,36,15.25,1008.45,118813.77,32.65,20,18,0
20672.42,36,13.19,915.17,59188.15,24.92,21,33,1
30017.93,36,16.49,484.66,47646.5,22.07,21,33,1
20625.55,36,23.42,921.32,181926.82,35.92,17,45,1
3644.06,60,23.34,1330.48,153364.59,17.65,13,46,1
29219.65,60,9.6,582.02,149622.0,39.83,3,34,1
32432.84,60,11.04,385.82,76985.0,18.43,7,32,1
12290.42,36,8.24,737.01,74028.44,25.73,6,26,1
26900.9,60,23.56,583.0,247638.88,1.86,6,28,1
17637.08,36,12.96,720.79,164617.98,27.94,23,40,1
35675.65,36,13.99,170.72,208474.78,12.78,12,28,1
33963.8,60,21.05,524.23,107057.74,5.11,15,39,1
21491.85,60,15.26,1245.03,214046.65,5.93,23,6,0
27968.72,60,7.4,618.47,186147.57,20.33,14,44,1
35450.64,60,13.76,1452.81,100528.62,23.58,13,13,0
20332.96,36,17.61,1072.0,185069.72,28.13,3,24,0
13216.78,36,19.38,568.07,232893.23,17.84,20,17,1
30392.98,36,17.91,399.95,69158.24,34.59,5,9,1
9582.58,60,7.38,1037.49,145955.5,2.74,21,16,0
16152.71,36,11.09,474.6,242329.59,4.86,3,24,1
34763.36,60,19.67,1392.53,208921.53,9.11,5,48,1
29252.47,36,22.6,201.01,162666.97,4.07,10,20,1
16748.63,60,5.94,72.25,36046.05,30.24,9,42,1
9375.04,36,5.84,354.91,113454.34,14.52,13,7,1
14882.77,60,17.87,921.73,169676.06,24.17,8,23,1
12080.06,60,15.96,1257.39,114222.23,30.6,22,31,0
7867.48,36,8.11,280.09,249329.27,21.89,13,21,1
29989.98,60,15.97,889.54,193280.34,21.34,20,27,1
10830.73,36,24.49,241.91,63028.82,18.01,13,15,1
18712.53,60,17.62,857.87,132788.86,27.82,13,40,0
16048.52,36,13.98,56.73,108313.61,21.18,5,45,1
39301.02,60,21.55,849.98,156583.93,16.14,18,25,1
16252.6,36,9.26,797.01,122709.84,24.71,23,25,0
4119.32,36,13.29,92.99,74717.16,38.46,19,35,1
4503.2,36,15.56,1043.44,186605.39,32.33,23,5,1
24039.4,36,15.09,871.21,44532.03,17.88,16,44,1
24375.18,60,23.42,945.95,142390.82,24.31,5,42,1
17331.6,60,10.85,808.77,91336.8,15.65,23,38,1
17841.9,36,6.13,1091.33,242302.14,,17,25,1
3103.37,36,23.33,801.76,89819.11,29.35,9,19,1
21145.31,60,9.34,1385.74,98416.56,33.52,17,30,1
20684.84,36,12.58,1416.96,182630.05,2.45,5,9,1
6832.42,36,15.62,1098.21,49549.31,6.59,2,49,1
5049.74,36,24.52,1370.29,94663.77,23.21,16,41,1
5819.33,60,15.71,1387.04,180060.41,28.14,15,14,1
4940.1,36,13.95,415.14,27073.36,26.43,7,25,1
24778.62,60,16.67,1491.08,91530.14,9.98,14,11,1
8662.82,60,24.42,423.13,21898.8,26.18,22,33,0
10805.78,60,21.36,57.25,54552.72,18.48,22,14,1
7769.31,36,8.38,1444.47,158965.4,9.8,12,16,0
38355.58,36,21.07,358.87,125044.42,35.39,18,34,1
34330.08,36,21.82,888.66,55885.96,21.2,11,7,1
9989.3,60,18.81,1456.88,37945.85,34.5,6,14,1
13775.09,36,18.14,102.69,32954.63,16.72,24,5,1
9185.82,36,13.82,425.89,39632.38,25.32,17,25,0
20183.16,60,17.83,924.97,42097.66,32.68,20,5,1
1764.81,60,19.75,1150.96,39851.92,13.15,13,27,1
27183.35,60,7.46,1216.83,,34.3,5,30,1
21403.17,36,10.15,1329.25,180317.07,14.06,13,24,0
36046.92,36,8.88,277.6,236491.34,8.08,22,18,1
7411.31,36,21.82,573.95,216875.14,29.6,20,20,1
32360.26,60,18.6,1079.95,81146.32,13.39,4,21,1
31886.48,36,14.02,1081.51,66984.27,38.14,9,17,1
5960.07,60,21.52,482.84,31019.77,32.18,10,25,1
16543.81,36,19.34,477.21,55887.75,9.22,6,29,1
7635.95,36,23.27,501.34,150587.4,39.46,15,34,1
10934.1,36,6.54,1341.36,249568.72,14.55,21,10,1
11266.6,36,15.18,1366.98,217577.91,22.32,16,21,1
22693.22,36,19.13,51.8,138431.95,2.94,24,26,1
17045.03,60,9.15,507.77,117394.62,1.66,8,28,1
37961.58,60,11.54,606.29,53999.95,11.82,6,48,1
5928.44,36,13.38,1474.11,116275.98,0.49,20,9,0
38973.99,36,20.89,1417.93,156817.38,11.1,18,28,0
9994.91,60,14.87,953.64,156959.14,20.89,16,20,1
31142.08,36,14.86,97.33,148235.69,27.64,18,39,1
14219.83,60,13.62,311.09,209524.33,10.05,16,46,1
6580.17,36,9.57,668.28,137319.29,16.29,18,37,1
34457.68,36,23.46,1439.78,128755.4,15.32,2,22,1
13045.58,60,11.36,169.22,90328.0,13.1,14,27,1
26695.36,60,16.35,1193.29,61455.6,15.54,20,27,1
23091.3,36,7.98,311.05,20322.91,,2,49,1
19398.5,60,13.68,776.54,94082.61,7.94,19,14,1
20336.96,60,23.08,1157.45,165608.58,18.58,22,20,1
29557.28,36,24.91,1047.97,148546.43,10.42,2,34,1
4423.14,36,12.24,1170.35,142018.81,2.54,15,36,1
27059.05,36,8.08,1225.98,197646.66,8.54,22,14,0
35936.67,36,11.29,479.44,73554.76,37.36,16,17,1
3253.74,60,11.54,565.12,176063.74,20.21,13,12,1
6485.48,36,17.89,1229.14,159647.92,39.3,17,19,0
28948.65,36,14.92,86.81,97968.03,9.01,10,22,1
18053.98,60,20.37,786.25,70265.03,11.68,2,28,0
16738.4,60,19.03,1382.99,149418.67,25.62,12,26,1
6341.7,36,10.03,1330.96,237384.06,14.21,22,44,1
20764.03,36,20.69,1212.33,37560.69,14.45,2,25,0
5935.27,60,21.95,61.68,239186.51,33.76,14,27,0
19588.2,36,16.97,1334.9,126894.37,1.17,12,37,1
30781.0,60,23.55,1370.15,183310.01,26.65,11,14,1
11072.31,60,20.66,1005.59,204737.07,35.21,9,35,1
19750.66,60,16.91,469.4,54848.4,6.97,9,33,0
39688.62,36,23.12,750.19,30340.35,16.14,15,29,1
27779.37,36,17.01,1151.05,49553.1,32.37,6,8,1
33812.91,60,15.42,1225.15,98419.16,21.4,6,44,0
17179.06,36,12.13,534.72,240007.47,14.31,18,22,0
30946.58,60,22.66,509.32,29838.35,25.04,19,25,0
2579.86,36,7.45,1112.19,231553.56,12.99,10,33,1
5793.54,36,14.47,1038.94,149097.78,25.05,10,13,0
8919.75,60,15.75,784.4,43538.42,5.8,10,18,1
16676.13,36,16.09,647.78,55132.15,9.02,16,22,1
33984.05,36,18.04,996.02,178546.17,0.59,12,23,1
14504.38,36,15.12,77.68,159944.3,7.38,9,13,0
26530.23,60,10.14,141.26,58514.99,5.23,8,22,1
28663.26,36,22.14,872.44,227996.15,23.92,16,38,1
23861.11,60,18.15,339.11,,37.78,4,14,0
14932.44,36,22.16,1168.93,137661.92,8.61,12,41,1
23505.08,36,10.52,1165.38,141507.7,5.17,11,16,1
14348.36,36,17.74,1073.64,220215.54,21.41,17,36,0
4271.08,60,19.28,1358.3,25094.55,7.24,3,44,1
39719.36,60,12.67,237.03,51383.89,21.67,10,33,1
5960.12,60,21.24,411.08,,20.18,14,10,1
3821.59,36,5.05,400.88,34462.72,0.78,14,5,1
35262.7,36,16.9,1180.11,165241.16,38.57,23,23,1
12771.55,36,17.27,796.38,72807.97,8.06,21,14,1
26361.58,60,15.68,401.43,152634.06,35.79,23,5,0
13831.22,36,17.6,230.55,200000.81,15.32,15,34,1
16266.72,36,8.34,1342.73,113961.55,6.34,22,48,1
11222.41,60,18.7,1047.43,196835.56,4.27,5,9,1
14378.72,36,11.72,806.93,198909.77,20.43,14,48,0
17017.32,60,14.04,1449.24,80587.31,14.47,4,40,1
29096.23,36,11.66,1278.9,23621.26,36.7,8,21,0
20949.91,36,14.48,291.84,43754.83,8.06,2,5,1
37799.04,36,17.43,776.95,209410.46,28.95,7,16,0
2633.34,36,21.77,744.54,,7.43,10,18,1
20619.66,36,14.67,1271.1,212992.08,34.87,23,38,1
23784.77,60,11.46,249.16,145928.29,20.42,15,21,1
36887.68,36,14.76,694.13,65400.94,33.25,15,13,0
2917.18,36,18.78,965.71,183814.57,17.5,4,9,1
23366.48,60,11.93,1419.52,148382.86,7.01,21,13,1
34291.57,60,13.29,1351.92,100915.2,21.57,11,34,1
10435.18,60,16.26,814.76,40174.91,10.9,15,45,1
35175.4,36,10.88,921.88,43528.62,7.38,11,39,1
1742.69,60,9.18,1283.03,63357.67,36.15,12,22,1
29565.73,60,7.81,1124.25,174774.16,22.06,15,48,1
37391.42,60,12.05,1322.62,187433.43,32.01,12,25,1
26630.71,60,5.97,1347.02,165110.65,31.04,9,7,1
18122.14,36,16.67,1253.9,97571.73,0.04,13,18,0
2750.36,60,8.52,43.79,121308.11,35.43,21,15,1
36884.44,60,12.55,487.07,183198.75,30.93,24,29,1
19341.55,36,10.38,623.17,171766.67,10.75,14,41,1
2130.87,36,17.61,1026.54,197793.11,9.17,13,14,0
27903.02,60,22.01,481.09,75461.64,2.27,18,25,1
19791.65,36,17.67,505.63,21032.44,3.7,14,20,1
5849.47,60,15.85,618.3,81281.68,7.78,11,42,1
9356.6,36,18.38,1434.34,100015.04,0.14,7,36,1
3515.14,36,5.6,672.62,240918.1,12.63,9,8,0
23397.45,60,7.46,236.79,70078.42,36.89,15,5,1
25259.15,36,6.9,39.34,210073.0,22.21,14,14,1
20723.95,36,6.96,377.82,163177.65,23.22,22,12,1
32866.98,60,10.21,1410.05,58533.43,9.47,18,36,1
34579.34,60,15.64,1433.84,112806.11,9.0,8,7,1
25009.35,36,7.29,807.63,137336.49,14.69,19,35,1
1497.5,36,23.7,980.15,99154.54,10.49,12,27,1
28113.96,60,22.09,1200.0,72014.53,34.34,18,41,0
17301.97,36,24.43,112.15,78155.72,7.1,13,12,1
23056.74,60,5.85,580.23,154597.33,26.99,5,46,0
26314.14,36,22.03,974.1,178264.39,19.58,22,33,1
14659.23,36,21.07,1350.43,127863.39,27.09,14,37,1
36766.84,60,23.04,1098.44,236599.24,33.39,18,29,1
6225.02,60,15.56,544.59,187570.28,13.65,2,6,1
27188.96,36,20.76,1367.67,225104.33,21.63,12,9,1
1170.02,36,6.03,1006.99,129402.62,19.96,16,18,1
37061.39,36,6.52,1250.45,23423.07,14.93,14,39,1
5387.66,36,7.37,596.7,156176.22,32.48,13,18,1
4700.48,60,23.3,33.17,208199.66,0.41,8,43,1
13987.3,36,6.22,274.27,,12.4,7,23,0
15569.09,36,7.0,1392.95,150617.24,33.28,11,20,1
9357.7,60,23.61,78.69,244243.31,34.88,2,22,1
23819.74,60,7.15,906.18,104212.7,27.75,10,6,1
18273.65,60,22.4,631.42,204430.75,13.63,22,7,1
2332.85,36,20.79,661.48,136167.08,32.89,13,11,1
13466.43,60,5.81,619.2,126653.53,3.36,2,45,1
32606.88,60,5.44,129.12,53482.72,10.62,24,16,0
27898.36,36,15.69,209.83,192130.87,3.7,20,20,1
29269.96,60,24.94,122.52,209357.72,4.41,3,22,1
28226.56,60,22.58,109.24,119101.81,23.72,13,39,1
13127.95,36,11.2,155.85,195612.04,2.88,23,36,1
4886.89,60,12.73,1054.03,153657.78,27.19,11,14,1
11626.22,36,12.76,197.88,79237.49,13.95,19,37,1
33439.63,60,19.68,414.39,232454.57,2.23,23,20,1
39238.36,60,11.82,995.72,180257.43,11.42,9,27,0
20260.03,60,7.96,195.03,222016.96,15.97,7,34,1
1378.31,36,19.94,1368.08,84736.82,14.66,11,12,1
6461.75,60,14.16,731.9,230763.53,20.41,12,5,0
13561.14,60,6.54,1445.69,103873.38,20.11,15,13,1
23564.83,60,20.8,312.99,22192.33,14.38,20,37,1
3928.65,60,16.71,75.02,37256.54,35.97,9,20,0
37790.93,36,14.79,897.71,40547.85,8.8,4,8,1
15238.26,60,18.47,513.25,67642.97,13.61,3,46,1
36590.78,60,15.11,871.41,62900.06,22.15,20,11,1
31440.35,60,17.97,726.27,33315.62,9.81,6,34,1
30462.05,60,22.35,702.02,225940.26,6.01,11,7,0
24662.06,36,17.27,1281.23,210511.32,0.25,2,11,1
25444.57,36,18.19,312.0,195449.34,37.81,17,30,1
25882.13,36,17.28,764.46,130200.68,31.37,16,44,1
25520.13,60,15.62,641.53,117784.08,35.55,7,28,1
22595.4,36,8.44,1020.44,117833.83,1.61,13,20,1
39470.15,36,11.71,103.7,80206.5,2.94,10,38,1
29559.33,36,18.86,808.25,159899.25,22.08,19,12,0
31300.91,60,13.51,733.45,33588.32,0.93,7,35,1
35026.05,60,13.12,1461.16,171520.3,10.86,22,25,0
9409.95,36,20.19,1141.06,138187.22,38.91,13,15,1
4268.36,60,5.11,257.82,207799.65,14.3,19,34,1
19832.88,60,18.58,778.55,243730.65,39.18,3,34,1
21049.15,60,14.78,1182.09,221620.33,4.74,17,15,1
33338.09,36,12.54,801.12,185582.55,15.4,16,42,1
18307.56,60,11.81,554.35,119540.18,0.23,12,16,1
23263.27,60,8.46,583.68,69340.58,23.66,23,30,1
21555.77,36,11.69,569.5,172920.86,13.67,3,46,0
2489.91,60,12.83,59.33,66367.8,20.16,2,32,1
24993.38,60,13.75,1103.98,24659.56,31.79,6,13,1
33293.69,36,18.45,928.0,151843.59,22.05,8,14,1
7142.52,36,14.07,424.96,110649.99,26.61,6,19,1
24178.94,60,20.93,956.13,221484.29,18.89,4,36,1
24150.81,60,17.79,483.83,168529.41,29.92,3,16,0
7403.21,60,8.79,387.77,168867.52,24.1,20,21,1
5815.08,36,10.54,1119.49,201215.4,34.63,23,13,0
39222.03,36,6.58,1219.39,97199.96,30.24,23,22,0
16355.05,60,23.91,949.79,240379.55,9.28,4,33,1
9869.45,60,22.73,1182.7,70903.94,20.98,8,11,1
7681.66,60,6.7,567.58,220486.38,35.0,4,29,1
27036.47,60,16.48,135.55,229493.43,34.36,15,17,1
24768.37,36,24.21,919.18,28979.29,19.09,16,41,0
26098.53,60,19.94,406.29,165319.08,12.55,22,16,1
4432.24,36,14.84,1172.89,192366.79,8.43,4,49,1
35847.85,36,9.82,556.42,239380.99,7.77,24,39,1
16181.39,36,10.58,1015.89,77817.15,5.75,22,26,1
13221.41,60,19.72,842.71,,39.99,2,19,1
19032.1,36,20.61,1231.7,197817.02,26.5,2,11,1
16212.58,36,15.57,1253.49,54121.77,12.58,10,42,0
34679.5,60,7.42,130.4,216185.89,11.73,6,10,0
37241.18,60,23.68,463.82,112836.75,12.22,3,49,0
12834.68,36,21.9,1310.19,167142.69,34.9,13,41,1
34693.5,60,7.81,623.86,29668.76,20.53,21,10,1
31479.4,36,6.13,786.86,71275.31,10.86,15,23,1
37301.5,60,15.72,299.52,129982.55,31.94,6,37,1
10584.26,36,10.68,842.45,86518.19,30.01,12,9,1
23501.41,36,10.66,418.98,240303.95,18.7,19,37,1
11707.24,60,6.74,1248.97,202834.48,27.55,5,25,1
33139.69,60,24.07,324.36,218922.38,29.53,17,19,1
1207.64,60,21.6,558.99,127253.12,1.98,4,31,1
23027.95,36,7.28,169.76,128937.68,35.02,19,34,1
14228.93,36,22.53,894.33,205193.47,11.48,20,9,1
13584.66,60,18.66,1414.7,109132.53,39.24,17,27,1
26151.35,36,11.51,284.54,130595.34,36.33,8,45,0
34207.89,60,22.43,59.01,141575.64,0.77,10,25,0
24758.62,36,16.96,651.02,159646.27,24.84,22,5,1
34273.75,36,21.97,1130.17,169493.21,38.6,3,13,1
11319.29,60,14.39,1463.4,176572.9,22.6,12,38,1
21260.57,60,15.01,105.38,122122.13,24.63,15,36,1
18570.93,36,10.82,1185.36,87883.78,37.24,24,10,1
1454.15,36,12.75,571.95,231635.45,22.91,4,27,1
22715.67,36,16.36,255.99,210145.99,9.78,8,43,1
26799.45,36,23.94,312.69,20790.6,18.41,7,20,1
24084.66,60,17.0,1388.11,137972.39,14.0,2,21,1
29714.92,60,7.95,1219.76,83158.7,6.68,15,18,1
23282.24,60,5.14,488.24,167827.67,8.56,11,19,0
3603.26,36,22.02,1412.08,135607.16,2.44,6,46,0
5541.38,36,12.29,184.72,24868.29,6.75,14,8,1
24262.51,36,11.3,504.13,187387.68,10.37,16,42,1
11724.19,36,21.01,989.79,83338.96,30.33,2,46,1
4106.16,60,23.91,1499.15,79854.4,14.64,24,30,1
17754.51,60,19.96,714.49,27343.01,27.64,12,10,1
22618.58,60,8.48,1221.75,210517.32,39.85,23,30,0
13821.09,36,12.83,1376.32,153133.09,23.27,14,36,1
29096.91,60,20.19,44.15,131513.82,24.57,10,23,1
26107.05,60,23.14,454.74,175436.95,22.09,12,48,1
13979.92,60,24.97,177.53,99435.12,15.82,13,42,0
30440.03,60,15.23,1170.81,150979.13,7.43,21,49,1
26299.11,36,21.45,863.56,77332.88,39.1,10,27,1
25860.37,36,5.93,170.47,34479.68,19.12,22,14,1
22583.68,60,10.72,648.46,149108.97,37.44,14,44,1
1444.2,60,12.43,785.53,70874.1,10.39,6,18,0
28163.78,60,24.51,1055.69,192509.7,4.34,6,14,0
15665.63,60,5.07,1175.84,123923.93,25.48,11,33,1
37761.78,60,11.16,159.17,77591.65,34.05,6,13,0
32901.41,36,23.61,746.84,159919.55,26.49,12,26,1
23920.08,60,11.13,266.85,46822.78,29.71,24,8,1
10835.1,60,9.5,1137.29,195127.49,24.34,18,29,1
8944.98,60,19.6,996.77,124000.93,29.85,24,21,1
14275.01,36,19.91,1092.81,206908.49,13.78,8,38,1
19586.15,36,14.44,140.24,51762.17,15.58,6,44,1
12546.55,36,23.94,780.18,107984.72,31.21,4,9,1
21082.25,36,9.05,1265.65,61406.83,32.06,8,21,1
7449.45,36,23.27,1078.61,34074.98,3.3,6,18,1
39130.8,60,20.11,1296.77,,0.68,5,13,1
5209.06,60,12.36,332.97,187129.17,26.66,10,43,1
37345.82,36,21.14,451.74,94889.21,3.38,21,29,1
36629.54,36,7.66,678.68,76614.59,,6,49,1
21489.06,36,7.62,799.19,66994.04,7.89,13,32,1
29271.5,60,23.6,400.68,29892.4,20.37,7,5,1
18005.88,36,6.9,590.42,43613.95,8.04,12,42,1
25571.35,36,5.08,1039.95,43668.65,7.24,7,10,1
14282.46,36,12.78,978.71,173240.95,0.43,19,8,1
12745.2,60,7.08,192.4,156782.75,30.66,12,48,1
23550.96,36,22.26,1478.98,150684.48,5.44,20,22,1
20427.06,60,23.45,857.24,188926.49,22.75,9,39,1
23601.92,60,14.65,740.84,77769.62,11.99,10,20,1
12179.76,60,13.51,1451.85,98769.25,7.32,7,9,1
15311.36,60,15.78,236.28,49141.39,13.87,18,8,0
4272.02,60,9.52,829.2,155173.5,10.3,13,41,1
3038.78,36,10.96,1213.46,234568.28,17.33,14,15,1
10884.83,60,7.02,616.39,218521.7,27.61,3,20,1
3895.63,60,13.93,1112.37,147649.73,2.04,20,27,1
5047.21,60,17.23,1351.77,168259.78,7.33,19,8,1
32704.21,36,23.6,414.63,248231.06,3.21,6,25,1
2516.07,60,19.78,384.95,138991.59,38.71,7,38,1
26698.77,60,19.46,560.21,220235.29,22.96,21,30,1
11629.75,60,11.16,645.11,135151.17,32.81,18,48,1
34990.28,36,22.77,193.24,31009.73,10.67,17,43,1
19914.7,60,23.94,369.99,234972.13,35.82,8,31,1
12917.48,60,23.65,1313.65,45732.46,25.16,9,16,0
21187.92,60,5.78,862.89,181963.24,16.24,5,24,1
15896.36,60,17.09,423.7,74730.56,24.02,10,49,0
23007.74,60,17.86,1417.08,227238.44,5.1,17,40,1
5466.78,60,10.9,1168.24,66112.43,12.53,21,49,1
39882.63,60,24.85,562.77,52217.11,21.57,20,41,1
17596.68,36,10.82,1155.2,120903.98,25.62,15,44,1
14580.99,36,9.33,906.2,134236.58,8.67,18,28,1
28698.18,36,14.68,1035.21,208353.32,39.67,19,23,1
15192.08,60,11.46,502.53,195352.63,33.32,15,22,1
33497.7,36,23.48,337.96,95501.83,23.2,3,47,1
18716.56,60,13.8,402.76,108538.46,38.93,3,10,1
29062.78,36,13.2,153.09,152634.18,20.5,9,19,1
5190.68,36,17.52,722.43,146862.49,37.89,3,42,1
33998.65,60,6.62,627.16,218270.72,30.07,2,41,0
29693.0,60,20.13,33.73,128668.97,8.69,22,29,1
9256.95,60,20.37,1288.86,225507.07,16.22,23,38,1
6666.15,60,14.48,1032.35,67166.49,10.51,11,37,1
13335.4,60,24.11,686.71,219553.92,28.87,17,31,1
39066.75,36,16.59,1451.52,89987.3,30.67,13,13,0
11016.43,60,18.9,1412.6,201529.26,27.37,20,37,1
18788.96,36,23.49,169.79,150039.1,21.82,23,45,1
2170.79,36,18.33,934.25,221379.23,16.08,6,21,0
16491.87,60,13.64,1231.02,73188.37,39.37,23,40,1
23281.48,36,5.5,284.24,181344.77,1.12,14,7,0
38171.86,36,19.57,218.1,215260.73,4.95,20,34,1
21152.71,60,24.3,411.87,198638.81,23.95,21,44,1
32945.19,60,14.4,441.12,150179.85,30.23,4,20,0
22337.98,36,11.8,1448.53,175341.82,38.3,19,25,1
2590.62,36,15.39,1177.3,65198.93,19.62,15,47,1
13285.32,36,19.57,117.81,69786.64,10.64,6,43,1
23446.43,60,5.01,1186.13,81476.82,34.53,16,13,1
38073.16,60,22.74,279.37,210443.15,17.62,22,49,1
34506.08,60,22.73,555.15,58511.12,5.16,6,10,1
9905.87,36,15.83,498.22,88752.2,20.88,18,34,1
9584.28,60,7.45,430.4,231699.87,21.02,8,28,0
8845.75,60,18.44,483.87,193704.14,9.17,12,14,1
36977.46,36,7.76,1138.68,188618.91,5.68,12,38,1
34253.98,36,15.15,421.83,124682.53,5.7,19,45,1
31220.45,36,6.87,1207.06,181543.16,32.93,16,43,1
16316.67,60,16.78,163.79,,20.04,4,36,1
20670.85,60,11.36,904.9,36436.86,29.45,14,30,1
19108.94,60,21.62,1298.61,152601.01,38.5,8,32,1
10882.53,60,21.0,146.57,124016.87,31.68,15,9,1
20696.09,60,24.97,963.28,46211.44,6.28,6,7,1
2189.37,60,10.15,782.08,99180.95,16.8,18,11,0
6140.6,60,6.24,517.95,225803.4,19.84,20,26,1
35576.99,36,13.86,177.99,204851.57,28.05,19,34,0
30315.51,60,6.67,1024.43,230197.75,38.6,21,32,0
17491.87,60,8.57,484.79,184928.34,11.4,17,28,1
21168.86,36,16.95,528.21,165487.34,34.45,10,29,1
15429.96,36,16.84,1084.86,52024.65,2.89,23,38,1
29890.41,36,5.87,1419.67,44658.22,34.88,17,31,1
31583.3,36,13.86,520.45,76753.29,27.78,14,49,0
30768.12,60,15.6,1127.7,92265.35,1.14,19,12,1
29181.86,60,10.36,1436.22,159618.17,24.43,3,47,0
8975.67,36,22.44,173.81,221781.09,37.25,19,36,1
14180.83,36,8.22,807.93,224868.04,17.3,21,44,1
19323.97,60,10.08,46.41,176942.04,4.69,14,49,1
13900.93,36,8.14,1243.01,152000.21,39.54,20,18,1
30442.67,36,7.33,451.73,76209.38,16.67,11,6,1
13844.79,60,22.58,519.17,235727.23,21.11,23,44,1
6391.05,36,10.56,1040.31,174355.95,38.69,13,28,1
16562.58,60,19.45,1190.09,142695.15,23.39,21,47,1
39216.66,36,13.56,617.99,43909.97,27.05,23,7,0
9809.38,60,17.72,1008.31,209953.16,28.4,17,5,0
24874.19,36,23.56,1435.84,100268.25,30.14,24,32,0
17885.95,60,21.89,1333.75,227134.94,32.01,20,30,1
3769.96,60,6.38,1060.9,58735.42,,10,29,1
20027.19,36,21.9,1416.3,31176.86,37.37,5,31,1
28384.41,36,14.04,1317.63,119987.46,21.81,13,14,1
21015.58,36,12.0,1101.64,38009.74,21.35,4,44,0
35012.14,36,18.45,1378.35,34214.68,33.42,4,28,1
12268.54,36,24.0,1231.56,184158.42,12.27,17,36,1
4363.72,60,6.88,768.31,79196.4,26.24,4,49,1
37526.06,60,20.36,768.35,166935.66,12.68,21,15,1
15749.66,60,9.07,42.92,151291.51,30.43,6,5,1
23479.82,60,12.6,74.47,52373.13,17.32,18,49,0
31888.12,36,22.48,1126.95,108729.18,7.47,17,6,1
13648.23,60,15.92,845.51,35194.69,36.36,5,19,1
28930.42,60,6.35,1148.61,,30.13,2,12,0
6281.34,60,15.16,1426.0,61943.28,0.57,19,17,0
12360.46,36,20.79,695.22,42151.14,2.58,10,30,1
6643.71,36,15.58,160.02,92906.6,15.16,10,38,0
32637.99,60,8.34,951.04,20786.43,31.2,9,28,1
9683.32,36,13.9,176.61,194286.87,11.04,14,5,0
28978.74,60,23.49,943.32,56382.25,39.63,3,9,1
37788.64,36,18.16,805.78,163942.45,,6,45,1
21583.12,36,19.6,1076.96,211493.91,34.59,22,45,1
22061.14,36,20.72,545.91,230964.8,0.37,20,23,1
18980.31,60,6.81,241.48,,38.56,20,16,1
13709.72,36,16.63,377.23,201305.28,23.66,3,13,1
19550.55,60,12.52,1034.94,124597.5,23.65,19,6,0
24509.49,36,7.78,732.9,132741.58,3.95,17,12,0
39453.67,60,9.05,825.0,145757.6,24.38,13,47,0
37572.82,60,20.62,504.81,174131.52,21.15,18,14,0
34623.97,60,8.23,1259.95,174081.0,21.66,8,33,0
35676.09,60,11.25,1499.2,200636.92,,7,27,1
19246.12,60,10.7,488.94,161897.12,21.73,5,31,1
26640.33,60,5.97,1086.42,223005.86,2.89,15,41,1
35907.6,36,14.24,281.52,183124.3,0.86,22,20,1
16325.08,60,20.32,1121.37,,8.53,17,47,0
38508.74,36,5.44,663.35,192600.46,32.07,23,36,1
17215.66,60,7.25,919.8,189902.0,24.14,14,17,1
24442.22,60,19.4,379.21,217891.36,35.77,2,10,1
28682.38,36,16.87,1281.94,170836.34,15.56,2,27,1
38073.09,60,19.3,284.8,61302.32,13.99,22,40,1
10540.03,36,9.6,1395.05,39082.72,28.0,24,28,1
30099.11,60,21.08,120.04,92640.01,16.28,2,15,1
21311.81,36,14.6,453.33,207310.59,15.25,2,34,1
11473.73,36,17.21,857.53,24992.81,18.64,13,19,0
31287.67,60,6.84,1291.95,54509.11,4.59,22,21,1
22536.67,36,9.1,878.23,44406.64,8.11,21,34,1
26777.98,36,20.47,347.69,28550.24,24.13,18,26,0
13593.14,60,9.48,1292.78,206365.28,24.34,20,19,1
19769.68,60,6.85,906.36,84304.74,23.61,21,7,1
25076.82,60,16.94,371.55,187652.99,7.99,21,25,1
16791.52,36,15.96,855.91,52639.79,17.42,23,42,1
8736.53,36,17.16,1022.69,114054.76,36.84,10,13,0
38503.98,36,17.37,1030.38,46787.09,34.44,19,48,1
20947.23,60,15.0,1094.29,20570.49,22.3,16,19,0
29622.89,60,14.88,1346.73,161027.31,36.03,11,26,1
17030.84,36,23.48,1242.49,130625.84,27.0,3,40,0
14850.14,60,15.68,923.31,115826.34,16.49,17,37,1
16879.41,60,17.35,77.28,38091.7,31.06,17,25,0
16958.67,60,10.34,1131.8,155287.11,12.08,15,26,1
22223.02,60,22.42,1463.19,199400.24,34.19,6,11,1
22195.32,60,5.49,479.18,35466.23,13.18,6,31,1
20389.0,36,16.14,922.14,115095.42,31.78,17,9,1
6256.65,36,12.68,1159.94,91657.99,11.25,17,28,1
20346.94,60,17.08,969.46,225131.63,36.68,20,6,1
7595.05,60,12.2,1386.15,80410.83,7.39,7,26,0
5919.3,36,19.35,725.81,237184.55,28.76,12,10,1
37373.18,36,5.41,811.81,210532.56,16.35,24,30,0
24593.05,36,13.12,86.22,43036.54,0.74,3,7,1
26720.11,36,21.63,1353.33,130546.68,13.27,17,8,0
16669.95,36,10.0,415.56,169270.34,8.11,12,48,0
36450.25,60,6.06,1468.28,156406.51,22.21,16,17,1
25879.29,36,14.93,327.1,176222.97,10.39,16,41,1
30997.62,36,24.53,402.58,118050.49,2.9,12,23,1
15373.94,36,6.28,742.4,228090.83,38.12,18,38,1
38440.46,36,6.4,1000.94,82182.99,33.81,9,49,1
32997.99,60,16.9,677.78,41643.19,1.81,21,42,1
34303.99,60,10.0,547.17,244934.0,10.86,24,48,1
7715.58,36,13.2,823.93,169950.53,25.22,21,12,0
11567.57,36,21.61,1438.7,171615.44,12.85,19,14,1
12139.44,60,8.98,1444.07,208031.13,11.27,8,25,1
11565.46,36,19.39,512.23,116931.53,23.83,8,23,1
34360.92,36,15.09,1029.83,,,20,15,1
2243.51,60,23.1,1091.21,238303.35,25.94,20,13,1
3967.9,60,24.46,990.52,108959.71,3.57,14,48,1
11682.68,36,14.7,196.13,38049.9,13.0,19,24,1
8795.05,36,16.69,823.03,90800.78,4.62,14,49,1
10042.52,60,19.92,1151.98,,11.86,17,42,1
32119.78,60,11.37,325.19,41840.81,27.31,4,14,1
22961.94,60,9.53,541.87,184842.22,30.56,14,5,1
1225.06,36,24.29,329.59,81272.26,5.8,5,33,1
17743.59,36,13.65,1333.78,191527.19,29.85,3,35,1
16907.51,36,5.03,1292.04,138347.53,3.37,24,47,1
5443.87,60,21.75,278.73,166412.42,8.66,24,30,1
27369.53,36,16.99,1148.01,75935.13,20.01,2,24,1
28381.79,60,8.37,565.04,58667.28,38.85,20,10,1
29114.84,36,5.6,1038.67,,38.94,10,35,1
29410.37,60,10.83,755.25,209882.66,19.13,13,16,1
1002.06,36,23.56,723.81,,32.2,18,21,0
38202.91,60,23.67,1325.49,87470.99,22.13,24,28,1
32754.14,60,11.22,966.34,212490.07,30.07,10,10,1
36255.29,60,21.72,376.58,211750.23,26.12,9,23,0
1610.09,60,13.84,192.82,51684.6,27.89,17,45,1
37420.49,36,18.09,1402.11,184148.11,17.58,18,38,1
32581.75,60,11.69,255.48,87224.84,33.32,22,7,1
33651.55,36,15.32,1109.09,127453.56,17.83,4,42,1
4638.21,36,10.88,758.9,118933.31,28.23,7,21,1
29812.34,60,6.22,235.9,158042.26,34.81,3,23,1
38436.75,60,7.79,1171.68,99840.36,26.22,17,8,1
27463.35,36,10.81,1359.59,36848.41,20.39,6,17,1
23251.89,36,24.53,208.61,174709.54,21.13,24,13,1
37879.56,36,24.31,128.62,240931.32,28.35,9,34,1
18274.55,36,21.55,1279.28,173609.58,3.69,4,8,0
24372.45,36,9.65,766.4,144109.22,25.46,2,28,0
19577.19,36,13.83,1021.57,57632.96,15.0,11,19,1
37381.0,36,13.8,678.98,163790.9,5.41,20,13,1
3967.3,60,12.74,636.27,160549.98,36.5,9,24,1
20543.67,36,5.9,470.5,162313.22,19.91,8,35,1
27791.15,36,15.69,857.5,225232.01,18.28,6,36,1
31884.35,60,6.46,264.92,184753.62,21.7,13,11,1
23737.73,36,21.04,1084.33,200181.97,24.9,17,40,1
36447.79,36,18.83,837.66,92067.95,7.79,22,9,1
37737.67,60,12.05,1275.86,82186.25,25.02,11,6,1
3508.45,36,17.94,1383.89,67559.61,14.1,19,13,0
16692.45,36,9.66,1353.86,199025.31,28.59,9,30,1
1914.9,60,10.31,913.81,180675.35,30.87,21,21,1
13847.25,60,11.28,498.54,98681.61,0.3,17,36,1
21937.86,36,20.94,555.04,52454.4,28.65,3,34,1
36521.0,60,9.21,989.23,214733.48,14.1,22,9,1
34015.62,60,16.26,1076.59,108383.94,12.15,3,47,0
5972.49,36,9.01,267.09,63642.32,14.92,15,24,0
4628.18,60,10.7,1496.99,53214.44,23.03,15,10,1
23981.43,60,9.71,188.03,231526.37,4.58,11,12,1
21752.6,36,17.9,922.43,49937.55,27.93,11,36,1
11388.73,36,15.53,810.6,102724.89,17.81,12,16,1
36078.67,60,19.43,898.75,165404.04,6.39,13,30,1
37167.29,60,9.4,814.63,113857.55,20.38,11,24,1
16701.85,36,5.18,115.13,129815.91,22.96,16,44,1
35721.8,36,18.61,1494.01,204603.01,13.85,8,44,1
15974.01,60,7.3,1472.48,249823.93,35.99,12,17,0
29735.86,36,9.93,800.8,127460.09,27.89,21,28,1
19561.75,36,11.11,336.27,107130.21,26.45,24,38,1
5780.74,60,19.94,298.92,113555.47,2.13,15,12,0
37189.43,60,17.52,113.86,104894.97,20.07,12,20,0
18709.77,36,8.69,929.43,128967.42,34.03,15,25,0
29644.99,36,16.96,733.01,96614.88,26.73,12,26,0
15319.78,60,19.16,641.98,126401.8,9.31,8,35,1
1736.35,36,12.78,802.06,237455.15,34.45,13,25,1
4920.68,60,9.92,1313.09,85829.04,14.78,18,15,1
20352.56,36,18.58,133.96,169931.19,36.6,8,25,1
27908.61,36,17.22,829.81,131994.72,20.49,14,48,0
14054.68,36,6.56,1060.49,188451.16,31.46,19,28,1
28124.05,60,18.33,1456.91,128627.17,24.48,24,21,1
28246.79,60,14.77,1117.35,56924.73,11.66,10,9,1
28453.5,36,20.07,835.73,220656.31,26.15,5,15,1
20208.35,36,8.81,1157.15,175426.43,0.38,9,12,1
36680.56,60,10.16,1495.68,140950.29,33.41,7,10,1
20078.66,60,15.87,1336.44,211149.26,38.63,20,13,1
18560.34,36,14.63,160.97,244522.69,8.28,24,33,1
8775.85,60,12.73,875.0,114161.85,35.35,13,43,1
12998.55,60,19.92,1186.12,101204.08,6.71,23,10,1
2651.05,36,16.3,1017.66,193326.22,19.66,14,10,1
25707.88,36,19.21,642.94,124559.27,11.7,20,24,1
10692.89,60,8.07,503.99,39726.84,7.67,3,31,1
12862.05,60,19.58,951.7,101515.43,30.23,7,19,1
31061.77,36,14.23,636.18,205985.38,32.26,10,28,1
13761.63,60,5.68,606.24,182539.66,33.54,13,12,1
10445.64,36,9.69,1260.01,218454.05,0.34,16,38,1
7593.25,36,5.52,494.01,53724.1,33.91,6,29,1
31219.48,60,14.14,978.04,76101.97,2.06,7,7,1
6058.54,36,11.52,1313.95,69389.11,17.94,19,16,1
18696.4,36,24.75,944.0,243406.55,7.01,11,33,1
20770.27,36,22.37,754.4,58852.61,36.27,22,13,1
27808.21,36,21.51,81.89,157523.91,23.07,21,23,1
25698.06,36,15.02,1031.91,165570.13,18.74,12,46,1
32618.11,60,21.14,1496.36,162345.49,17.77,10,29,1
2745.31,36,10.34,1218.39,179082.5,16.18,5,38,1
12561.19,36,16.21,962.67,131301.98,18.96,9,33,1
11925.23,36,12.86,719.64,39248.3,22.63,12,27,1
6694.66,60,8.43,359.76,181284.31,32.68,10,42,1
12277.95,36,6.45,1047.4,84654.12,9.51,3,23,0
13080.85,36,16.16,290.63,37450.55,32.17,10,19,1
21353.49,36,6.95,1333.96,59050.78,33.22,7,14,1
26884.47,36,19.36,550.36,86060.51,34.05,8,17,1
15862.92,60,23.43,617.7,119461.1,37.66,5,42,1
29059.34,60,8.24,347.58,218104.41,38.26,20,9,1
14110.45,36,14.42,738.04,143395.59,4.32,7,49,1
12321.06,60,19.78,1030.27,128552.47,35.11,2,20,0
22106.33,60,10.74,475.09,63989.29,33.82,13,32,1
1924.94,60,23.42,1061.7,240630.43,15.1,20,34,1
4111.78,36,22.77,942.26,228958.66,27.65,19,13,1
17300.81,36,7.08,577.41,207697.76,37.07,5,15,0
37773.6,36,5.55,489.82,94324.78,3.65,24,29,1
29138.96,36,24.53,1296.15,149174.35,14.18,20,41,0
4436.94,36,24.13,47.54,109434.81,38.96,5,22,1
34006.4,36,13.45,1082.38,112670.25,21.93,9,16,1
29559.73,60,6.01,643.36,36590.21,3.67,15,6,1
24826.91,60,17.38,1085.01,52210.25,38.44,2,5,1
32991.43,60,10.87,776.04,241068.82,36.11,3,21,1
16760.28,60,23.73,153.28,160319.28,32.26,11,28,1
9638.54,60,20.89,1473.62,21451.21,31.74,14,41,1
20968.91,36,17.99,156.49,206112.77,19.44,22,40,1
22404.83,36,10.69,262.9,40019.57,35.01,8,33,1
21994.73,60,19.03,647.89,182875.82,12.23,8,48,1
23037.88,36,10.78,1418.6,162795.27,14.34,22,24,0
37999.49,36,5.75,460.82,34478.79,8.64,2,12,1
36187.58,36,15.17,865.93,142116.01,16.13,16,12,1
35152.96,36,14.77,796.51,,9.35,18,26,1
32255.26,36,20.26,515.32,34809.64,13.59,23,29,1
37793.7,60,22.31,1053.61,31771.13,27.62,18,13,1
4841.29,60,12.09,767.15,78751.48,17.2,22,21,0
11339.81,60,13.99,880.08,204406.93,30.71,21,21,1
20307.18,36,14.41,338.93,103364.59,19.16,3,27,1
34014.85,36,11.48,1392.03,167093.8,5.57,10,28,1
20701.46,36,19.87,192.54,48715.27,29.68,13,46,1
30173.35,36,15.44,1044.7,234558.89,2.64,20,7,1
6419.44,60,23.28,1332.27,135975.38,37.7,14,19,1
10844.14,36,18.01,153.51,25656.83,33.64,20,49,1
29539.27,60,9.24,72.27,143603.53,38.52,11,6,1
7424.63,60,8.3,519.74,62441.93,9.95,8,41,1
14702.88,60,12.45,1191.22,65037.78,19.25,13,14,1
11329.78,60,11.94,1084.53,158086.14,7.72,11,35,0
14644.61,36,13.14,1238.57,72068.2,16.9,3,17,1
28624.64,36,8.67,614.32,69215.65,9.75,2,17,0
15346.04,60,24.56,1490.83,144420.76,34.11,16,31,1
22655.27,36,7.91,568.18,74155.67,4.86,4,8,1
4897.34,36,18.05,1213.91,45417.9,,23,24,1
32395.69,36,5.26,545.69,113899.09,10.56,3,22,1
15425.66,60,13.14,351.11,31959.64,29.53,15,5,0
26292.83,60,11.18,524.9,228224.31,25.21,2,47,1
29290.19,60,12.64,313.24,123853.61,5.45,3,37,1
9176.78,60,14.96,219.79,23011.78,24.23,15,47,1
35502.32,60,17.01,565.03,71669.98,33.86,20,22,1
25032.75,60,16.67,245.79,240298.1,18.09,5,30,1
17720.28,60,17.61,768.42,134169.91,24.47,12,20,1
8111.07,36,21.89,82.06,102544.62,21.28,6,47,1
37749.74,60,22.73,664.05,92475.65,14.31,10,38,0
30447.66,36,19.75,1438.27,115903.25,0.1,11,48,1
9112.96,60,6.58,557.5,68705.81,7.45,16,17,1
14170.72,36,24.23,232.33,192299.22,37.89,10,5,1
32577.3,36,23.95,478.64,136910.2,14.19,7,48,1
28131.43,36,19.23,1193.18,192829.74,11.88,20,42,1
30865.59,36,15.35,491.08,78507.8,24.56,3,12,0
18206.84,60,10.01,593.74,20334.06,36.15,7,41,0
28942.57,60,20.13,1189.52,242232.67,12.1,4,32,1
16073.26,60,22.56,413.02,137775.2,8.92,21,23,1
9239.25,60,18.3,733.09,38340.03,36.08,9,29,1
25674.4,60,17.58,122.86,43862.78,30.94,2,25,1
39064.54,60,8.86,285.88,119975.97,28.1,11,42,0
13113.44,60,12.16,337.89,179910.77,22.29,20,23,1
18977.81,60,19.46,711.46,,17.02,6,44,0
27286.05,60,5.34,1236.84,208635.07,25.51,8,19,1
22118.75,60,17.83,551.13,95683.68,,4,27,0
33893.68,60,20.33,589.32,30489.24,32.69,9,35,1
30707.97,36,11.69,472.48,21906.97,16.66,10,39,1
3273.59,36,6.52,501.12,217672.19,30.19,19,39,1
39938.43,36,21.38,623.15,246426.32,32.47,8,12,1
30343.7,36,7.84,1352.12,50543.74,3.01,22,16,1
34692.23,36,12.42,65.83,34269.38,27.02,7,34,0
26396.71,60,19.15,948.14,230313.76,12.11,6,46,1
34395.12,60,21.34,1334.89,43173.97,14.35,3,22,1
5382.94,36,22.25,642.93,72532.96,29.34,24,49,1
14561.78,60,15.61,986.84,204378.83,38.3,22,35,0
35180.42,36,14.52,891.0,249536.39,32.15,2,35,0
8864.55,60,21.97,527.79,131783.19,11.67,21,15,1
4051.44,60,16.26,232.0,68477.28,28.31,23,29,0
31736.64,36,16.57,352.84,214975.14,13.11,6,22,1
33583.96,36,13.68,114.44,110691.65,17.58,4,20,0
7343.44,36,12.46,1154.15,82707.72,4.92,3,48,1
34319.49,60,14.61,813.23,132795.81,33.37,3,11,1
27783.94,36,12.3,1184.88,216833.6,25.88,20,19,1
21283.22,60,11.87,456.59,,34.52,4,21,1
33379.76,60,24.87,1212.87,117481.95,8.94,4,16,1
17350.72,60,11.72,484.53,122176.05,5.17,20,15,1
8565.76,60,10.13,208.36,211535.77,32.62,14,14,1
12109.25,36,12.08,814.7,175481.19,35.16,9,33,1
20701.4,36,16.82,1419.58,199511.92,6.88,23,36,1
21721.9,36,23.22,639.16,179478.73,25.68,21,22,1
32417.65,36,20.76,787.62,156315.46,6.6,4,25,0
31862.76,60,21.84,693.4,50454.12,0.58,18,46,1
23673.3,36,22.18,702.43,211578.31,21.69,20,32,0
31450.63,36,23.41,345.1,159674.1,38.01,22,18,1
8479.16,36,9.7,651.05,181269.47,23.62,14,32,1
2952.52,36,14.17,760.44,,,12,20,1
35071.72,60,12.7,1124.94,91690.97,11.28,2,17,1
3946.63,60,12.64,235.55,120582.32,11.26,2,34,1
10620.85,60,18.05,870.27,144496.85,10.52,23,41,1
28117.44,60,13.04,1003.42,98849.17,8.37,19,23,0
16968.47,36,17.33,592.71,79463.47,2.66,19,22,1
35176.24,60,12.65,837.27,198671.53,30.28,23,10,1
12621.21,36,11.22,1074.79,193358.38,12.61,11,30,1
1462.98,36,12.06,713.7,211313.84,6.24,23,33,1
12725.57,36,21.08,520.03,180239.85,24.17,11,24,1
23544.93,36,17.02,1242.31,91697.28,37.37,21,41,1
15661.6,60,24.48,1483.56,95210.52,27.54,12,16,1
21860.04,60,21.65,348.45,141392.66,7.67,14,44,1
35187.33,36,14.72,1337.41,212186.96,16.56,3,32,0
36586.92,60,9.85,831.78,99647.43,33.01,21,22,1
11372.99,60,18.48,688.45,196165.97,2.03,8,10,0
19023.48,36,19.53,1342.95,90309.3,13.46,23,6,1
22416.62,36,14.28,1368.2,97860.84,15.51,18,13,1
38015.39,60,9.6,430.81,193044.15,18.1,14,34,0
39946.08,36,16.14,556.81,176072.33,22.35,18,16,1
10180.88,60,10.08,1282.33,67892.53,19.75,22,9,1
29352.21,36,23.8,751.51,210214.88,6.51,6,43,1
15743.21,36,17.58,453.4,200460.39,16.68,17,6,1
1316.22,36,10.84,1444.4,203406.16,14.76,21,42,1
1360.85,36,9.31,349.05,128180.77,37.17,24,12,1
18962.07,60,19.33,927.2,95587.11,29.71,11,10,0
20045.06,60,19.16,659.04,215449.82,34.64,17,15,1
1880.22,60,16.94,693.41,155288.98,28.39,7,35,0
27790.17,60,17.29,185.8,234125.26,2.27,15,14,1
12466.13,36,17.08,407.99,78380.22,18.96,17,41,1
22835.83,36,12.2,275.49,244394.12,31.12,17,26,0
12735.84,60,23.75,1131.95,107220.15,23.66,4,37,1
7518.24,60,14.59,1055.68,108428.52,30.34,5,13,1
16879.78,60,5.41,1197.33,74927.83,38.48,16,40,1
10058.66,60,11.97,1057.92,241955.83,9.9,6,27,1
21857.24,60,7.61,219.2,29134.27,39.34,16,35,1
8754.31,36,12.27,1468.53,128872.26,4.82,11,25,0
20827.83,60,17.17,307.12,104060.77,36.8,19,7,1
7137.76,60,5.45,545.16,56630.56,7.73,20,15,1
27168.01,36,22.4,1069.11,,28.78,21,34,1
30403.57,36,17.21,236.46,226613.85,31.33,20,29,1
5305.38,60,10.91,280.64,76020.93,32.45,16,32,1
19244.29,60,11.22,1318.57,134460.69,17.51,13,49,0
3764.0,60,14.31,518.06,152989.21,6.77,24,29,0
24329.12,36,9.96,1008.41,109812.46,31.84,24,21,1
11311.77,60,5.09,1292.36,231953.77,25.78,24,27,1
21577.35,60,5.53,1460.61,126148.72,10.32,6,40,1
21180.98,36,12.15,339.12,246039.46,15.7,12,49,1
37049.82,36,7.48,210.7,87897.18,11.9,5,43,0
22414.25,36,5.45,1118.88,36846.88,36.59,23,6,1
23736.94,36,22.19,306.66,152242.47,32.15,10,15,1
16664.47,60,10.48,882.88,209368.21,35.3,16,16,1
38014.1,36,15.06,812.99,109330.03,2.06,23,8,0
31310.25,36,8.59,853.09,62572.74,26.44,15,25,1
12130.81,36,5.93,985.2,189795.2,10.7,16,42,1
33924.17,60,19.9,1280.81,82303.57,29.93,7,9,1
17863.46,36,7.5,429.57,197039.67,35.64,15,6,1
33318.02,60,5.51,846.21,80333.95,30.64,22,39,1
33092.63,36,16.74,524.93,148176.29,36.43,24,39,0
8365.94,60,5.27,498.54,224165.74,15.95,14,30,0
28344.5,60,13.73,60.02,67061.93,24.97,4,18,1
12335.08,60,10.78,911.12,208759.73,18.99,7,45,1
12602.21,36,11.39,1459.58,81048.82,33.2,7,27,1
12557.57,60,5.08,1149.05,171952.92,22.52,7,37,1
29297.16,36,24.29,386.91,76053.94,28.39,6,17,0
9963.22,36,15.34,1082.7,46350.94,25.24,17,29,1
1035.33,60,16.45,467.04,172725.35,34.49,7,22,1
28894.24,36,18.32,1137.86,156824.28,21.13,18,25,1
7676.21,60,20.95,1286.75,112341.22,4.35,2,42,1
5074.81,36,17.16,521.46,28436.95,37.96,16,29,1
10263.13,60,20.24,33.21,129314.23,22.24,8,16,0
15816.12,36,13.97,478.38,54202.5,31.31,4,35,1
19560.35,60,12.43,332.61,102678.48,27.16,20,16,1
2738.23,36,21.46,939.36,154825.53,17.27,4,35,1
38852.36,36,22.31,456.41,236051.05,38.05,22,7,1
28926.46,60,7.76,82.99,137601.75,29.31,20,38,1
13604.57,36,15.85,811.06,64800.1,9.26,6,31,1
13429.19,36,18.67,1315.79,237632.05,39.83,24,25,1
18493.16,60,6.67,693.47,25959.29,39.99,20,25,1
25423.55,60,23.59,583.16,167848.63,11.58,2,5,1
6708.55,60,15.4,292.42,80350.19,39.41,22,33,1
8368.26,60,17.91,599.45,194227.33,24.7,9,19,1
34517.95,60,8.56,516.45,96181.33,7.41,3,34,1
10993.94,36,10.29,1492.54,118611.68,39.13,7,9,1
15827.6,60,7.42,74.79,197195.84,4.08,10,27,0
34979.6,36,10.28,381.11,,25.5,14,42,1
26862.77,36,14.85,130.88,61987.29,33.48,8,6,0
14326.76,36,21.67,1290.4,88147.26,33.17,2,8,1
27664.28,36,15.67,643.44,,0.25,2,6,1
1767.65,36,9.89,1200.52,217011.47,17.01,3,30,1
29690.06,60,5.89,1047.47,237839.5,3.55,16,37,1
19993.63,60,17.44,1394.21,84272.51,10.38,3,32,1
32714.1,60,13.4,64.93,108447.67,37.52,8,7,1
38230.87,60,24.69,334.8,118660.0,35.38,20,34,1
37105.75,60,20.6,1061.99,114242.93,26.37,15,43,1
36461.34,60,21.17,890.28,,35.94,8,13,0
20974.63,36,5.24,1051.15,129451.16,12.65,11,24,1
15045.54,60,20.56,875.96,55370.23,33.13,11,44,1
19136.38,60,8.89,884.1,33266.4,27.4,11,21,1
27905.94,60,16.72,1400.88,186411.1,29.36,7,45,1
35475.91,60,13.95,1384.3,214710.18,3.43,17,24,1
9072.47,60,16.43,85.86,206344.34,13.96,4,18,1
36809.53,36,7.67,638.09,164124.09,1.95,21,18,1
32792.03,36,14.14,780.54,242826.58,6.02,9,47,1
39175.38,36,5.74,556.12,20354.92,10.86,21,7,0
35329.82,60,5.82,102.85,93494.73,23.43,10,14,1
11917.56,60,18.15,724.28,91303.71,30.4,24,7,1
5132.28,60,24.03,1464.27,100424.78,4.34,11,18,0
5377.4,36,20.55,136.15,203997.61,2.19,19,13,1
12357.71,36,14.38,1230.52,100844.21,35.35,22,37,1
24953.17,60,6.12,317.61,141229.22,5.22,17,37,1
32368.49,60,5.9,877.89,161206.17,17.93,3,20,1
36070.76,36,8.16,598.94,214438.15,4.51,20,11,1
25326.38,36,24.52,543.04,161648.16,21.4,18,24,1
1219.62,36,12.97,1309.51,107700.49,4.25,5,32,1
8266.35,60,21.87,1461.01,179790.7,,10,48,1
4889.32,36,19.1,598.4,138573.18,3.42,20,34,1
15169.65,60,17.11,971.45,141532.51,17.21,3,30,1
20552.69,60,23.96,847.93,97085.08,16.82,19,43,0
2692.49,60,9.61,143.07,20369.73,36.83,3,30,1
14590.64,36,14.1,90.51,101844.8,17.19,19,43,0
7988.01,36,22.29,1166.91,89625.12,2.84,4,14,1
26235.74,36,16.04,609.97,43077.98,21.74,21,42,1
19106.62,36,9.93,482.13,65686.33,29.0,16,22,1
20317.39,60,9.18,1478.81,245604.72,13.49,21,32,1
17679.98,60,20.06,155.29,84357.9,24.34,16,45,1
38284.77,60,5.26,425.52,139176.35,4.87,15,12,1
9374.67,60,23.28,1289.5,146346.5,17.01,2,44,0
21149.91,36,5.37,640.05,148806.91,6.64,6,8,1
29704.68,60,17.62,888.84,30885.47,10.95,4,19,0
22716.93,36,17.09,101.12,197436.3,25.64,15,25,1
37231.81,60,16.57,1382.83,187979.36,30.14,13,19,1
15740.77,36,14.49,231.27,244754.19,12.46,7,16,0
19083.36,60,22.05,343.65,62478.99,39.59,21,9,1
4452.37,60,18.19,260.49,147372.0,11.39,19,7,0
24750.97,36,20.64,761.33,204880.95,6.01,10,11,1
12240.27,60,7.31,1230.78,48599.58,34.7,17,14,1
7252.05,36,6.0,422.38,201601.28,25.99,4,6,1
22236.72,60,5.57,239.21,82091.56,27.18,14,15,1
21760.1,36,7.94,632.58,84594.6,31.77,12,38,1
3958.99,36,18.34,1473.03,237486.98,39.98,19,49,1
28230.4,36,14.88,46.26,92190.81,11.36,11,25,1
25327.12,36,20.05,770.88,154374.6,21.92,12,7,0
8371.67,60,8.83,1013.97,121221.38,28.17,9,46,1
19307.96,36,12.34,1215.88,37976.65,5.85,11,27,1
29092.59,36,22.77,1126.9,238610.99,12.27,17,16,1
21647.99,36,23.71,139.41,69156.81,12.27,13,37,1
16424.07,36,23.43,708.95,81569.74,13.1,12,8,0
13571.2,60,21.37,145.76,106766.71,28.73,11,10,1
24805.36,36,18.76,941.19,,,23,26,0
37625.24,60,23.27,143.24,53185.71,28.64,24,13,1
27198.05,60,19.28,101.17,164885.42,20.49,13,36,1
3915.09,36,24.08,479.86,138381.57,38.22,12,5,1
18966.71,36,5.5,1410.08,89692.38,20.83,10,42,0
35742.14,36,23.43,1073.69,179309.91,24.14,7,47,0
4684.03,36,16.11,35.92,138238.43,11.93,18,40,1
39566.15,60,7.24,448.55,213357.7,2.35,9,9,1
38013.71,60,9.3,55.72,216743.1,32.62,20,39,1
4052.7,36,22.04,462.64,245424.54,34.26,7,24,1
37403.12,36,15.12,1037.67,35487.22,34.03,19,34,1
15162.17,60,24.66,1146.87,113191.09,32.07,17,5,1
33943.66,60,7.35,1212.04,135349.36,10.74,5,40,1
17316.95,36,13.25,1367.69,73776.27,22.99,9,31,1
18193.35,36,11.64,567.72,232068.09,32.6,8,19,1
25735.48,36,15.32,1298.02,40269.53,25.02,9,6,0
31204.62,36,17.67,1099.67,118556.4,38.34,19,13,1
2317.78,36,18.23,820.5,62593.87,27.11,17,44,1
24133.08,36,5.03,1433.31,176891.93,22.43,24,36,1
8282.59,60,6.78,1423.18,182148.24,39.82,9,9,1
14492.03,60,5.7,1349.48,220678.22,21.38,15,39,1
14570.78,60,22.29,327.27,114063.23,38.68,20,13,1
19293.35,60,11.27,335.59,198275.39,0.49,8,12,1
14031.32,36,12.34,1354.47,146403.53,22.0,8,7,1
5187.08,36,14.01,614.93,206822.31,11.56,4,7,1
6679.52,60,21.99,1202.24,39637.17,15.83,14,7,1
2304.08,36,5.28,1039.8,126592.96,3.52,6,37,1
19339.71,36,7.37,1150.66,54628.94,10.57,17,23,1
38223.46,36,18.7,68.62,201781.76,22.79,7,36,0
5511.33,60,24.28,662.04,,28.85,12,34,1
37904.32,60,17.86,1289.93,21853.89,36.41,22,47,1
29601.1,60,10.22,750.19,233790.46,9.27,13,19,1
25862.45,60,15.4,1044.5,131457.61,31.82,5,34,1
26165.83,60,24.5,1141.25,246593.9,0.98,12,12,1
33242.38,60,15.56,207.51,124189.36,35.75,10,8,1
5169.87,60,12.47,258.95,155882.31,23.79,7,7,1
20685.42,36,12.67,1095.09,191160.32,33.83,22,33,0
28186.55,60,24.34,110.22,84583.62,10.21,14,26,1
23886.0,36,19.38,532.59,50556.97,14.92,5,47,1
33478.38,36,18.74,1379.58,172059.79,3.88,9,28,0
3818.6,60,9.64,874.3,137457.97,3.15,10,11,1
27937.34,36,16.19,1368.4,210164.27,33.06,11,46,1
21827.08,36,12.13,484.84,30365.82,11.88,4,16,0
15787.27,60,9.8,965.84,145297.12,14.11,20,40,1
14270.72,36,22.91,451.51,62723.86,21.22,22,7,1
25212.47,60,12.66,193.35,161983.01,26.83,8,17,0
35748.82,36,10.66,1486.32,194901.15,1.87,3,36,1
20350.86,36,23.63,289.06,80492.34,22.97,23,13,0
33164.2,36,8.95,307.07,130811.4,24.4,18,34,1
16684.1,36,19.91,1267.62,116646.96,34.02,11,35,1
4993.38,60,18.05,1209.29,193620.29,6.19,14,47,1
3398.72,60,23.41,1467.41,157969.59,18.01,2,10,0
3002.04,60,21.64,135.46,47762.7,18.97,21,16,1
15825.86,36,19.11,168.36,244652.07,33.9,24,27,0
14152.27,36,11.29,689.61,229837.63,14.5,5,20,1
28999.54,36,14.91,899.87,153105.6,3.24,6,20,1
29970.04,36,23.89,85.9,198819.69,24.05,7,25,0
2983.3,60,5.46,262.83,24593.21,26.48,15,40,1
9623.81,36,20.89,1063.9,66343.12,23.3,14,18,1
11696.21,60,10.04,1012.75,196608.5,19.59,22,10,0
22356.87,36,8.7,161.84,44423.24,8.53,17,12,1
6636.09,36,9.64,1399.55,29827.14,21.55,7,5,1
6223.71,60,6.2,404.5,161614.66,1.44,20,24,1
37807.77,60,24.84,1334.23,27875.61,22.67,24,30,1
32363.91,60,22.4,1386.79,62116.18,19.56,14,12,1
8045.54,60,15.42,750.4,38395.84,38.1,17,10,1
16856.14,36,19.3,635.59,142882.46,12.8,9,10,1
14869.26,60,16.13,438.86,175694.88,0.87,12,45,1
31849.16,60,21.23,1216.85,62161.11,30.4,16,31,0
20898.3,36,21.9,318.99,127814.25,6.71,24,21,1
5986.14,36,9.66,944.52,24639.35,21.78,4,33,0
29820.69,36,14.19,863.69,80871.88,8.59,4,25,1
16478.63,36,17.7,395.88,61309.0,21.58,5,8,0
11254.05,60,24.57,1475.08,58171.8,23.24,13,6,0
15644.45,60,18.65,1274.1,71754.6,26.47,13,41,1
20412.51,36,22.95,60.18,205229.14,14.92,24,24,0
14381.51,60,21.92,650.71,238442.64,2.44,5,5,1
10434.33,60,16.64,557.69,,23.88,6,13,0
16541.58,36,22.87,1327.73,36618.77,34.58,3,35,1
1747.74,60,12.55,418.81,164477.68,21.02,17,8,1
31127.42,60,12.59,1497.72,188846.53,10.01,23,8,1
7666.85,36,20.62,324.12,45558.82,16.54,19,49,1
2712.28,60,7.69,388.51,87694.24,21.61,12,11,1
26494.25,60,11.12,1009.14,118527.7,3.51,8,43,1
31183.51,36,17.17,266.75,,22.72,12,28,1
32739.34,60,13.4,1336.54,139213.23,4.37,21,19,1
20246.86,36,23.81,191.6,50111.65,7.11,5,21,1
9009.36,36,24.17,1475.48,122292.36,15.72,21,38,1
29751.88,36,15.05,1315.73,188654.46,31.97,5,35,1
28288.81,36,15.78,1264.3,126014.65,32.95,21,13,1
10604.56,36,19.49,628.61,68400.03,11.31,22,32,1
36232.9,36,14.15,785.05,204485.88,21.52,21,9,1
5070.49,60,8.8,700.85,110710.98,3.75,7,43,1
39324.84,36,19.94,1481.52,117771.25,39.91,23,37,1
34549.66,60,19.76,81.19,102253.41,26.16,4,35,1
27828.05,36,9.9,591.11,86638.28,8.97,13,7,0
37611.25,36,21.66,1453.53,158448.02,35.99,15,7,1
29170.14,36,17.27,573.0,63195.68,13.99,2,42,1
8427.82,60,9.73,615.62,196922.83,11.01,10,5,1
18244.09,60,18.04,958.01,130790.88,11.9,22,17,1
3788.62,36,9.67,1363.69,223225.12,19.44,11,13,0
16196.64,60,10.3,462.95,235944.89,1.34,7,9,1
29922.52,36,21.96,1422.98,108083.79,26.06,21,11,1
16071.29,36,23.59,445.37,56529.34,37.91,7,11,1
13881.47,60,10.14,1228.63,136209.81,32.62,8,6,1
24218.87,36,23.56,435.48,82203.91,32.44,2,5,1
35015.98,36,9.78,137.29,118100.28,30.96,14,6,1
2855.74,60,7.35,1224.08,106811.86,14.27,18,43,1
16033.35,36,6.16,691.61,123608.59,7.62,10,34,1
7171.39,36,9.84,604.4,134670.09,12.57,17,44,1
28118.82,60,12.7,661.93,164308.65,6.91,8,29,0
5123.26,60,23.55,929.02,20877.21,34.04,9,21,1
26927.5,36,9.84,416.16,78976.69,16.84,23,41,1
12161.05,36,12.31,378.79,59158.47,32.48,10,9,0
8757.76,60,19.68,740.66,183402.73,11.61,6,9,1
37517.75,60,11.04,82.38,211435.25,5.75,21,43,1
1722.46,36,18.69,974.99,186923.99,34.82,13,27,1
18073.31,60,13.64,1239.58,244172.68,31.96,19,44,0
1843.45,60,8.93,1099.3,37766.93,22.25,15,21,1
19860.13,60,19.68,719.87,126893.47,4.93,13,21,1
20540.85,36,5.54,861.12,226855.16,13.45,23,49,1
13544.84,36,10.85,68.49,93390.32,2.3,18,9,1
6154.31,36,12.12,1371.16,204532.93,35.93,23,31,1
15679.11,36,14.16,850.35,149200.35,9.61,11,43,1
27218.25,36,18.6,495.12,245068.03,20.93,7,20,1
31513.44,60,14.19,461.57,105335.05,37.67,21,6,1
21699.27,60,16.89,999.7,115948.47,24.92,16,46,1
24003.54,60,16.92,888.96,57675.49,24.92,18,47,1
8824.04,36,12.47,306.13,56717.23,33.31,20,43,1
12205.88,36,23.68,632.58,218030.53,27.74,6,9,1
7313.93,60,24.12,1023.99,113677.88,19.43,13,15,1
10722.52,60,16.64,467.55,162707.07,4.89,20,6,0
9770.58,60,6.43,778.64,193018.02,19.87,21,35,1
21258.5,60,14.82,404.67,120795.94,7.28,10,5,1
22944.86,36,8.69,135.37,239370.32,19.67,8,20,0
37852.95,36,14.66,600.72,235779.95,0.88,9,37,1
8627.26,60,8.77,1106.15,176427.21,14.1,13,22,1
26025.35,36,19.08,344.36,248897.8,2.21,19,32,0
32873.11,36,6.61,1139.12,20609.15,5.82,11,38,1
22849.42,36,24.07,1014.15,22128.12,27.8,8,27,1
10945.14,36,8.91,775.83,35533.01,39.05,2,37,1
11239.46,60,18.21,1458.04,237009.56,22.59,10,15,1
2530.87,60,23.34,1328.62,159111.95,6.78,12,45,1
12912.32,36,9.96,857.87,233376.15,15.06,10,38,1
30039.54,60,23.69,849.94,49232.58,9.37,18,8,1
2853.19,36,12.77,438.32,27355.09,1.91,6,19,1
9552.52,60,24.21,1382.69,,36.52,18,23,1
28543.07,60,24.43,1347.01,60300.46,21.69,24,32,1
31523.41,60,8.76,1120.82,,5.96,11,32,0
18757.42,60,21.62,217.99,116694.16,29.83,9,15,0
28224.9,60,8.87,1064.36,197205.06,6.85,24,11,1
16130.13,60,9.53,402.08,138780.93,8.26,3,41,1
7236.62,60,6.68,307.55,141594.2,24.06,21,22,1
16527.83,36,8.13,1146.04,176824.35,17.06,8,19,1
23618.74,60,17.64,1440.81,97153.92,35.79,3,22,1
37974.08,36,13.99,190.09,238234.88,23.87,22,14,1
3681.29,60,20.82,271.04,112094.32,7.3,12,32,1
20788.37,60,11.64,352.27,111549.75,18.99,11,16,1
13827.87,60,24.37,1445.48,182707.12,29.07,17,44,1
20824.16,36,6.0,1053.71,166337.93,24.0,12,49,1
1935.04,36,6.26,1027.08,249029.77,12.85,23,20,1
13207.99,36,19.03,772.39,215553.09,15.46,18,34,1
32974.86,36,22.75,820.27,85455.88,26.62,21,39,1
22603.73,36,20.91,456.55,43357.1,20.76,12,7,1
18572.72,60,14.8,257.19,44524.25,2.95,6,22,1
12135.48,36,10.39,1177.0,103170.02,21.95,9,15,1
12623.66,36,5.27,721.92,129752.78,18.19,4,40,1
15940.96,36,15.19,406.33,166538.54,32.6,18,46,1
33587.26,60,14.51,960.19,217276.99,4.49,17,7,1
38721.32,60,11.88,337.91,247594.31,0.04,9,12,1
18107.56,60,16.56,748.5,114004.68,32.83,20,6,1
16340.76,36,19.58,309.62,145483.49,8.45,8,21,1
34015.48,60,19.02,1146.72,158171.88,1.26,2,5,1
17649.31,36,10.27,501.58,148469.2,8.84,7,19,1
22528.71,60,16.71,679.3,40772.01,35.44,18,14,1
10006.72,60,7.98,1139.68,46459.35,6.85,15,21,1
29996.6,60,7.43,999.61,224413.76,12.8,21,7,1
21747.54,60,20.72,617.56,175384.32,24.42,11,48,1
32552.35,60,18.87,134.41,176115.06,7.18,17,32,1
31448.58,36,20.36,1384.76,207399.8,25.81,18,21,0
9385.19,36,8.05,41.65,,28.27,16,38,1
28909.79,60,23.29,1109.85,115560.39,9.24,19,44,1
32202.12,36,7.66,1419.74,76735.12,3.85,17,8,1
14498.18,60,22.4,480.81,171985.53,16.08,2,23,1
7731.76,60,12.05,140.9,69435.03,27.94,8,19,1
1102.65,60,7.11,396.83,179188.72,32.54,2,29,1
18585.24,60,10.74,490.72,109217.11,1.47,18,48,1
14744.88,60,8.63,693.44,121063.27,21.46,3,20,1
22641.48,60,14.81,802.1,208142.94,10.29,18,34,1
8333.6,60,23.99,1096.24,100078.42,16.64,22,39,1
34526.96,36,11.56,1354.35,79017.82,21.15,5,27,1
11052.45,36,17.24,713.25,215560.9,29.41,15,18,0
9830.75,60,22.83,1127.1,177641.79,1.59,4,17,1
19747.85,36,17.6,216.98,112895.98,6.81,12,33,0
20455.19,60,12.24,513.31,134669.01,24.65,2,28,0
9388.32,36,24.82,203.58,100007.36,17.63,5,47,1
11602.57,36,8.75,1046.86,146778.07,8.4,5,29,0
7618.5,60,15.47,1364.24,51900.04,2.6,20,22,1
29019.95,60,20.93,1336.92,224341.68,36.59,12,8,0
31033.47,36,5.01,509.88,147431.05,14.52,7,34,0
19030.81,60,19.04,374.3,108611.86,16.42,15,16,1
28849.39,36,10.33,432.85,151466.55,1.96,5,32,1
29701.48,60,8.39,452.38,57074.31,29.54,11,25,1
6392.75,36,10.48,150.9,38048.75,39.69,2,30,1
38680.94,36,24.34,226.02,146069.01,39.13,17,26,0
33020.25,36,22.84,345.29,36214.24,12.45,16,45,1
8974.85,60,9.28,42.01,171999.94,38.45,3,22,1
8260.44,36,7.34,99.43,204055.55,16.31,14,34,0
5900.78,60,12.28,1056.87,247324.5,15.49,17,13,1
6396.76,60,16.85,940.41,196926.09,33.27,10,25,1
30178.31,60,22.34,1419.77,244048.8,31.67,22,33,1
19316.52,60,24.32,620.58,25102.07,19.0,3,41,1
31534.43,60,20.02,683.17,148534.95,17.9,11,38,1
30103.94,36,16.98,129.57,57889.45,38.74,11,45,1
24579.9,60,7.85,253.81,76381.12,16.34,8,39,1
27768.3,60,6.48,1046.66,188943.15,34.47,2,24,1
1715.87,36,16.92,375.51,78149.99,29.86,5,5,1
13159.33,36,15.78,1166.72,61356.66,4.28,23,36,1
25875.06,60,21.92,1067.35,105524.4,6.36,19,21,1
1364.45,60,11.45,1128.48,39148.6,1.5,9,25,1
2286.1,60,5.79,1045.16,53693.61,1.41,19,30,1
34223.63,36,13.47,1070.26,53683.62,24.18,9,37,1
27676.97,60,24.38,833.8,71993.0,3.08,19,41,1
11349.42,60,20.91,1027.01,220261.35,5.45,9,32,1
27830.55,36,5.68,803.48,87904.44,9.77,19,32,1
31905.81,36,22.49,332.95,82989.65,22.13,4,18,1
12964.98,36,14.43,349.88,48977.33,9.16,24,37,1
2405.46,60,12.3,625.79,23704.19,15.84,5,31,1
37378.39,60,11.93,50.46,56887.13,14.13,17,36,1
14462.01,60,16.9,1337.27,186283.39,15.85,4,24,0
5152.79,36,15.61,424.35,243064.65,37.16,24,16,1
20182.42,36,18.13,105.76,191077.21,38.79,11,44,1
30970.24,60,16.47,653.91,216242.37,2.9,24,9,1
9644.25,36,7.88,1228.93,200951.5,4.42,11,34,0
11510.11,36,10.14,614.11,88092.02,2.19,10,43,1
10465.88,36,21.82,416.14,188182.94,15.51,6,31,1
39675.25,36,18.27,831.01,192635.02,34.04,10,26,1
8698.75,60,13.97,874.34,79469.67,31.99,10,13,1
23445.29,60,8.65,1146.01,231750.33,14.19,22,34,0
37085.32,36,5.15,1205.64,249527.85,30.03,9,34,1
6728.97,36,11.24,1068.13,149098.37,39.16,3,35,1
38863.31,36,6.1,36.67,92816.88,7.76,7,10,1
37951.61,36,14.65,33.06,102250.44,38.56,19,40,1
35498.31,36,21.44,1466.85,153962.04,30.83,2,7,1
9367.7,60,10.71,418.38,21789.33,4.59,21,17,1
25728.15,36,21.96,445.06,90917.4,31.78,17,13,0
30674.77,60,19.09,1106.39,31270.95,4.09,3,10,1
39455.09,60,7.51,884.93,163561.36,1.19,11,36,1
8036.53,36,17.89,711.44,158932.34,30.58,21,35,1
30875.01,60,8.03,201.17,155941.05,35.8,5,26,1
14213.25,36,18.1,149.79,54727.85,16.02,13,35,1
7849.43,36,7.85,1064.33,237248.61,0.96,16,29,1
17433.7,36,12.85,213.17,142872.62,23.9,13,35,0
31959.6,60,16.33,670.64,147848.26,9.33,17,22,1
19129.14,60,6.01,1112.11,145179.63,21.75,4,39,1
21963.4,60,8.07,1387.1,140615.01,12.72,8,25,1
39811.22,36,11.41,1314.17,235838.42,24.9,6,36,0
16565.26,60,14.25,1300.13,158465.57,10.41,11,49,1
25000.63,60,22.17,556.99,131578.8,5.94,22,6,1
15244.52,60,8.75,1392.94,196282.39,30.1,18,26,1
16318.64,36,11.95,1034.98,77836.37,21.55,22,34,1
28129.99,60,14.52,1333.14,64162.31,12.7,6,46,1
37577.59,36,10.92,160.72,121018.91,25.12,18,21,1
22152.0,60,17.51,88.15,23607.7,11.49,13,20,1
30967.6,60,10.13,661.58,87508.91,14.61,16,35,1
4479.06,60,20.45,1247.18,116617.11,15.03,5,41,1
9235.16,36,15.1,630.54,153100.71,9.06,3,47,1
20583.13,36,6.73,1330.43,144936.79,17.63,18,47,0
1780.46,60,17.54,375.12,104502.43,32.61,19,14,1
10861.34,60,16.38,87.84,98950.51,38.84,20,23,1
21178.65,36,11.77,1149.09,20303.32,8.78,4,7,0
1583.49,36,5.22,950.47,222655.93,37.55,6,16,1
11317.31,60,9.01,676.93,73192.95,11.12,15,38,1
21047.2,60,13.11,1272.53,102340.73,18.8,20,23,1
23352.82,36,9.0,1241.54,24658.65,4.03,15,31,0
37104.32,60,16.55,507.07,240073.92,24.32,20,27,1
26168.48,36,19.25,1261.82,133751.69,20.43,2,6,1
17174.7,60,22.12,537.38,25352.67,27.16,6,36,1
37283.7,60,17.94,944.2,77774.63,24.02,18,5,1
31610.44,60,18.78,312.97,222230.39,39.26,18,39,1
8800.35,60,17.17,418.36,106411.37,30.81,20,33,1
6102.85,36,24.71,688.38,178563.18,38.62,14,9,1
27356.65,60,10.22,492.46,161185.66,21.02,13,11,1
22835.44,60,10.33,219.84,128545.82,11.26,17,24,1
31797.27,60,7.53,739.01,211640.32,21.28,2,44,1
29813.4,60,14.71,781.7,29281.49,18.67,24,5,1
25383.25,60,6.92,263.3,229857.43,17.09,6,6,0
39468.9,60,10.4,286.24,185152.74,16.04,15,11,1
21810.0,36,14.65,73.14,218654.17,32.45,14,21,0
5411.12,60,24.15,74.62,23894.46,29.64,4,36,1
33302.67,36,24.28,557.19,39502.76,25.75,24,16,0
10822.28,36,19.87,245.58,67352.13,25.8,3,46,0
31314.78,36,12.79,1381.06,156518.98,14.96,13,44,0
38327.18,36,22.3,323.14,41256.81,17.53,10,45,0
28175.03,60,22.51,126.96,234255.81,6.1,7,23,1
24245.18,60,23.2,624.13,192176.64,23.16,11,49,0
18955.06,60,17.8,312.92,205747.14,5.61,19,41,1
15211.98,36,9.04,120.8,154285.5,36.61,17,14,1
14767.19,60,6.82,1136.51,165118.06,16.63,14,35,1
25818.54,36,23.3,848.93,70843.3,1.71,19,11,1
30299.65,36,6.11,113.81,229309.5,0.07,15,10,1
27462.17,60,10.92,717.99,169251.1,27.05,18,43,0
8737.99,36,14.74,87.08,116080.24,,14,12,1
20265.5,36,5.44,550.84,222784.55,30.81,21,49,0
31873.96,36,23.14,564.03,218679.03,29.97,22,46,1
19552.46,36,10.74,1239.79,20124.02,0.12,10,19,1
21928.31,60,5.57,1110.87,232712.63,6.68,10,47,0
31074.31,36,24.87,1348.51,103588.25,13.04,15,7,1
26789.35,36,11.23,236.56,117093.78,2.46,3,31,1
16964.45,36,22.54,814.63,39622.1,7.13,8,37,1
35921.1,60,14.07,59.68,221842.74,23.26,7,45,1
7340.12,60,18.26,1243.52,144017.07,18.28,6,33,1
39825.14,36,9.82,568.87,228311.97,34.42,15,27,1
5635.25,60,15.06,131.88,199587.61,8.96,5,44,1
1583.05,60,10.15,507.25,226535.7,21.41,13,40,1
35710.74,60,24.02,451.76,238099.49,34.47,16,39,1
10553.19,60,6.22,1156.02,223758.0,2.42,23,43,1
29458.29,36,10.49,216.12,68262.11,34.8,11,32,1
32629.6,36,22.86,846.99,36125.88,13.76,19,28,0
34500.47,60,14.6,1197.06,162658.23,34.38,5,20,1
39672.18,60,17.0,1117.12,55662.93,27.27,2,39,0
12467.55,60,18.03,1405.78,218514.52,26.91,17,6,0
28699.49,60,6.42,30.93,237914.95,1.92,17,37,1
5500.59,60,5.35,550.09,47893.67,37.65,7,24,1
16865.56,60,23.76,573.29,74243.05,17.24,10,46,1
34070.9,60,10.43,78.96,163801.77,4.33,22,41,1
15338.66,36,12.61,1231.38,186809.32,30.67,9,10,1
24052.72,36,18.64,1042.67,137831.79,34.67,14,7,0
20647.16,60,9.73,806.28,104877.47,37.18,23,30,1
26192.11,60,19.66,625.38,90385.73,20.26,12,36,0
38942.88,36,14.16,1346.26,173172.67,16.15,5,34,1
3173.69,36,22.13,418.76,191249.14,23.34,19,26,1
23384.5,60,10.57,521.78,86432.31,11.87,8,30,1
34658.12,36,9.08,1430.37,94979.03,15.71,5,9,0
19773.93,36,21.63,125.0,125815.49,21.56,11,44,1
4062.56,60,11.53,1177.5,123549.91,32.98,12,28,1
22861.03,36,13.24,1085.55,213810.57,34.14,11,28,1
13950.88,60,20.87,1355.78,120489.19,5.25,7,30,1
7042.73,36,17.71,163.13,245034.15,5.36,18,19,1
34112.35,60,13.83,1456.55,91521.58,7.37,14,11,1
21342.38,36,10.0,72.39,179348.79,23.86,5,34,1
37397.78,36,20.28,526.42,194555.34,8.11,13,24,1
32434.64,60,8.61,154.69,164992.91,24.5,21,11,1
28025.9,36,23.57,105.23,104420.98,29.01,3,41,1
1195.99,36,8.01,1448.14,79205.51,34.34,5,6,1
17685.11,60,21.1,1087.91,158984.9,34.69,13,35,1
8701.96,36,13.48,773.36,171485.17,8.59,16,9,1
36521.12,36,8.72,189.04,79253.1,12.49,21,13,1
7808.78,60,13.05,803.25,97392.49,7.27,7,45,1
12156.34,60,9.43,500.48,218274.49,27.22,12,44,1
21156.63,60,7.72,429.23,206417.88,27.47,5,42,1
11271.18,60,9.78,938.61,62269.58,0.16,18,28,1
9184.72,60,22.35,1192.66,234671.84,,15,8,1
24364.87,60,7.12,681.59,164447.55,13.39,4,42,1
4468.25,60,24.45,755.15,134253.6,8.29,9,41,1
3268.54,60,5.1,987.6,66198.85,22.05,3,10,1
15517.57,36,18.16,213.22,187944.89,1.62,17,26,1
29105.91,36,22.13,1248.05,231782.88,33.05,16,5,1
22637.46,60,23.68,1260.3,34938.13,18.65,7,34,0
17492.18,36,7.88,825.34,139771.27,23.75,3,12,1
23064.31,60,18.96,305.71,221740.37,23.19,18,28,0
15252.61,36,7.15,766.12,239080.27,18.03,19,31,0
37509.71,36,12.05,185.73,36592.14,22.7,22,38,1
3141.29,60,19.64,1152.04,201942.61,3.04,8,28,1
27262.27,36,11.92,487.4,84723.44,15.38,8,31,1
35760.02,36,11.27,487.31,144546.0,28.39,10,8,0
32351.5,36,7.32,1419.22,200258.47,14.65,22,27,1
8177.6,60,6.33,650.13,145380.94,10.16,10,30,1
12541.13,36,7.31,1190.68,45313.78,22.6,17,36,1
28964.87,36,22.51,966.63,155823.02,19.06,22,40,1
4286.55,60,5.22,494.78,47096.51,21.34,6,43,1
32662.61,36,18.86,211.97,99912.07,38.34,19,9,1
29037.37,36,20.37,1202.68,148393.13,6.0,21,45,0
29454.66,36,16.36,1150.88,248025.44,24.66,13,47,1
4909.41,36,19.62,278.67,187193.97,,6,42,1
28992.66,60,18.05,396.2,89759.62,25.89,21,28,1
27512.91,60,14.11,1156.37,221607.04,7.89,24,34,0
33405.98,60,12.65,1475.94,72013.82,32.28,12,15,1
2622.24,36,23.83,1270.15,108318.12,10.79,23,34,0
1901.32,60,24.44,1035.7,168814.9,16.04,24,8,1
15547.28,36,18.03,1375.68,114429.13,20.63,12,48,1
6802.74,36,8.95,449.3,187802.71,24.4,12,38,1
22776.99,60,13.96,44.19,169639.66,11.97,12,47,1
36776.61,60,14.93,501.82,173475.43,6.27,9,5,0
16267.71,60,20.16,1458.74,116660.66,25.41,17,45,1
33953.06,36,18.36,1326.5,32679.88,17.68,17,25,0
1009.39,36,15.3,104.02,220722.67,2.31,19,18,1
7572.07,36,18.61,767.88,37025.24,21.47,19,11,1
2186.52,36,5.48,146.14,126727.94,18.69,20,44,1
13797.74,60,20.53,1189.88,89446.26,20.49,20,40,1
36419.39,60,9.23,577.74,88156.12,4.28,20,47,1
4781.13,36,18.13,1370.56,72123.59,18.92,13,11,1
24649.98,36,7.28,110.05,82480.13,29.81,8,38,0
18608.34,60,7.29,1108.97,239728.5,5.31,17,40,1
37600.26,60,5.71,617.07,243572.16,24.94,2,27,0
5778.25,36,23.2,424.29,151312.65,7.11,11,8,1
9269.09,60,17.09,790.65,140671.04,12.36,14,28,1
2152.14,36,12.24,743.67,31123.97,14.51,16,21,1
17923.47,36,20.76,542.75,204859.15,30.54,19,27,1
11835.48,36,17.52,983.82,59226.91,9.04,6,23,1
34926.33,36,17.4,1002.13,52794.18,10.55,20,44,1
24592.69,60,14.74,143.39,117536.31,34.8,8,32,1
24949.54,60,5.16,905.26,99934.39,29.74,19,40,1
21744.52,36,10.17,1074.78,42226.42,20.25,3,38,1
4582.16,36,7.18,141.56,54024.89,12.64,15,27,0
18355.73,36,18.25,998.92,248237.54,31.67,21,24,0
39980.7,36,9.97,1211.85,189009.91,22.5,23,40,1
33573.94,36,14.0,1252.96,157668.16,13.21,9,48,1
35844.9,60,12.07,91.22,89831.79,12.59,14,6,1
33105.83,36,7.86,1055.2,118541.23,18.29,9,19,0
5018.63,60,24.17,1201.56,164436.23,37.95,22,16,1
9870.48,36,23.67,613.33,200384.3,25.73,4,33,0
1121.74,36,6.69,827.98,237674.1,,13,40,1
12836.89,36,21.55,419.72,48216.5,15.48,5,32,1
5235.69,36,14.77,486.05,64077.59,39.06,14,14,1
19438.94,60,20.47,767.38,150541.47,16.28,13,13,1
27407.97,60,8.02,252.17,235853.47,0.48,18,44,1
35105.71,60,7.65,574.66,124084.65,32.05,20,20,1
30219.47,36,22.82,473.11,165807.69,20.52,17,14,1
37604.84,60,22.96,380.23,,6.01,17,40,1
3102.03,36,14.32,741.32,206699.92,0.92,24,20,1
1475.01,36,22.4,1262.86,159210.06,39.69,13,33,1
26792.19,60,18.35,386.13,107815.92,25.89,13,9,0
12284.74,36,8.7,999.8,144802.89,18.63,13,28,1
10886.54,36,11.58,403.66,179794.15,13.36,16,27,1
13904.6,60,7.72,238.86,69107.91,2.89,12,38,1
11522.05,60,20.48,1416.68,98532.37,25.81,16,8,1
20946.02,36,24.71,960.86,77617.41,14.76,19,32,1
18165.79,60,15.93,183.76,240836.69,39.59,3,9,1
20984.71,60,18.12,959.99,29882.67,4.34,16,40,1
27235.83,60,19.92,289.23,32981.48,9.84,4,13,1
16098.09,36,9.49,1335.06,101819.32,16.14,24,21,0
10801.0,36,11.72,393.78,143746.16,31.9,21,7,0
7481.82,60,13.25,1215.99,95646.37,31.08,11,6,1
14629.49,36,16.89,322.82,217094.46,9.77,23,21,1
29930.45,36,22.01,850.69,58958.2,14.45,21,15,1
30511.49,60,10.08,1371.12,103864.0,2.36,13,14,1
27009.31,60,14.42,465.12,132228.67,15.14,17,31,1
10127.1,60,20.03,149.65,66497.87,6.73,5,47,1
23935.36,36,6.75,842.31,86720.77,36.78,12,30,1
23256.9,36,15.26,283.33,237904.25,32.32,3,33,1
19886.38,36,7.89,1100.67,139652.22,6.6,15,25,1
22449.18,36,15.78,898.51,220023.3,19.63,11,15,1
20179.83,60,20.36,539.17,81954.24,38.33,21,8,1
23052.8,60,9.74,1067.31,160844.98,16.42,23,34,1
28904.73,60,21.99,380.64,,17.92,24,42,1
5275.5,60,11.7,1378.04,116964.96,,4,8,0
30235.4,60,8.82,539.93,163684.04,19.69,21,7,1
6299.56,36,14.31,1151.56,218540.48,23.86,9,45,1
3598.49,60,22.52,410.02,52380.56,3.6,24,29,1
39067.11,36,6.38,1080.79,101590.6,3.7,4,8,1
38322.68,36,11.55,76.35,209497.86,30.76,3,21,1
3357.03,60,18.06,464.41,73106.15,39.31,15,7,1
18286.88,36,12.15,166.55,147906.29,19.65,2,21,1
8263.55,36,6.42,693.29,120743.58,34.46,18,8,1
19928.45,60,11.64,669.61,172926.34,34.76,14,10,1
33376.91,36,21.42,557.74,173641.23,,17,33,0
38073.86,60,24.36,1472.32,153050.69,13.15,22,40,0
25735.85,60,5.8,388.81,237759.49,29.18,7,18,1
14802.32,36,16.39,1192.85,60325.04,36.42,17,36,1
24529.7,36,7.11,687.75,212070.0,34.14,24,9,1
13168.05,60,18.61,522.17,132566.14,12.77,2,5,1
36483.12,36,5.16,329.1,172216.79,14.2,19,26,0
34945.62,60,5.29,961.1,82961.78,29.45,24,24,1
22771.04,60,20.54,520.51,41761.01,12.7,17,29,1
13667.16,60,6.49,1224.99,198872.39,34.08,14,28,1
12442.2,60,11.1,1453.64,77902.62,20.37,2,49,1
2303.3,60,24.16,363.88,109767.4,11.71,16,7,1
32817.01,60,24.7,219.15,30930.65,11.45,3,26,1
18564.95,36,8.23,493.81,169546.9,31.36,23,15,0
13680.18,60,16.22,716.65,178113.19,4.99,2,39,1
19373.3,36,16.18,472.42,227381.67,37.28,22,16,1
32930.78,36,14.05,1456.59,224934.74,16.54,17,23,0
5859.95,36,23.49,1175.43,,33.76,19,13,0
34448.58,60,20.08,1450.23,94089.68,31.69,21,32,1
36002.84,60,20.29,578.66,106164.03,31.17,12,20,1
37921.61,36,10.39,477.87,107791.4,26.98,14,21,0
16502.03,60,13.69,628.82,49815.42,19.98,13,40,1
9468.48,36,14.75,798.57,237876.0,15.6,16,45,1
15571.99,60,10.98,1120.09,208177.82,23.23,17,36,1
13983.57,60,6.9,1325.22,53412.05,21.08,2,49,1
7870.0,60,7.53,710.87,237686.67,14.04,20,43,1
24683.4,36,8.61,455.09,213941.55,19.73,16,15,1
19588.34,36,9.07,498.7,231336.26,14.6,9,17,1
34762.34,36,9.85,1054.51,85698.21,26.32,7,40,1
2252.27,60,10.11,864.31,97181.09,33.4,18,13,1
26110.85,60,14.11,745.15,128082.85,31.48,20,48,1
30755.01,36,15.19,328.08,71566.15,13.63,6,44,1
30619.98,36,11.18,1316.92,127047.2,20.38,12,10,1
35556.88,36,23.15,1178.1,22116.39,0.43,19,23,1
29432.32,60,16.06,236.74,221833.41,34.81,16,28,1
37184.59,36,20.75,570.06,57327.63,9.82,3,39,1
13973.61,60,23.48,826.93,135195.0,17.64,17,41,1
20625.17,60,8.26,697.88,233630.09,6.1,9,46,1
1549.11,36,13.56,614.76,208825.98,27.12,18,34,1
1271.35,60,13.66,1086.68,198508.65,21.81,13,16,1
10364.94,60,12.09,110.12,159252.5,14.59,19,26,1
4931.48,60,5.18,722.97,120342.9,21.41,16,22,0
11148.24,60,21.32,415.41,122588.6,6.75,14,27,1
7904.69,36,7.23,154.39,40002.09,31.03,9,28,0
2112.28,60,24.91,713.38,34900.77,10.64,18,16,1
36462.86,36,20.46,281.91,213990.86,24.6,24,22,0
1320.7,60,16.6,409.59,113989.98,35.98,16,23,1
29707.2,36,8.09,775.3,32423.69,1.54,23,20,1
6933.77,60,15.31,1461.35,172502.48,15.5,19,9,1
36576.96,36,10.22,1035.85,177159.55,5.4,21,43,1
35819.04,60,10.05,441.04,72311.28,36.35,6,11,1
26502.14,36,21.59,592.14,114465.51,14.4,11,28,1
27217.13,36,12.61,627.02,151887.54,8.53,8,35,0
1208.23,36,14.01,255.85,157144.81,27.06,5,11,1
39409.99,60,21.86,266.16,137556.56,21.73,14,9,1
35235.47,60,6.76,248.14,103765.19,32.68,3,33,1
35909.14,36,16.89,796.85,35828.61,30.12,22,24,1
26710.54,60,16.56,1021.05,25125.23,38.99,4,41,1
14446.69,36,13.5,898.36,125692.99,3.62,9,9,0
35852.3,36,21.6,1467.32,66676.81,3.21,7,26,1
12369.16,60,23.86,215.04,,36.29,7,43,1
22945.75,60,14.31,1480.12,167295.91,38.23,10,16,1
4889.51,60,14.12,716.01,154666.87,16.27,22,46,1
36956.27,60,15.04,351.39,113506.93,18.23,17,20,1
6490.05,60,19.46,1416.62,95790.81,14.75,13,5,0
9770.98,60,18.36,718.86,61355.83,31.11,17,9,1
22767.23,36,9.46,540.6,33832.91,30.83,11,11,1
30799.63,36,6.28,344.3,165934.46,8.82,5,38,1
25154.7,36,23.99,423.78,199216.1,15.36,20,5,1
10053.22,60,10.22,1469.45,217285.41,8.5,13,45,1
1036.78,36,17.77,476.84,186590.8,1.86,19,34,1
30528.87,60,21.57,1467.37,226298.7,2.24,16,14,1
39423.09,60,11.01,515.42,246045.5,5.87,9,49,1
32586.61,60,17.71,370.19,241183.63,1.2,5,7,1
18948.06,36,7.16,299.55,156212.97,16.93,11,19,1
36246.92,36,24.4,635.43,71566.0,2.56,21,13,1
16984.06,60,6.16,378.11,44461.75,33.9,5,46,0
21472.43,36,13.76,1054.5,248602.75,28.48,15,8,1
19608.06,60,15.74,382.46,90929.75,31.35,23,7,1
18457.33,60,20.81,1258.03,27813.34,24.7,5,7,1
31232.44,36,7.42,1256.0,109940.6,26.56,14,27,1
21543.99,60,13.82,449.72,192062.94,4.54,10,9,1
13351.97,60,10.99,1137.7,224884.0,2.33,7,7,1
11068.17,60,11.24,1290.59,129839.68,39.57,12,42,1
2472.15,60,20.58,897.5,87626.65,14.92,2,32,1
23744.61,36,5.11,568.51,199032.97,2.05,17,48,1
9968.5,36,19.98,678.22,135866.72,6.39,3,33,0
6777.22,60,21.21,1185.76,39786.81,34.97,21,37,1
26499.37,60,23.03,461.18,224182.43,8.23,4,25,0
27567.16,60,17.54,521.66,170835.62,18.68,9,34,1
30334.04,36,11.67,266.35,28466.79,26.7,20,16,0
20639.5,36,13.54,616.61,22083.05,38.63,12,35,1
35868.13,36,24.39,157.18,40175.96,0.56,14,35,1
37517.37,36,22.62,501.92,209049.74,19.5,17,12,1
32487.47,36,14.27,579.01,130700.77,39.84,15,49,1
25788.15,60,23.86,405.55,97119.27,4.87,3,41,1
12845.12,36,21.46,179.0,77337.48,4.95,6,7,1
39334.85,36,23.02,796.85,136577.34,3.48,16,46,1
11691.31,60,18.66,1301.67,39099.25,20.31,15,13,1
8903.62,36,22.15,523.4,161951.51,13.94,14,27,0
18244.01,60,22.84,378.1,107521.3,28.65,5,45,1
3216.78,60,6.84,449.01,217441.21,22.85,4,18,0
39161.28,36,24.3,1296.97,193518.18,23.23,17,43,1
23948.91,36,11.67,805.88,24224.22,20.44,11,22,1
22721.13,36,13.8,222.26,58294.55,39.68,11,16,1
26576.05,36,20.84,1072.56,129027.94,21.56,9,45,1
20383.92,60,18.3,256.92,171496.46,2.89,10,18,1
2250.48,60,22.86,118.56,184478.97,12.89,23,31,1
24880.14,36,13.01,405.86,207735.95,31.23,20,48,0
28930.78,60,12.47,277.09,31320.28,25.14,6,37,1
17253.21,60,5.63,919.35,24251.14,27.36,8,22,1
30534.53,60,14.25,742.31,158116.32,36.87,4,5,1
9853.05,36,19.48,1094.37,186480.2,17.75,22,36,1
9629.79,60,11.02,782.01,200940.11,0.78,14,24,0
7295.26,60,14.25,645.94,55814.58,39.6,4,40,1
15507.8,60,9.39,803.54,242809.28,18.18,2,33,1
34033.47,36,20.46,668.69,72768.69,3.9,19,29,1
33288.57,60,6.21,84.52,77575.99,21.94,17,24,1
15930.14,60,19.11,1030.63,55486.48,23.61,12,34,1
23975.63,60,12.58,1444.33,29946.91,22.57,16,46,1
29111.84,60,5.83,650.39,206236.55,38.6,9,32,1
10407.06,60,22.07,652.89,21298.01,12.79,2,28,1
7557.5,60,14.75,97.28,126669.37,1.38,18,28,1
38911.74,60,16.99,1338.86,41152.45,36.79,20,27,0
25084.74,36,19.64,1395.81,30302.93,7.65,17,48,1
39275.21,36,18.1,1225.31,234971.09,29.98,20,43,1
14172.48,36,19.62,186.33,209841.96,8.16,18,5,1
28418.24,36,20.25,1353.33,110821.54,33.16,13,36,1
9681.54,36,16.78,65.21,125476.56,36.26,11,9,0
11186.81,36,12.31,683.52,219665.89,4.21,18,19,0
20964.18,60,9.86,765.92,203272.49,5.89,11,14,1
13465.11,36,23.06,1255.98,179071.45,37.01,14,37,1
7537.24,36,24.4,1133.76,143410.04,30.83,20,44,1
11252.35,36,12.15,1201.73,159799.16,1.56,2,27,0
2394.19,36,7.25,1305.81,110472.42,7.29,13,42,1
28472.52,60,9.45,729.82,141462.32,16.48,5,16,1
20192.55,60,18.41,1176.97,144130.49,34.57,17,34,0
4675.48,60,8.46,130.01,,6.04,15,15,1
7696.07,60,20.6,683.48,70290.43,28.97,6,46,1
4998.85,36,23.46,74.3,76722.98,3.35,13,24,1
24891.12,60,24.27,1375.51,68515.64,18.69,19,42,1
4674.2,36,5.19,1438.87,153208.59,,24,8,0
30417.01,60,24.16,153.39,179886.27,2.59,21,46,1
1799.93,36,19.8,812.96,74855.58,8.17,5,19,1
10725.66,36,6.68,507.96,175701.15,31.67,9,21,1
35736.0,60,13.3,533.53,164460.96,6.54,24,24,0
29022.72,60,19.0,692.53,93847.98,26.7,10,16,1
3845.76,60,24.13,213.85,72858.33,25.69,21,42,1
33023.92,60,8.28,295.73,222815.37,20.82,16,11,1
20228.37,60,7.55,878.73,151023.84,8.07,22,14,1
34024.54,60,14.45,57.57,181896.82,16.68,6,43,0
24428.85,60,24.36,911.71,232827.93,24.87,9,41,1
27591.49,36,24.43,498.81,67241.44,35.27,7,7,1
39746.56,60,9.56,1253.34,100627.48,31.91,23,33,0
10061.09,36,11.39,912.01,119923.51,24.29,16,42,1
25333.88,36,23.16,1070.89,73565.74,9.14,4,28,1
18952.53,60,19.7,198.21,213296.72,8.67,15,21,0
2538.63,36,24.45,420.82,39182.72,32.56,7,7,0
1564.36,60,22.86,1495.1,75006.67,26.58,4,13,1
5649.91,36,9.3,667.47,63937.85,14.32,13,30,0
26314.58,60,20.19,557.53,239280.1,38.86,11,18,1
23119.36,60,5.97,1314.57,164291.46,35.59,19,11,1
22583.75,60,21.36,78.62,184729.5,26.86,9,17,1
2242.41,60,17.03,816.12,44936.85,14.77,24,27,1
19302.82,60,24.12,339.08,64622.43,12.35,22,8,1
37060.29,36,24.2,571.18,206274.35,37.58,24,41,1
16506.08,60,6.02,323.67,150578.1,17.74,7,33,0
25371.98,60,8.21,85.6,30377.95,32.0,6,37,1
31412.93,36,14.68,642.27,150104.05,37.59,7,25,1
31573.09,60,22.59,1190.13,129338.65,19.68,18,23,0
21251.92,36,21.29,1429.37,55349.55,26.12,5,9,1
34460.13,60,24.29,947.06,156376.39,3.45,6,19,0
16263.75,36,17.36,601.59,59978.06,26.1,10,44,1
35659.04,60,10.13,1161.69,206633.52,8.6,19,43,1
10368.86,60,5.5,772.68,162252.55,26.82,9,46,1
11928.44,36,9.46,570.4,220401.7,4.04,23,8,1
3071.7,36,18.51,293.26,117673.24,19.81,3,28,1
32027.69,36,23.53,1200.31,137741.8,20.84,14,49,1
17265.15,36,11.42,765.63,194934.43,19.34,24,44,1
9935.55,36,22.51,1446.79,145643.52,30.27,14,38,1
10039.82,60,12.9,1208.81,151556.36,30.18,4,24,1
36154.6,60,11.17,647.42,147267.97,28.26,15,21,1
33522.75,36,15.18,1119.05,133002.56,25.27,14,17,1
22587.7,36,13.85,696.49,205310.31,36.18,17,34,0
25028.32,36,23.28,147.4,131598.68,23.03,23,5,1
19498.7,60,14.37,789.52,227182.75,13.93,2,12,1
16275.0,60,10.55,1302.62,205981.83,2.37,20,22,1
36703.6,36,21.85,1287.5,179261.21,21.43,18,5,1
5898.9,60,24.97,875.2,226691.46,9.11,16,24,0
17319.42,36,17.96,588.63,143531.46,15.48,13,41,1
14437.91,60,10.01,44.85,209023.41,2.0,4,43,1
20427.88,36,9.78,487.77,75619.3,25.64,18,41,1
18847.64,36,6.15,1485.02,36784.4,35.47,24,9,0
21236.69,60,6.55,1097.94,177550.15,13.01,13,30,0
6456.84,60,23.3,1084.86,89370.37,32.2,19,46,1
21012.52,36,6.93,1148.79,165959.07,5.05,23,26,0
10454.33,36,14.69,941.57,37800.7,28.93,15,30,1
8188.92,60,18.96,891.21,239798.98,3.19,12,10,0
3528.53,36,22.01,696.82,138476.38,10.35,6,12,1
30743.45,36,8.43,682.58,,14.41,20,43,1
17670.23,36,13.76,1310.15,129497.68,6.27,21,13,1
25439.1,36,10.03,608.38,201635.79,7.38,20,11,0
29376.14,36,10.12,1265.23,219000.39,27.96,17,30,1
27493.35,36,11.08,1261.47,126090.13,3.83,5,45,1
19349.53,60,16.74,1163.22,48965.4,37.36,6,48,1
16128.04,60,5.33,85.33,228419.09,30.73,21,22,1
15662.44,36,13.18,247.52,245669.19,14.27,15,38,1
25961.9,36,8.74,492.62,34534.6,25.15,9,28,1
20296.98,60,24.34,1275.87,37955.6,28.78,5,5,1
34116.16,36,16.65,1313.69,150086.73,23.78,18,47,1
35113.38,60,22.36,91.09,142797.1,24.73,4,9,1
7651.85,60,8.91,507.35,155390.57,36.64,9,37,1
6313.11,36,21.2,1280.06,92935.9,35.24,4,20,1
25585.64,36,13.3,397.05,31578.91,36.55,22,37,0
12747.8,36,8.55,1464.72,153480.76,35.41,9,29,1
1724.26,60,20.22,749.28,54832.48,27.42,19,27,1
35657.06,60,20.24,1407.85,98489.6,19.67,14,10,1
9849.13,36,24.92,660.37,153963.31,19.5,13,34,1
37241.95,36,20.62,505.98,67951.91,30.86,21,7,1
28979.94,36,7.91,562.74,144766.43,36.96,23,23,1
30743.49,60,11.45,1329.92,184385.18,3.52,5,34,1
8857.0,36,14.03,516.11,35129.49,35.07,20,44,0
10133.58,60,7.53,1013.94,162478.64,33.99,2,28,1
21329.44,36,20.76,720.67,137169.89,3.5,8,46,0
7711.89,36,15.53,1414.26,42411.98,26.26,11,33,1
12911.84,60,23.89,264.26,182459.42,38.88,13,21,0
13537.04,60,16.79,660.13,91504.64,34.07,16,42,0
7225.57,60,15.46,213.21,61928.29,2.51,8,45,1
9002.13,60,6.43,879.86,84964.74,37.01,19,29,1
31753.52,60,7.99,622.26,145626.06,6.92,17,48,1
7520.64,60,21.99,119.58,153412.94,2.9,19,5,1
2109.84,36,24.81,1279.26,59019.85,9.11,7,20,1
25544.84,60,13.3,582.01,235426.44,19.33,22,16,1
39063.34,36,21.2,755.64,95657.03,32.61,15,15,1
13917.34,36,17.55,629.04,81706.85,10.68,18,14,1
5627.57,36,24.18,748.32,62946.25,15.61,21,7,1
23245.11,60,9.76,54.0,47721.25,5.64,22,33,1
36347.81,60,15.9,1228.73,245878.84,11.66,11,38,0
31578.41,36,13.18,518.49,175186.51,36.08,4,35,0
25278.12,36,15.83,1094.96,201017.07,27.23,6,8,1
13287.2,36,10.38,125.38,,26.96,16,36,1
22133.33,60,14.95,800.02,115360.5,9.99,24,7,1
4558.55,36,17.5,1365.92,246985.1,5.85,9,49,1
27478.87,60,6.62,615.42,66158.76,35.5,19,40,1
29278.74,36,19.86,319.97,95194.47,37.75,16,22,1
38636.23,60,19.13,175.65,64887.15,2.14,14,42,1
11155.5,60,22.61,1292.86,85003.52,21.21,10,26,1
1719.8,36,13.52,381.05,172622.06,17.59,3,9,1
22278.73,60,6.23,1463.35,91050.88,29.54,2,48,1
28564.83,36,14.23,394.3,221370.3,12.07,13,25,1
31825.89,36,7.75,737.06,31189.63,24.82,24,9,1
8555.82,36,17.95,703.25,101585.88,3.3,19,30,1
11208.36,36,5.94,121.15,217962.61,32.92,8,26,1
20991.05,36,12.48,811.8,162917.03,9.55,10,13,0
13893.43,60,6.66,1018.78,197320.92,12.56,12,26,1
34559.95,36,5.07,1120.94,94438.58,15.13,8,49,1
19476.65,60,24.21,798.21,104940.11,8.26,9,16,1
32183.57,36,24.92,1224.5,224292.63,32.36,6,46,1
23644.17,36,16.11,1135.58,192402.98,2.75,17,17,1
31150.52,60,9.78,315.14,108379.94,37.34,2,43,1
13974.25,36,23.22,620.35,69532.4,37.22,17,24,1
33425.25,36,23.46,239.6,44446.7,33.09,17,9,1
11708.32,60,22.09,226.13,218220.43,38.09,6,7,1
22297.85,60,15.89,1076.83,180459.08,30.45,18,24,1
9346.28,36,6.49,809.77,159688.69,22.5,11,19,1
19545.53,36,6.77,913.4,198615.2,28.86,12,32,1
13408.83,36,22.93,1106.31,230447.57,0.16,10,9,0
11401.43,36,22.52,437.54,195165.53,27.42,12,34,1
38712.42,36,13.69,620.0,116751.65,1.68,19,18,1
7242.89,36,11.56,922.0,60588.15,35.51,19,5,1
31705.71,36,17.88,172.04,184179.56,35.86,2,47,1
39382.43,36,21.14,1254.59,76745.91,4.57,5,11,1
1776.16,36,19.63,534.87,200001.08,27.19,7,32,1
28262.07,60,17.31,998.37,97908.04,26.73,15,33,0
10863.56,60,9.63,1493.48,56057.54,19.92,23,12,1
2579.03,36,10.25,728.78,78568.82,1.0,3,25,1
16712.69,60,19.48,346.12,81326.79,4.56,10,42,0
37473.49,60,21.05,348.16,,26.37,5,39,1
1458.84,36,7.32,118.75,79176.8,21.18,7,46,1
23927.54,60,8.75,1157.61,71878.22,1.85,14,31,1
20554.46,60,18.61,461.34,110102.24,20.7,13,16,1
35061.98,60,12.78,283.91,219663.05,33.97,6,24,1
4276.07,60,16.27,1079.13,36204.84,35.62,4,43,1
27579.52,60,17.3,484.43,88135.27,27.88,20,25,0
27524.28,36,20.52,912.69,149330.93,26.51,9,23,1
27094.12,36,21.11,644.2,221130.47,30.76,22,17,1
37751.05,60,10.6,521.2,85350.32,5.34,8,7,1
33100.41,60,15.83,749.46,100210.76,7.61,2,38,1
2636.94,60,7.47,491.28,203528.66,19.43,23,31,1
19372.23,36,21.84,1309.73,105679.06,18.04,14,22,1
16520.17,60,21.91,137.37,215857.37,7.37,14,7,1
13095.74,36,10.99,74.33,124712.31,27.13,8,41,1
18602.13,60,8.21,627.4,150892.22,29.64,16,7,1
15983.57,60,6.4,284.08,149002.62,10.83,13,42,1
17861.02,36,16.5,1123.28,47440.42,12.52,24,40,1
39191.21,36,6.83,549.55,101636.78,10.29,14,21,1
4456.69,36,18.61,414.31,75564.65,11.14,7,47,1
36967.0,60,18.56,558.29,177094.89,14.59,5,30,1
19729.23,60,17.28,352.64,234738.77,17.64,17,22,1
25325.95,36,22.53,470.49,68856.52,19.37,23,25,1
33377.14,60,12.57,864.94,40989.95,19.4,14,29,1
15058.06,36,23.05,1300.13,136515.87,24.69,7,40,1
17786.45,36,5.74,575.18,109892.47,13.76,3,37,0
16971.22,60,7.26,501.39,28215.07,20.14,6,35,1
15614.51,60,13.24,1179.23,231972.98,20.24,23,12,1
37095.64,60,16.88,62.97,236234.65,3.87,6,38,1
33328.27,60,5.65,474.05,215594.96,25.17,17,47,1
5251.0,60,16.35,694.69,84519.51,11.13,16,44,1
5216.81,60,11.15,912.97,48158.43,1.88,8,24,1
17686.91,60,22.74,259.41,156273.72,25.88,8,41,1
4847.64,36,15.67,666.3,84748.13,1.94,3,48,0
25144.63,36,16.76,862.46,66395.1,17.68,9,47,1
6603.97,60,23.91,780.07,167500.1,24.85,7,30,1
21372.56,36,20.28,874.59,192587.03,39.94,22,29,0
1281.58,36,13.77,1003.73,141275.0,20.61,11,33,1
13347.26,36,14.54,587.68,93598.64,12.73,23,28,1
27410.44,36,17.96,123.54,137879.82,19.68,9,15,1
19877.52,60,9.0,111.67,157939.27,7.83,16,11,1
39152.51,36,6.77,1292.31,31934.32,17.52,23,10,0
35090.05,36,11.22,1025.81,122077.16,34.92,24,28,1
15003.76,60,20.57,1153.35,157616.05,5.44,23,43,1
2773.98,36,10.15,1395.34,49781.55,21.21,16,14,1
33979.43,36,7.62,1133.3,123232.34,24.83,8,33,1
36538.14,60,9.38,1047.68,99747.57,12.52,16,45,1
33004.47,36,18.58,993.97,219613.52,29.44,10,14,1
5990.05,60,17.28,410.1,132558.78,26.55,17,9,1
39918.69,60,18.77,1437.22,118043.4,18.56,8,40,1
11084.78,60,11.44,826.81,76092.76,25.6,19,17,1
29243.99,36,23.02,356.45,240218.31,33.61,13,29,1
36413.36,36,14.04,338.44,241067.02,24.02,8,15,1
10191.8,60,15.27,1228.44,104353.62,22.75,8,8,1
36422.08,60,23.98,397.81,233679.25,24.86,11,37,1
13069.78,60,24.59,90.9,162278.23,27.02,14,20,0
39080.12,36,18.23,659.77,199640.84,16.13,17,43,1
11969.14,36,23.9,1231.51,40664.69,33.47,4,45,1
38184.0,60,15.83,639.23,24901.28,36.96,16,44,1
3088.24,36,11.15,1211.21,138237.85,24.87,4,48,1
28661.61,36,11.3,1246.0,37458.88,35.47,5,37,0
21752.33,60,16.18,1290.83,225091.04,29.79,22,20,1
19637.21,36,17.1,895.68,208635.06,16.92,20,18,1
9716.28,36,13.79,1058.22,184411.65,19.84,20,19,1
28518.24,60,22.68,414.93,27221.2,22.81,13,47,1
8441.57,36,13.53,176.56,125416.94,37.56,3,40,1
22560.83,36,10.47,813.19,37960.92,25.92,21,40,1
10876.57,36,5.16,45.56,233587.76,20.34,3,44,1
38269.23,60,24.41,714.63,160902.27,4.94,8,36,1
2116.62,36,21.49,180.08,56002.42,26.68,4,26,1
8789.4,36,17.31,189.38,148940.11,22.19,11,6,1
10450.11,36,21.61,1310.05,,37.6,5,13,1
17148.65,36,21.21,971.56,53505.65,13.68,24,48,1
10076.48,36,23.64,978.49,38619.86,31.82,4,32,1
20162.61,60,12.72,624.58,220497.76,11.3,9,47,1
35026.16,36,16.1,637.48,145506.52,6.87,17,13,1
28770.47,60,6.97,475.57,95417.93,0.49,12,44,0
23618.52,36,24.31,668.51,20155.9,35.82,15,38,0
4471.12,60,24.7,893.07,128565.74,17.78,20,5,1
28065.69,60,20.78,304.29,137937.86,11.25,23,47,1
7490.16,36,14.08,414.67,97410.23,16.13,9,31,1
31668.33,60,14.93,757.29,131394.7,28.47,10,14,1
10752.21,36,13.71,595.63,43166.25,15.73,6,49,1
17264.9,60,10.87,1234.65,232074.17,9.03,16,21,1
14668.34,36,15.56,1237.88,79418.33,3.51,10,7,1
34493.74,36,6.07,523.91,238154.57,24.87,7,20,1
5935.23,36,24.84,692.67,133362.13,38.91,9,22,1
23060.15,36,13.48,1465.58,217046.74,25.39,15,30,1
6540.4,60,23.55,1246.39,152757.2,37.88,15,20,0
28487.04,36,19.49,347.02,214215.62,35.12,15,22,1
36298.05,36,10.8,441.94,22331.81,6.23,15,13,1
17949.7,36,9.44,152.72,62889.18,35.16,22,17,1
20035.6,60,24.91,1026.4,101398.12,0.04,5,48,1
37169.49,36,20.44,495.84,88110.78,20.39,7,31,0
21318.66,60,9.99,818.79,237748.0,20.91,8,16,1
20016.34,60,6.35,1159.17,110774.25,29.07,21,34,1
23554.84,36,18.94,1258.97,243585.94,30.24,3,36,1
27879.96,60,11.06,508.29,169733.43,9.27,18,9,0
5168.45,36,9.43,378.75,212176.75,35.28,21,38,1
33023.31,60,19.7,1277.35,110586.73,7.16,14,16,1
17984.7,36,18.59,590.47,63717.56,38.46,15,28,1
3821.59,36,14.63,1238.34,,39.41,21,37,0
31661.12,36,23.85,250.15,170973.17,27.87,24,46,1
15701.05,60,18.59,1370.51,243513.9,25.95,5,6,1
4914.33,60,22.87,740.19,47199.13,39.17,18,40,1
25717.38,60,8.81,280.1,197503.47,9.68,2,10,1
35325.12,60,10.93,816.55,103860.88,25.71,18,45,0
35622.39,36,7.09,1308.92,248496.48,16.25,22,36,1
38348.88,36,11.09,602.31,220108.34,6.7,20,38,1
34840.51,60,24.44,291.75,73076.42,5.11,5,30,1
1083.5,60,24.26,877.54,196124.0,28.01,19,37,1
15829.41,60,20.21,1256.67,188872.87,9.16,15,6,0
32923.16,60,15.42,208.39,195585.14,23.97,6,18,1
15283.87,36,20.62,90.87,39049.28,9.5,6,41,1
24460.39,36,16.07,112.75,206165.78,18.15,6,19,1
24646.36,36,5.07,368.82,80129.49,29.69,17,21,1
15235.99,60,15.03,40.73,155797.21,21.13,22,32,1
36274.48,60,16.98,660.15,46542.68,34.86,12,26,1
20625.91,60,10.31,1055.69,148368.68,21.05,2,45,1
19126.58,60,9.07,1074.37,228476.11,7.77,21,24,1
39903.04,36,10.48,965.97,60750.3,35.88,17,32,1
20246.51,36,17.47,465.41,216659.68,16.72,7,23,1
7957.53,60,7.92,1111.83,120152.45,34.7,13,23,1
21009.71,36,19.41,877.44,94136.1,9.3,11,8,1
32746.65,36,13.45,1295.93,33132.53,25.45,23,47,1
31297.55,36,12.07,732.67,141557.38,6.61,17,11,1
31754.69,36,21.14,294.82,65985.79,3.2,24,17,0
28612.93,60,15.12,962.94,236223.08,39.96,2,16,0
10914.5,36,12.57,251.65,74772.73,0.42,8,14,1
34621.28,36,22.56,1445.82,154960.69,23.65,21,20,1
35844.3,36,12.37,1063.83,148463.52,0.54,2,19,0
8571.96,36,22.18,1141.79,97469.1,22.07,9,43,0
6087.77,60,15.08,1028.52,215974.8,4.0,17,34,0
39048.59,36,9.16,173.41,62146.15,31.5,14,45,1
34864.63,36,17.26,713.99,207923.55,11.71,11,37,0
35836.21,60,10.71,987.58,67720.18,13.77,15,25,1
35568.68,60,7.94,367.15,28992.68,10.09,8,17,1
22125.79,60,6.73,1028.87,237085.84,4.56,11,38,0
26209.67,60,9.83,1235.23,166578.63,20.01,13,6,0
22269.15,60,19.73,434.15,165010.15,17.91,9,23,1
2997.05,60,21.76,323.42,80960.41,21.58,14,46,1
30074.62,36,22.23,1328.25,52009.17,25.04,2,31,1
20707.95,36,10.4,37.64,182393.96,3.55,15,11,0
26260.65,60,18.22,405.95,139310.0,16.54,12,44,1
20602.95,36,9.61,627.89,93119.11,23.7,11,5,1
20180.64,36,17.46,1018.22,92861.15,12.93,2,8,1
7699.78,36,22.74,1495.68,224529.09,7.66,16,20,1
11869.83,36,5.82,575.1,224623.62,24.25,11,31,1
7195.25,36,24.7,1424.75,83164.19,28.74,10,11,1
8630.99,60,21.54,569.16,202655.07,30.02,14,22,1
38946.12,36,20.23,1052.43,72136.76,13.02,24,5,1
6971.42,36,18.83,273.09,205830.42,3.96,14,5,1
11501.55,60,20.41,706.8,49045.21,36.62,9,16,1
24033.0,36,24.89,1310.77,194375.65,27.51,11,48,1
24796.96,36,20.4,500.39,147807.26,37.94,15,15,1
7004.99,36,12.03,184.65,47052.51,5.82,6,10,1
31954.98,36,17.28,798.39,161623.28,26.29,7,27,1
31622.91,36,11.74,676.12,64253.97,7.85,5,11,1
10255.39,36,24.4,367.42,64647.54,34.66,13,47,1
12257.99,60,23.0,1361.25,122890.01,20.78,10,40,1
37581.53,36,16.35,914.48,241784.98,21.31,14,15,1
33201.19,60,20.63,540.35,225213.11,37.23,12,48,1
28214.08,60,23.19,1494.31,210090.88,12.16,3,5,1
4207.1,36,9.87,232.22,215761.78,24.76,24,46,0
17312.3,36,16.59,1276.49,134376.4,,24,26,1
22812.77,36,14.63,369.02,106186.14,14.53,14,35,1
8309.04,60,20.43,382.08,223317.02,7.79,24,18,1
18480.84,60,12.58,762.3,38600.53,8.05,4,14,0
24440.01,60,19.18,1003.05,249101.82,26.44,19,49,1
13767.69,36,13.06,1044.98,147184.36,11.46,2,40,1
31456.85,60,7.22,62.53,144306.07,10.04,9,37,1
33777.53,36,7.14,451.68,87147.8,32.32,2,45,1
13620.77,36,7.38,1001.09,59182.94,18.95,3,6,0
33707.63,60,5.65,1337.91,176467.53,15.2,16,19,1
5039.49,60,15.66,1014.74,103193.73,32.61,7,16,0
33671.43,36,18.44,420.85,89562.29,19.55,13,12,1
6957.27,60,7.53,776.43,57338.74,32.6,15,45,0
4234.16,60,17.24,981.94,143079.76,12.74,24,42,1
26029.24,36,16.95,228.95,155309.99,38.48,24,22,1
19405.56,60,7.94,831.01,121905.34,36.95,11,17,1
36407.73,60,13.08,723.35,22767.84,32.94,3,31,1
15164.38,36,20.1,524.87,133084.85,8.51,14,32,0
12198.94,36,5.34,946.6,82551.67,29.1,4,7,1
20528.66,60,7.94,965.24,51887.69,32.7,3,48,1
18781.9,60,24.92,1458.06,152841.24,14.54,15,34,0
14432.69,60,19.67,659.61,174383.9,5.61,3,29,0
28055.91,36,14.28,810.96,139316.87,10.79,2,41,1
30622.91,60,17.6,261.53,161287.73,23.42,12,31,0
34266.37,36,21.92,836.09,159507.99,10.07,2,19,1
38941.41,36,21.85,83.05,48575.24,26.47,13,42,1
11399.59,36,11.49,250.32,69636.09,15.67,24,15,0
28927.65,36,14.83,281.73,22181.74,9.02,10,36,1
16376.07,60,17.76,959.98,245837.71,24.53,15,11,1
27406.2,60,6.44,863.92,68581.96,2.95,23,21,0
19563.29,60,23.92,1203.11,207382.02,24.99,16,13,1
39757.15,60,13.65,712.67,199683.97,38.98,9,43,1
29427.18,60,12.42,728.04,182152.65,28.46,15,34,1
38147.16,36,23.14,267.49,123442.08,13.12,13,38,1
33563.81,36,7.37,1121.77,154289.19,36.05,20,7,0
36213.14,60,5.79,35.37,62857.12,21.11,13,47,1
32762.35,60,18.7,654.59,44403.35,21.14,3,33,1
18907.21,60,12.7,306.84,100905.14,15.13,19,8,1
10819.75,60,20.29,1163.38,209884.65,2.09,2,28,1
15442.49,36,6.37,1019.89,149726.04,10.8,8,33,1
1789.21,60,12.68,1068.95,195688.25,32.73,4,22,1
21435.73,36,9.71,248.41,224774.69,10.39,21,49,1
20697.25,36,19.79,1013.16,148923.4,16.49,19,41,1
21484.77,60,9.54,1045.61,104474.71,25.36,10,43,1
38987.22,36,14.16,33.88,216805.94,11.3,22,21,1
36546.71,60,21.38,496.87,72814.97,32.47,15,43,1
7306.8,36,23.31,158.31,25696.03,35.95,4,7,1
15386.42,36,19.45,1031.65,31654.89,2.47,16,19,1
17534.29,36,13.58,341.8,153914.61,22.98,12,14,1
15060.78,36,16.44,419.05,225237.59,13.98,18,30,1
32141.34,36,18.79,145.14,149783.7,22.17,2,44,1
21437.47,60,22.5,741.2,114114.62,21.87,21,19,0
23311.89,36,22.77,78.56,152725.78,0.4,19,40,0
34267.53,60,23.62,1273.02,174353.72,25.94,21,16,0
32431.2,60,21.21,68.76,194454.82,8.64,14,32,1
6156.25,36,7.94,120.61,99879.66,22.36,10,22,1
28842.67,60,19.95,971.4,108985.49,35.82,20,7,1
17982.01,36,21.29,1377.89,25437.14,7.69,13,30,0
12491.31,60,22.56,1341.42,169414.39,10.81,18,31,1
2950.73,60,23.5,152.94,198648.32,2.55,18,20,0
20002.73,36,15.18,454.02,137508.21,19.67,5,24,1
14862.03,60,18.1,795.92,106606.57,34.8,20,31,1
10809.01,60,5.19,69.14,96624.91,21.79,21,23,1
28092.2,60,16.46,807.1,168358.81,14.1,5,8,0
31009.93,36,14.46,688.22,96072.43,36.23,21,43,1
10546.79,60,24.25,894.96,157788.3,21.29,16,46,1
2928.45,60,23.03,1382.86,233202.41,38.95,14,43,1
34101.36,36,20.95,433.69,96041.72,30.01,21,41,1
1388.43,60,6.14,969.47,35711.05,36.45,12,37,1
37547.39,36,13.04,661.85,221022.54,25.93,12,5,1
25477.18,60,18.92,669.64,82916.85,39.57,21,6,1
13552.02,60,5.59,981.49,247370.32,21.02,21,48,1
10612.64,60,9.72,1428.46,213228.06,25.62,22,36,1
1351.22,36,22.75,1298.66,118186.04,5.37,8,29,0
10183.39,60,7.6,970.1,164485.07,37.47,19,19,1
6371.4,36,6.03,708.46,83834.06,13.4,16,42,1
24874.48,36,16.61,653.27,39359.36,26.6,21,38,0
7495.28,60,23.93,1187.09,140934.91,14.42,12,18,1
21616.56,60,21.69,350.78,117674.3,35.41,8,49,1
24014.54,36,24.5,893.87,243081.16,4.41,13,39,1
12623.63,60,20.07,772.28,157414.24,36.06,6,46,1
2367.53,60,13.75,984.55,191843.9,25.03,22,43,1
2452.9,60,23.93,305.51,51106.11,38.26,9,13,1
2027.55,60,13.53,1052.76,186443.13,20.14,11,42,1
29825.86,36,12.0,951.69,32956.35,19.73,24,35,1
13402.38,60,13.96,294.81,161003.57,14.35,4,20,1
32055.71,36,21.28,690.94,212865.87,13.16,3,45,1
17837.58,36,23.35,1027.57,131104.95,4.93,7,38,0
18666.93,36,12.15,1355.36,69468.88,13.09,12,27,1
21002.42,36,14.24,209.49,122051.41,24.36,22,22,1
28808.23,36,22.97,42.85,213457.83,3.38,17,14,1
11666.61,36,5.94,272.78,184310.3,7.44,10,13,1
5741.91,36,20.68,1484.23,159252.03,34.4,13,25,1
22686.24,60,14.08,1159.5,179582.17,3.65,9,23,1
13752.13,60,12.53,933.12,211865.12,9.65,4,15,1
18257.16,36,13.94,225.53,54928.52,0.15,13,11,1
26230.92,60,13.37,641.59,213642.54,,14,8,1
20270.9,60,20.13,1081.4,205514.99,34.03,8,22,1
25190.87,60,23.56,1346.95,129822.24,35.18,11,21,1
22223.8,60,14.83,591.28,112662.39,36.01,12,33,1
29852.06,36,21.65,1499.54,234488.47,16.15,14,32,1
28531.53,60,19.64,235.41,208466.12,22.38,19,39,0
21833.41,36,11.61,598.8,247393.19,27.11,15,32,1
27477.22,60,16.75,1316.83,167603.34,36.59,23,45,1
35068.82,60,18.34,985.38,27251.05,31.86,15,8,0
17858.58,36,5.47,1222.05,55393.56,19.56,18,16,1
17097.76,36,12.92,1364.46,208672.14,20.39,16,31,1
30805.58,36,24.85,775.76,166968.19,13.45,10,34,0
23719.6,60,17.75,375.08,65550.89,0.47,3,8,1
3769.26,60,11.68,1049.75,22745.9,5.77,24,41,0
35792.37,60,10.0,858.32,80464.02,13.27,16,15,0
2200.54,36,9.19,1165.79,51639.56,24.24,5,5,1
30187.46,36,13.03,782.22,221533.12,28.56,22,31,1
30592.97,36,8.87,1222.33,223040.67,35.64,16,40,1
38171.33,36,7.7,1355.97,213736.84,22.18,4,47,0
3111.24,36,12.28,1131.89,41759.54,15.77,19,18,1
24277.42,60,17.14,1123.17,51060.09,27.66,17,27,1
17685.78,36,7.93,893.17,51169.79,15.67,12,30,1
13894.69,36,5.89,723.31,79435.74,4.34,2,19,1
4522.42,60,5.69,1459.7,36763.52,0.16,24,7,0
22943.51,36,10.35,978.32,,28.34,13,35,1
19682.59,36,8.8,1265.32,216685.86,35.96,17,48,0
5077.62,36,15.79,772.95,35913.22,27.12,11,28,1
24887.09,36,14.11,845.64,53045.02,1.1,12,37,1
29780.17,60,11.5,1004.45,80332.92,8.78,11,31,1
30923.85,36,21.67,1100.97,,37.85,13,29,1
36309.55,60,15.1,689.08,184242.53,28.39,11,43,1
16969.36,36,6.83,553.78,165015.2,29.5,2,20,1
38169.84,60,10.92,381.95,229804.7,32.25,11,10,1
34751.75,60,24.47,652.76,28346.05,36.5,21,14,1
12563.56,36,24.54,340.52,57096.5,17.57,7,30,1
7212.04,60,10.09,642.64,63657.82,17.21,11,10,1
17980.19,60,8.34,1315.75,33718.97,0.92,17,25,1
16674.05,60,14.91,1466.29,162206.16,37.49,18,46,0
23453.05,36,14.63,878.34,68230.88,5.22,22,26,0
23752.06,60,13.2,244.63,131006.38,18.03,23,13,1
30249.49,60,15.59,658.51,177649.78,24.0,9,44,1
20885.71,60,9.64,915.05,,39.75,12,23,1
5088.08,36,7.3,575.03,86730.74,15.97,4,42,1
34473.36,36,16.41,331.58,115260.61,26.75,14,32,1
13080.82,60,23.65,363.43,98159.42,38.11,21,17,1
38880.6,60,7.75,726.68,,22.86,14,27,1
5596.54,36,19.1,348.15,116584.42,21.37,14,33,1
38371.8,60,13.76,396.8,34183.82,22.92,7,16,1
4549.46,36,10.88,1313.43,162452.48,32.71,12,28,0
10010.41,60,22.06,1175.22,65466.79,1.7,8,28,1
2816.62,60,14.13,111.31,97885.11,30.4,9,9,1
28499.41,36,16.67,500.66,95370.76,6.89,11,49,1
34161.65,36,13.86,811.94,36657.56,30.69,9,13,1
17928.77,60,6.62,119.09,238717.71,32.0,15,37,1
37212.36,36,16.9,1034.26,145824.9,25.05,20,39,1
24021.66,60,13.38,595.13,55937.47,17.56,18,23,0
25570.28,60,6.74,613.85,147823.83,29.3,21,32,1
33971.35,36,16.92,420.03,123862.35,0.76,3,5,1
12575.21,60,5.2,520.88,99319.8,25.95,4,47,0
14816.36,60,9.17,1296.68,128668.42,9.29,8,44,1
36332.12,36,20.62,1189.25,174012.45,26.42,2,42,0
36137.58,60,5.76,1405.58,65890.11,5.51,14,32,1
39082.83,60,17.93,1057.53,143712.58,7.18,6,15,1
36171.69,60,23.99,879.47,206987.7,18.07,11,25,1
5967.51,60,8.42,411.11,71173.05,21.2,15,24,1
33125.25,36,13.34,1010.28,138572.18,16.65,11,11,0
16983.7,60,16.51,1362.05,242118.7,24.44,3,5,0
39641.25,60,14.01,131.67,204116.37,2.14,13,25,0
19418.96,60,17.41,681.31,156393.98,7.73,24,11,0
22599.61,60,13.08,249.56,192296.11,0.15,16,20,1
21661.22,36,7.97,1221.61,140895.17,22.64,5,15,0
13547.74,36,6.78,932.72,246910.75,27.63,15,26,1
3925.86,36,19.89,1323.08,58911.37,19.34,22,18,1
35930.4,60,9.77,122.76,185503.27,18.45,22,42,1
32304.36,60,21.95,1361.42,,17.03,9,6,1
6441.54,36,19.86,128.78,48909.86,13.44,19,24,1
31293.96,36,5.99,452.78,186016.8,23.53,15,8,1
25408.02,60,9.02,259.56,194649.92,0.25,22,34,1
16956.61,36,10.84,243.72,29061.48,23.82,5,42,1
10906.82,60,16.89,282.35,96787.41,19.6,2,46,1
34529.42,60,21.2,735.92,47183.84,25.02,15,32,1
28307.34,60,6.21,1183.01,224733.13,34.18,18,25,0
22361.86,60,9.99,1350.47,124392.99,33.15,17,16,0
24773.17,60,12.52,863.31,121783.02,32.28,3,37,1
4551.58,60,8.67,261.89,209489.67,16.46,24,7,1
19482.87,60,15.91,146.41,179934.85,15.6,14,39,1
8554.31,60,14.56,756.37,232127.3,8.27,7,23,1
9126.96,36,11.33,1155.11,235891.72,1.27,15,5,0
26790.85,36,15.34,941.64,92034.64,20.21,6,37,1
36538.99,36,12.12,886.69,169127.04,38.99,24,44,1
16746.51,36,11.86,100.79,144611.57,30.09,13,34,1
9102.22,60,10.31,634.97,157037.25,21.9,14,5,1
26301.13,36,15.81,839.06,163821.26,11.92,17,8,1
34976.29,36,13.88,909.49,33804.42,4.87,8,48,1
30184.43,60,8.93,37.07,225865.15,10.55,13,8,1
34881.53,36,5.26,323.35,52263.93,21.37,16,15,1
21925.63,36,8.02,1426.19,117619.44,24.96,18,8,1
30323.17,36,5.86,777.71,87178.18,14.64,6,47,0
6462.52,36,13.63,1064.35,147362.07,4.2,13,20,1
14582.71,60,9.5,483.03,241142.36,10.52,9,21,1
16192.42,36,13.41,890.5,114857.66,10.28,10,36,1
20940.53,36,11.59,554.01,158732.51,,13,25,1
37233.98,36,15.76,466.53,52463.04,4.13,23,45,1
35097.57,36,19.48,634.76,126494.25,11.53,15,38,1
6246.49,60,14.59,705.95,,13.74,9,44,0
7738.8,60,6.24,516.79,234455.01,21.09,21,5,1
14947.98,36,5.35,409.24,145678.82,11.95,10,24,1
12339.01,60,9.26,947.02,196775.59,5.99,16,27,1
24976.07,60,13.5,589.68,20740.07,1.02,4,12,1
36208.27,60,5.9,326.68,142246.25,6.92,22,18,0
38529.37,60,11.55,1144.8,188467.94,32.99,2,43,1
26490.52,36,22.74,1093.9,95869.47,14.01,7,13,1
33688.21,60,6.8,1333.62,227265.85,21.56,17,14,1
21482.89,36,23.97,845.88,199314.39,19.6,11,44,1
9124.75,36,22.13,440.77,197030.38,11.05,23,13,1
21462.85,36,21.64,1299.65,24883.74,33.74,15,40,1
22648.22,36,22.27,442.04,62292.84,37.55,9,25,0
29955.85,36,6.6,993.73,184129.53,8.5,3,45,1
9575.44,36,8.02,309.88,149195.79,32.3,2,20,0
15364.1,36,7.69,954.89,153046.8,30.23,8,27,1
15197.07,36,7.22,1266.06,23406.34,33.53,17,39,1
38418.14,36,11.55,823.72,121672.42,16.35,19,33,1
18313.85,36,21.6,722.2,200880.13,27.45,21,23,1
30448.66,60,10.04,1490.41,172618.38,7.6,4,35,1
30281.64,60,9.88,63.0,151658.47,38.72,23,35,1
11356.22,60,18.52,517.65,180217.52,28.91,14,21,1
23302.92,36,6.94,1380.34,215726.25,3.06,4,30,1
35877.81,36,12.21,974.68,215392.13,35.12,2,21,0
19532.71,36,10.91,826.88,124885.53,38.36,14,15,0
37859.58,36,21.95,967.41,90792.91,13.35,16,17,1
9363.87,36,15.29,503.25,104267.0,21.56,4,7,1
3892.21,60,17.93,134.62,139917.07,39.68,6,22,1
35766.7,60,7.58,434.47,40554.4,18.04,14,41,1
34059.57,36,23.58,524.65,155928.18,26.63,3,33,0
39711.01,36,11.45,735.4,124249.32,18.1,3,32,0
27496.35,60,19.14,609.03,194554.42,3.03,11,30,1
37530.83,60,24.09,795.87,83006.55,20.38,21,39,1
33251.01,60,15.17,318.24,35250.43,33.07,8,30,0
33932.63,36,15.15,300.55,225751.06,1.66,5,39,1
23196.52,36,7.34,547.02,35657.69,17.64,12,39,1
15912.22,36,12.81,726.36,233274.48,32.89,3,33,1
37447.76,36,22.05,532.34,,14.14,20,9,1
17852.57,60,7.7,877.55,32945.25,39.1,22,33,1
22013.96,60,23.35,485.71,48944.06,15.33,16,29,1
18398.46,36,18.35,290.44,142579.32,31.33,18,36,1
23027.91,60,13.42,1298.36,23631.06,9.82,23,23,0
19349.7,36,15.93,324.89,230480.1,13.3,6,42,1
2870.73,60,8.01,1450.96,203140.98,28.84,23,29,1
35399.88,36,9.35,1481.48,136046.91,2.28,23,35,1
18331.36,60,10.73,1054.3,233036.46,3.75,9,29,1
23968.8,60,12.7,767.94,79742.43,10.67,12,14,1
6428.32,60,23.31,1199.27,216284.34,,10,41,1
1132.13,36,12.35,1313.61,205178.88,2.64,7,25,1
10566.31,60,15.48,1073.1,153818.49,38.88,13,12,0
28478.86,36,8.24,180.01,93333.71,11.74,10,44,1
4868.59,36,19.72,34.39,148416.22,28.9,15,10,1
36446.61,60,16.21,312.09,240160.33,15.72,16,11,0
9385.88,36,13.8,307.14,39452.03,39.64,22,34,0
8979.15,36,23.94,298.3,66231.77,5.61,16,49,1
8078.81,36,22.81,779.37,168095.19,14.97,3,48,0
1545.29,36,18.19,794.52,,17.27,20,28,1
31100.41,60,23.44,1092.84,57828.27,28.69,6,12,1
35126.35,36,16.3,326.16,205447.39,19.84,7,12,1
24952.35,60,21.54,166.21,233551.04,30.01,13,35,1
8339.8,36,13.19,1009.15,38322.47,33.65,23,49,1
12125.84,36,6.73,741.48,244077.49,11.57,15,45,1
19561.14,36,24.88,1009.49,84678.83,32.16,2,8,1
38219.49,36,8.31,589.69,91037.71,19.66,19,40,1
10646.7,36,10.03,1133.67,30326.95,3.06,7,49,1
29534.19,36,8.26,1033.42,134403.58,11.88,8,6,1
18138.48,36,11.75,986.0,239594.41,32.12,10,45,1
12616.05,36,10.79,70.53,57026.47,15.56,20,26,1
18780.72,36,17.02,1291.44,152678.2,3.73,16,25,1
3777.06,60,24.93,583.61,83123.94,25.53,16,39,1
32148.81,60,6.05,229.35,,34.01,23,43,0
10488.78,36,20.57,1140.72,247043.32,5.31,2,36,1
29291.07,36,7.56,745.12,184720.6,21.72,15,9,1
3665.59,36,5.4,77.05,189156.54,8.31,18,5,1
38248.84,60,17.77,1179.35,172480.49,13.51,11,35,0
8527.58,60,22.47,669.51,53059.85,16.56,18,30,1
35426.94,60,8.53,1139.74,67539.72,0.21,21,30,1
32569.46,36,11.83,1140.72,108703.56,14.23,20,27,1
38746.54,36,8.38,176.91,248957.42,12.38,22,45,1
19637.74,60,23.13,931.44,,26.73,23,21,1
29368.49,36,10.41,559.4,121747.45,35.2,21,39,1
15457.72,36,13.89,833.21,131487.12,4.21,2,23,1
8190.36,60,22.89,160.16,232107.29,19.31,5,49,1
18279.96,36,16.06,894.63,65180.07,11.07,24,7,1
7464.21,60,23.66,1172.98,93800.95,39.5,23,9,1
39299.74,60,23.53,1480.62,105301.02,31.21,13,33,1
4753.61,36,14.23,500.81,226454.72,4.71,2,29,1
23979.26,60,16.65,258.03,198660.69,14.75,20,32,1
25432.09,36,9.61,567.87,155880.61,4.45,12,33,1
21985.1,60,24.81,58.37,92387.27,31.48,11,47,0
26825.25,36,10.57,630.9,66506.52,19.48,9,39,0
5531.05,36,20.67,1374.45,96073.76,25.89,19,13,1
22645.72,36,11.26,315.7,233774.07,23.0,18,14,1
12201.29,36,11.26,732.25,229351.89,7.3,11,20,1
37666.87,60,7.08,871.75,117049.64,0.52,17,35,1
30720.79,60,16.2,294.46,94872.34,34.81,2,19,0
38928.06,36,9.9,515.26,223455.94,3.69,8,23,0
2464.69,36,7.97,1369.7,122633.11,31.66,24,47,1
12120.19,36,9.53,464.72,28900.95,7.66,11,24,0
8621.48,60,10.02,963.98,99520.18,34.11,18,43,1
1435.03,60,15.08,231.32,159677.88,23.75,6,21,0
10450.7,36,12.72,1014.7,237255.8,15.97,10,23,0
27472.26,60,6.51,440.34,117656.19,26.33,17,39,0
10012.47,36,15.72,369.96,,10.95,11,47,0
20851.13,60,20.75,212.52,,16.74,6,40,1
35624.91,36,16.48,98.83,33123.52,32.95,4,41,1
28056.56,36,24.49,1452.75,226732.58,0.36,12,41,1
16390.53,36,6.98,638.44,27687.27,9.36,3,34,1
15526.29,60,21.42,1173.09,20223.63,29.65,22,22,1
18773.7,36,15.11,1382.53,161250.66,28.78,8,33,1
7904.62,60,15.43,329.91,55418.18,6.55,15,46,1
25726.03,60,15.38,1308.68,88097.55,39.32,18,29,1
15201.96,36,11.51,1070.8,132926.33,27.06,3,13,0
34242.25,36,11.49,879.63,202186.94,14.85,4,40,1
30505.55,36,17.64,1219.34,109127.45,14.04,23,39,1
24810.01,60,5.9,192.68,240134.67,20.91,6,37,1
15203.89,60,16.78,417.49,124235.25,1.45,20,8,0
9187.34,60,19.49,222.64,231597.54,28.58,17,29,1
31269.92,60,12.13,1347.08,124035.94,2.74,18,43,0
19969.95,60,9.35,175.23,,26.12,18,13,1
9765.25,60,9.27,1470.53,240357.65,32.07,10,6,0
8611.81,60,6.64,191.54,175227.32,36.21,15,44,1
7450.64,36,6.79,1002.87,54355.6,5.91,22,29,1
31309.29,36,8.33,1000.93,157667.32,29.82,10,42,1
9930.5,36,5.38,1398.93,71800.98,39.33,23,18,1
21539.05,60,10.32,505.0,91223.51,2.71,3,23,1
18610.31,36,11.13,518.06,212774.53,1.13,21,29,0
23604.83,60,24.9,1274.05,176893.36,8.5,2,43,1
35209.04,60,24.83,1468.51,85982.12,8.2,7,47,1
34842.15,60,8.74,74.3,21078.39,12.78,18,6,1
18591.97,60,9.26,963.92,142171.71,36.94,17,14,1
1599.28,36,14.84,388.15,77539.39,27.32,3,47,1
17631.31,60,7.98,1100.1,26511.81,0.43,17,7,1
24641.55,36,15.08,1165.9,34554.73,19.81,19,31,1
22752.83,60,12.99,1150.91,174847.54,35.03,18,45,0
26402.11,36,11.49,670.2,115285.42,21.37,8,34,0
7008.95,60,21.45,261.97,80369.85,7.77,10,39,1
26214.87,60,21.56,889.6,222331.05,38.16,13,22,1
8123.41,36,24.76,1189.89,209769.81,12.29,16,31,1
30270.44,36,9.46,1370.93,127223.55,14.0,9,23,1
14224.42,36,22.77,695.39,83385.11,14.25,19,21,1
28685.92,60,15.76,391.14,136650.47,15.79,23,8,0
2866.76,60,16.83,204.67,193173.23,28.35,21,40,0
16906.54,60,22.93,1202.47,22471.16,12.58,21,25,1
28496.35,36,23.85,816.89,160890.21,18.6,5,15,1
9847.95,36,19.54,1021.05,183329.32,10.54,2,20,1
32016.19,36,11.96,264.08,207862.97,20.32,14,22,1
25600.41,60,14.79,39.67,69821.37,37.89,10,21,0
23914.91,60,17.3,1452.34,66790.68,11.58,3,18,1
14788.41,36,21.57,1222.01,69617.08,32.66,2,18,1
19815.61,60,18.16,618.04,234229.34,8.76,7,45,1
24296.62,60,12.31,702.01,52424.61,5.79,23,38,1
19426.02,60,13.36,1395.73,195868.33,3.65,16,44,0
28234.22,36,6.01,335.25,246952.6,39.19,19,6,1
17914.18,36,23.49,1210.16,237645.73,22.82,13,39,1
8888.65,36,6.76,56.36,114275.09,20.57,3,20,1
9343.42,60,16.6,1317.3,213050.8,0.29,23,40,1
1226.35,36,22.43,896.25,174132.41,19.37,4,46,1
12737.35,36,13.42,732.04,219746.54,26.51,5,32,1
30207.79,60,21.0,1068.49,57067.69,16.4,24,16,1
31972.35,60,21.08,129.45,195935.49,5.16,14,46,1
8896.23,60,6.2,317.45,154908.13,10.71,6,33,1
38402.72,60,13.24,628.27,144225.18,28.57,14,13,1
20593.71,36,18.82,938.26,187647.01,19.01,2,23,1
36762.17,60,13.45,242.49,82803.89,19.17,24,8,1
28563.85,60,15.9,587.85,37156.06,1.54,22,14,1
29174.9,60,16.89,413.51,135487.82,21.17,19,13,1
4316.7,60,8.02,978.99,89490.76,16.99,7,33,1
9579.65,60,13.24,1381.34,78973.26,35.18,5,48,1
1343.78,60,5.57,273.99,249660.14,15.23,5,30,1
28928.98,36,7.99,308.21,65507.99,24.37,6,32,1
14433.09,36,15.25,912.78,74182.64,37.44,2,28,1
31679.45,36,16.47,696.74,96793.01,22.65,11,35,1
14218.51,36,7.92,1085.61,134310.46,1.19,9,10,0
32954.02,60,20.11,453.19,219895.53,4.06,22,39,1
6097.23,60,12.46,830.88,60570.61,38.67,23,49,1
7761.55,60,23.41,598.64,161671.94,22.08,18,17,1
14294.19,36,12.75,443.46,104760.47,7.57,18,45,1
16931.01,60,8.0,1102.07,203290.39,22.71,9,40,1
14599.41,60,20.16,1199.96,158432.3,38.3,15,33,1
30782.23,60,16.36,513.56,202871.45,1.79,22,34,1
4781.1,60,12.73,945.77,216670.91,21.08,17,18,1
14697.46,36,12.12,292.53,,5.45,13,26,0
33652.36,60,8.02,1192.72,249005.64,17.87,10,32,0
3605.09,60,11.82,443.44,162338.78,26.18,5,19,0
37751.4,60,5.59,281.3,166633.28,18.37,5,10,1
39466.36,36,15.05,1411.74,52333.1,38.51,22,44,1
4454.16,60,22.93,651.05,44171.85,23.38,19,46,0
12359.63,60,20.91,975.94,132153.98,38.54,22,18,1
15523.63,60,5.57,1219.54,179548.3,12.58,18,48,1
31279.26,60,22.63,1038.63,77085.38,0.84,17,44,1
24241.15,60,14.05,860.05,95247.34,6.18,10,32,1
26130.26,60,8.82,576.27,181029.43,2.86,17,34,1
30542.88,60,20.05,1380.23,68682.08,29.56,24,34,1
5601.18,36,11.46,226.31,139915.35,7.59,3,5,1
33495.17,36,10.07,1329.36,143883.12,30.28,7,12,0
28519.17,60,8.23,1073.48,230899.07,21.5,19,27,1
23516.33,60,14.73,869.97,112522.95,8.67,6,41,1
35699.68,36,6.87,507.38,68425.82,24.54,19,17,1
28311.95,36,20.71,244.68,59995.66,0.46,6,49,1
8866.3,36,14.41,681.45,87425.54,13.39,24,28,1
17760.07,36,13.94,1182.13,84151.72,31.39,2,26,1
20267.67,60,5.04,1125.61,192545.39,29.97,2,5,0
3153.49,60,21.36,978.8,156556.12,31.63,2,8,1
38230.86,60,14.86,1488.97,176958.28,23.5,13,49,0
6014.51,60,13.8,1459.77,164967.94,22.93,13,24,1
28200.99,60,20.23,618.01,130686.4,16.29,6,21,1
20743.01,36,6.26,313.03,233503.54,37.94,13,14,1
1999.66,36,12.33,711.84,208006.45,37.98,22,21,1
37065.15,36,16.51,1271.53,68489.28,0.35,14,47,1
34221.64,36,14.21,704.09,117442.51,38.49,11,22,1
21446.06,36,8.63,523.89,86217.1,34.82,15,39,0
9928.75,60,10.99,1119.61,191507.83,24.24,18,24,1
5743.29,36,11.0,985.7,99224.93,12.98,11,17,0
15172.31,36,24.84,1453.99,167249.39,16.83,17,12,1
10961.7,60,11.52,837.41,87209.11,33.93,9,39,1
20760.96,60,9.1,1452.18,59478.83,5.91,13,37,1
38689.96,60,21.45,457.68,22113.49,24.83,14,23,1
23423.19,60,13.42,1301.29,248763.23,9.23,7,48,1
35707.31,60,13.88,545.86,70487.56,15.13,17,29,1
26384.27,36,15.98,1220.22,211416.29,0.2,19,6,1
19534.61,60,16.91,1391.2,209079.25,38.78,23,10,1
34329.69,60,16.81,946.09,74271.36,4.34,22,39,1
19383.36,36,5.69,1100.97,115596.09,30.54,4,6,0
34876.5,36,21.38,1439.2,212305.59,22.46,10,12,1
12371.49,60,8.9,581.48,178655.82,33.12,10,12,1
6023.71,60,10.85,782.03,105071.96,20.63,18,40,1
34357.26,36,8.47,1350.49,238302.08,39.38,8,43,1
23909.19,60,20.34,1019.04,98738.59,24.28,22,46,1
35674.6,60,16.67,1314.18,68775.46,24.66,13,40,1
37575.26,60,20.11,938.83,53745.78,36.83,2,25,1
3091.51,60,18.07,1117.41,181303.27,10.32,8,29,1
20537.8,60,7.08,49.2,26671.13,14.51,6,38,1
15623.62,36,11.03,529.32,214543.38,26.6,21,35,1
25408.48,36,15.15,1162.52,89970.85,5.64,2,21,1
31950.06,60,11.1,623.89,105055.61,32.38,22,34,1
11943.02,60,9.15,563.38,204421.21,23.67,10,22,1
22715.14,36,22.4,1428.78,207260.76,30.2,17,33,1
28640.41,36,19.96,842.25,112002.08,39.61,9,26,0
6242.81,36,11.9,312.96,147379.68,39.07,3,41,1
32748.61,60,20.3,724.17,176218.23,17.91,7,23,1
24638.27,36,17.55,792.45,178379.5,11.24,17,20,1
38031.96,60,5.08,1483.44,142832.68,25.37,24,8,1
14241.63,60,12.61,1085.78,214144.27,28.45,24,42,1
5217.69,60,10.81,793.52,213531.32,11.79,2,40,1
20753.55,60,9.36,665.03,215224.43,11.25,22,5,0
4346.62,60,10.03,1375.78,81690.18,8.6,6,38,0
38811.53,36,23.85,979.53,79088.27,36.38,14,35,1
2508.71,36,14.73,553.45,52159.07,4.07,4,39,1
30386.65,36,21.95,713.01,210071.84,9.86,15,49,1
21478.99,36,9.28,438.84,33951.87,24.98,23,15,1
15376.21,60,8.49,1441.83,51120.26,18.7,23,22,1
3567.84,36,22.78,1061.86,233028.32,4.83,9,10,1
25264.51,36,14.91,606.68,48776.08,11.58,22,48,1
23823.59,36,22.9,299.32,47895.0,16.33,18,29,1
11954.45,36,6.26,290.22,229095.15,38.35,20,47,1
36498.65,36,23.33,732.28,91323.87,15.83,15,15,1
12860.29,36,13.31,717.32,222727.42,4.63,10,39,0
18539.29,60,8.11,644.15,106861.01,38.89,8,18,1
22206.74,60,18.67,1282.15,105937.11,17.36,22,35,1
4909.04,36,20.94,1469.4,51091.98,5.59,15,34,1
37354.31,60,5.95,551.59,231283.22,24.44,2,25,1
15606.91,60,24.74,463.08,195188.01,32.34,13,7,1
4150.39,60,18.94,1162.06,71899.35,28.42,5,25,1
16104.36,60,11.43,691.2,187393.47,12.46,16,27,1
24407.9,60,8.03,349.83,43849.32,9.56,2,14,1
21032.45,36,12.85,295.98,,35.32,9,36,1
28087.14,60,9.41,442.43,78481.44,7.75,16,38,0
3163.87,60,14.88,31.95,215634.42,30.27,7,15,1
12097.08,36,20.64,1413.9,137559.71,0.92,3,31,1
32949.99,60,18.2,662.47,231878.66,16.78,14,33,1
4115.85,60,13.72,151.79,154587.85,39.4,8,7,1
34363.95,36,7.38,272.49,135914.69,25.35,3,28,0
4583.95,60,24.14,505.31,,12.43,2,31,0
33543.71,36,10.41,840.99,200313.4,27.99,24,20,1
15070.75,60,10.56,1064.46,23509.29,14.13,9,19,1
24876.15,60,17.91,482.54,140125.22,37.55,17,23,1
6962.6,36,20.41,1437.7,198415.0,9.4,12,32,1
3580.58,60,24.68,1147.66,113723.87,12.8,24,48,1
9421.59,36,24.38,1243.92,30377.53,27.55,8,10,1
5986.3,60,23.28,505.76,24037.34,31.81,8,5,1
13183.83,60,13.71,590.01,202585.64,23.06,21,5,1
21060.95,60,8.33,820.95,65557.4,11.57,3,42,1
23961.62,60,16.69,693.99,60230.86,22.92,14,24,0
31804.86,36,5.35,412.04,86598.94,8.77,5,11,1
26593.36,60,8.92,1495.99,43498.7,2.3,15,32,1
24741.57,60,5.05,1277.09,32255.9,36.79,10,6,1
17059.5,36,8.61,379.84,220619.47,19.25,19,9,1
19478.53,36,14.5,1341.83,89640.23,19.21,5,11,1
17166.31,36,12.87,892.72,153950.16,29.79,15,12,1
33844.48,60,12.39,48.47,,22.4,22,47,1
9970.02,36,21.62,538.84,244815.74,18.17,23,32,1
1223.12,36,18.5,67.83,178352.78,31.78,8,44,1
26401.48,36,23.73,159.02,238537.74,19.0,23,29,0
8896.03,36,13.91,293.1,117410.0,36.51,5,27,1
35714.49,60,10.44,742.07,201595.17,12.25,23,26,1
34502.81,60,7.45,590.49,235648.63,1.34,4,29,1
3992.37,60,18.44,249.02,32226.66,5.97,18,5,1
5149.15,36,21.83,610.0,93013.16,32.77,9,37,1
20311.69,36,8.67,477.38,190258.3,37.05,21,37,0
24759.68,36,22.58,632.93,92512.08,3.0,10,49,1
11721.43,60,15.53,283.3,23917.45,36.35,2,18,1
28955.11,36,7.88,926.28,205615.81,37.75,18,5,1
24201.72,36,17.86,95.46,57886.26,30.17,24,43,1
13668.14,60,15.4,600.18,93799.81,30.44,4,28,1
1989.49,60,5.56,1345.48,229432.38,0.06,15,16,1
30255.86,60,12.98,646.92,68037.82,8.91,15,17,1
9375.39,60,20.7,678.39,225794.74,8.59,13,27,1
33544.48,60,16.11,129.97,117185.78,23.26,23,8,1
17391.32,36,10.64,919.89,231170.34,26.28,16,38,1
23506.02,36,23.57,1406.51,221675.97,36.07,5,42,1
35045.0,36,9.76,458.67,115506.1,19.52,4,31,1
34681.3,60,10.05,608.08,232030.65,20.04,9,36,1
15489.26,60,12.09,894.59,165525.79,2.17,7,47,0
9146.67,60,22.89,167.02,129391.48,39.9,18,31,1
31230.7,60,15.15,1426.92,142058.87,37.82,7,5,1
17890.13,36,18.64,717.37,34559.12,2.88,17,16,1
8489.64,36,24.53,199.19,205745.93,22.31,3,11,1
36272.59,36,20.67,522.78,87267.31,13.91,10,43,1
8726.06,36,8.45,579.53,82138.79,17.13,15,11,1
2006.48,36,20.77,537.7,184541.63,26.07,14,20,1
1790.92,36,19.97,1049.04,105285.82,16.79,14,32,1
25270.3,36,9.65,537.92,138257.55,19.82,18,46,0
26805.33,36,11.51,506.07,116961.99,10.92,8,48,1
13130.63,60,19.2,503.47,136066.13,3.3,4,38,1
13480.43,36,9.77,1173.44,71099.75,30.21,22,13,0
14240.26,36,9.16,483.32,223535.24,15.14,14,45,1
27526.18,60,19.07,50.58,160340.63,35.46,12,41,0
3267.22,60,22.61,567.34,73752.93,37.8,4,26,1
37235.54,36,6.5,439.01,41053.99,3.53,19,16,1
9678.32,36,13.92,1366.26,143157.67,27.37,5,11,1
39987.26,60,17.14,732.52,127667.48,32.81,13,48,1
7689.39,60,18.53,374.83,234472.69,25.88,17,30,1
31090.31,60,24.92,1472.93,73061.06,13.15,9,41,0
9713.09,36,18.65,392.71,222769.21,11.38,16,10,1
4153.03,60,17.4,1151.65,196293.69,18.49,16,31,1
35122.4,36,24.79,984.84,129596.05,10.36,17,31,1
34491.3,60,6.21,709.48,220967.69,35.83,17,33,1
16739.25,36,6.49,626.58,218232.17,1.96,8,38,1
28393.45,60,16.21,1312.4,184316.99,4.51,15,40,1
22725.57,36,12.17,728.37,43356.73,24.26,9,35,0
34265.29,60,6.93,581.77,56843.96,26.33,19,33,1
13287.18,60,11.13,550.75,156068.12,29.44,10,26,0
21423.22,36,18.49,435.53,76446.46,11.02,5,11,1
19929.52,36,22.61,631.18,146768.48,11.78,21,13,1
14802.33,36,6.89,206.28,148980.47,16.55,9,22,1
35766.75,60,15.8,125.73,155031.74,9.38,19,16,1
7469.24,60,10.92,825.96,151063.57,15.09,5,23,1
6830.84,60,18.35,697.76,107229.48,27.88,16,39,0
23499.47,60,15.99,284.89,68356.33,19.94,2,7,1
26642.27,60,23.53,186.99,139264.85,38.66,6,47,1
8590.15,36,5.75,240.6,133887.84,23.18,5,36,1
16237.98,36,14.4,493.41,83294.54,13.14,2,12,1
37915.99,60,8.86,693.68,31772.15,7.27,10,6,1
10618.08,60,15.74,314.22,67280.94,8.79,2,14,1
27066.07,36,22.07,1140.77,146679.76,0.64,14,39,0
29865.83,60,23.23,314.19,143192.42,17.69,15,15,1
18477.02,36,12.96,212.47,50737.07,38.4,4,32,1
37563.51,36,21.24,1492.0,159392.0,31.09,6,20,0
29729.61,36,10.61,688.14,117209.39,12.03,12,45,1
18859.06,36,5.13,279.91,170344.17,31.95,24,41,1
23204.07,36,22.1,1345.0,224241.19,37.27,22,35,1
28011.92,60,7.39,369.7,90965.92,26.91,3,31,1
24095.42,36,5.35,1390.6,99880.7,20.47,24,36,1
35269.21,60,12.08,204.87,175667.29,5.43,6,36,1
14918.66,36,12.59,1267.47,238305.77,3.19,10,12,1
12695.54,60,6.54,300.87,131808.25,8.76,13,7,1
9339.72,36,21.28,1409.36,58935.89,26.53,9,41,1
2473.54,60,13.11,874.14,235051.17,6.19,13,18,0
2677.54,60,14.8,309.17,128048.77,21.33,2,17,1
34932.15,36,10.29,1271.89,,17.46,17,16,0
27457.33,36,15.23,604.15,,25.14,18,42,1
26760.76,36,20.33,1107.24,78076.01,2.08,16,22,1
24971.07,60,23.12,975.86,200479.49,39.21,12,7,1
34119.55,36,24.41,1080.01,167440.03,27.6,5,9,0
19730.41,36,13.53,535.26,239620.16,28.87,15,13,0
34946.02,60,24.8,1410.07,66894.27,0.65,4,9,1
15018.36,36,10.9,852.93,162400.93,3.18,5,43,1
37141.59,36,5.14,144.01,138825.84,27.51,7,19,0
28247.62,60,20.35,128.1,,4.39,3,43,1
11029.91,36,8.57,1115.2,,35.81,21,26,1
22999.31,60,6.05,1279.46,194984.19,24.86,21,35,0
21788.19,36,23.48,1052.06,163303.73,2.84,8,25,1
6378.05,60,20.84,437.92,159736.3,24.55,3,9,1
24058.47,60,7.05,362.08,221323.93,32.11,24,36,1
13276.64,36,20.54,861.19,155653.56,32.04,11,15,1
3041.6,60,21.88,319.27,184662.23,16.05,17,20,1
37997.59,36,23.11,587.28,168512.69,18.4,19,30,1
26018.12,60,15.87,954.18,35986.08,29.45,15,36,1
35199.84,60,19.07,448.82,45950.91,34.97,9,35,1
27366.18,36,20.24,581.9,97854.35,31.74,22,20,1
14922.36,36,18.77,559.96,175411.38,23.84,21,36,1
20994.83,36,17.94,706.97,26083.34,29.0,6,32,1
27354.12,60,15.95,1021.31,197696.95,26.09,19,7,0
38449.84,36,14.58,1180.05,66692.25,23.09,7,24,1
10893.11,60,24.92,1007.67,148689.51,36.79,22,6,1
35124.11,60,11.75,68.47,66266.08,25.92,6,20,1
37039.03,36,6.77,1348.35,60472.63,15.28,22,13,1
27146.21,60,20.3,884.35,96864.0,38.97,6,35,1
37319.4,36,9.28,1382.76,231947.0,37.99,10,8,1
16517.26,60,15.65,1446.89,74704.35,31.22,24,25,1
38167.63,36,6.92,717.73,31160.27,1.31,6,11,1
28408.53,60,17.39,1377.06,222916.19,29.14,16,15,1
2638.22,60,23.88,567.12,120954.07,1.2,23,31,1
36368.04,36,19.45,412.76,162842.95,2.94,5,47,1
19894.44,60,9.29,138.24,223729.02,14.1,8,6,1
18952.75,60,24.42,694.19,193799.4,12.65,13,42,1
23092.2,60,11.14,1042.37,203196.16,22.55,13,35,1
6826.0,60,13.73,1465.95,130421.5,9.75,19,13,0
19297.48,60,14.96,796.32,178088.66,7.97,2,26,1
33413.96,36,24.81,1109.68,241666.32,26.66,23,43,0
1603.82,36,6.38,1347.34,224651.49,17.74,5,25,1
11643.77,60,18.93,828.48,160858.32,2.12,2,33,0
1095.73,36,12.24,275.14,39635.69,17.7,11,43,1
17212.74,36,6.57,1276.87,245331.34,30.35,24,12,0
29404.3,60,23.7,874.04,71861.99,2.67,3,38,1
32152.1,36,16.8,1145.01,102974.27,36.63,13,6,1
37862.4,60,20.07,997.96,52281.12,19.06,21,28,0
24731.68,36,9.81,119.73,58321.07,20.48,7,30,1
10930.45,60,20.23,278.6,203028.99,11.98,23,38,1
37041.77,60,21.57,450.79,49501.58,25.88,13,43,1
31237.31,60,13.62,448.52,63556.35,0.86,24,49,1
23402.71,60,16.44,1263.62,59442.95,29.54,4,44,1
28129.97,36,24.44,909.41,105142.92,3.97,18,7,1
37048.34,36,21.93,152.56,179777.82,17.79,15,22,1
28783.37,60,13.9,599.18,168082.5,5.88,13,40,1
15366.61,36,18.29,847.81,186679.97,6.78,17,9,1
28808.1,60,20.68,399.71,187166.73,18.58,23,38,1
2570.85,60,5.49,88.56,20690.16,2.61,17,26,1
16070.21,36,16.77,588.99,177444.16,6.0,23,6,1
16846.6,60,24.69,707.95,177451.7,21.75,15,11,1
7506.69,60,23.94,1360.0,34285.7,27.84,11,34,0
1900.33,36,21.65,1365.3,118237.88,14.38,8,25,1
6201.87,60,7.12,765.59,38088.85,34.63,16,44,1
26530.24,60,24.88,723.1,63890.9,6.44,3,32,1
32289.26,36,17.19,971.54,,22.42,23,38,0
39539.94,36,9.46,409.44,22762.77,3.57,16,9,1
14508.18,60,18.49,450.0,41849.99,6.7,20,36,1
24375.79,36,22.13,33.76,39531.88,36.35,24,24,1
37548.65,36,7.25,144.97,48645.14,39.71,22,20,1
7514.63,36,23.33,292.4,31449.96,39.9,9,46,1
28988.18,36,23.4,971.64,160777.72,32.02,22,33,1
30444.17,36,5.27,342.61,,7.98,20,36,1
4470.05,36,23.01,212.4,218398.69,11.44,18,9,1
34588.73,60,23.94,935.97,223504.06,3.56,2,9,1
32711.1,60,5.75,988.07,178937.77,2.16,5,9,1
2302.72,36,10.88,117.72,34939.88,29.3,4,40,1
4552.29,36,12.46,1166.16,225068.86,21.62,8,20,1
2915.95,36,11.98,921.05,116297.38,26.42,14,35,0
14055.0,60,20.18,613.69,61656.34,23.2,15,9,1
20862.27,60,12.16,1475.28,199119.1,0.47,9,28,1
21761.56,60,24.13,44.99,99739.46,12.79,11,33,1
11439.0,60,24.9,830.93,136396.72,27.65,24,34,1
36552.28,36,11.34,264.76,190899.34,34.45,12,42,1
15362.25,36,15.18,514.12,,6.18,19,17,1
2776.46,36,16.15,225.81,58997.36,4.72,5,37,0
12708.86,36,16.59,1012.28,242768.76,38.36,23,12,1
21713.27,36,12.48,620.31,184115.26,38.69,3,42,1
16920.65,60,8.32,1479.86,73158.9,30.0,15,43,1
11679.86,36,6.09,991.16,151970.85,2.37,10,15,1
6121.61,60,7.13,1378.48,63237.17,25.21,19,39,1
32947.42,36,23.03,384.02,219056.43,5.14,13,24,0
39849.66,36,10.61,498.61,123181.49,33.82,23,5,0
13852.14,60,6.54,563.14,205580.3,12.13,2,22,1
15883.22,60,17.47,1262.62,243540.67,19.0,19,42,0
25103.46,36,6.51,341.16,245601.23,7.47,13,33,1
29019.22,60,6.4,1421.68,51651.74,29.0,7,35,0
16289.15,60,17.43,94.06,237305.37,20.09,3,29,1
36292.25,60,16.83,1338.09,82166.55,28.23,16,5,1
22840.16,36,5.83,693.58,102713.13,12.79,9,10,1
18565.21,36,14.21,803.07,34488.29,15.07,2,21,0
26220.24,36,13.72,1496.17,168487.41,35.86,22,13,0
38159.35,60,15.93,1308.97,168146.97,10.17,11,5,1
31987.54,60,19.76,1358.91,198718.96,36.12,3,19,1
2560.51,36,10.66,890.74,237639.82,3.03,17,21,0
13960.09,36,13.66,1435.82,118478.32,6.36,6,5,1
19351.24,60,20.85,1041.07,113709.86,26.53,14,31,1
13266.19,36,23.45,1234.41,166996.44,39.77,7,10,0
28307.31,36,22.83,1089.77,173504.38,,14,24,1
33224.5,60,14.55,1177.94,,20.34,11,22,1
29522.46,60,15.42,967.82,231445.51,21.11,16,9,1
39584.0,36,15.58,1097.82,31999.84,22.94,23,18,1
11629.36,60,22.37,670.83,193972.38,31.69,7,35,0
35124.59,60,21.8,1069.1,67826.88,22.03,12,22,1
30898.28,36,11.23,436.91,133925.76,4.71,18,22,1
15124.97,60,8.26,963.36,215843.37,33.53,2,43,1
29630.86,60,12.58,799.92,95809.34,35.41,11,10,1
5058.96,36,10.77,1350.85,226927.48,36.72,22,39,1
31784.01,60,24.02,1019.64,123657.17,16.82,15,42,1
21760.89,60,10.32,907.03,181633.11,8.85,3,7,1
12399.32,36,8.62,490.22,186216.62,4.78,10,33,1
26575.31,60,22.99,1298.32,79987.11,20.99,19,43,1
26023.18,36,6.73,109.61,227151.25,11.1,22,43,1
9169.96,36,10.21,1352.63,48660.57,17.09,19,40,1
2185.5,60,13.78,989.88,155716.36,3.96,9,45,1
17911.28,36,16.9,308.55,233671.93,7.97,18,25,1
23210.96,36,11.55,1357.4,27128.46,17.54,5,44,1
35187.61,60,14.92,509.74,142187.75,7.14,17,8,1
37200.46,36,8.98,277.36,76680.71,9.01,2,41,1
21623.4,36,16.49,499.14,64265.05,0.8,24,5,0
30398.34,60,13.16,1442.78,73766.29,2.92,8,19,1
18132.83,36,21.99,1136.55,227618.04,4.66,3,24,1
30097.2,36,13.31,1377.69,117868.65,26.26,8,14,1
8987.26,60,13.88,469.34,74256.0,6.0,9,24,1
15471.52,60,16.84,151.19,233338.22,35.22,4,41,1
25734.89,36,7.46,857.25,93971.99,31.42,9,25,0
1708.16,36,8.14,740.01,186397.31,32.69,20,49,1
29175.99,36,20.8,1089.29,143549.68,14.09,14,24,1
33585.88,60,10.47,827.73,176208.12,2.31,18,35,1
16566.52,36,18.69,612.81,62015.54,3.06,5,44,1
18469.75,60,6.95,36.89,176061.3,27.59,3,35,1
34200.01,36,21.44,717.59,228338.94,36.93,6,42,1
31250.53,36,24.76,207.34,43208.17,7.01,11,17,1
12237.83,60,12.47,1385.34,95102.03,34.57,6,14,0
13635.07,36,15.11,1384.91,243699.03,26.12,10,32,0
27476.25,60,13.85,1211.36,71795.18,27.07,9,19,1
22964.73,60,22.88,262.06,33698.06,27.91,4,32,1
7326.95,36,5.2,246.74,32663.56,2.49,14,33,1
13087.27,36,18.07,858.07,83318.83,24.15,16,40,1
36099.35,60,18.05,1099.37,133820.85,19.33,2,5,1
27838.8,60,12.65,1359.67,81830.31,33.46,11,27,1
39453.0,60,9.39,1344.23,84607.67,17.13,17,40,1
30913.49,36,9.79,258.33,211227.89,20.38,11,29,1
37737.0,36,21.01,1493.35,196396.25,23.22,12,42,1
9431.35,36,6.32,260.49,91494.62,23.47,7,21,1
31087.91,36,16.28,1264.97,99324.14,16.0,17,12,1
1788.48,60,11.14,892.81,243024.79,6.65,18,7,1
27159.64,60,10.3,1027.08,238535.81,10.06,9,13,0
19302.01,60,15.11,917.84,243812.81,16.5,22,47,1
14523.64,36,22.96,1308.43,236015.97,24.79,12,42,1
34633.77,36,17.36,966.53,164460.03,18.18,10,29,1
34316.44,36,20.77,1277.54,90914.97,31.67,20,32,1
1869.77,60,17.01,256.92,242984.11,23.0,15,49,1
24770.7,60,18.95,1304.06,190848.2,13.71,9,40,1
15345.46,60,13.65,1489.64,183586.61,19.89,2,40,1
17210.78,60,23.52,1002.41,203452.43,14.37,3,21,1
33449.59,36,15.04,1465.25,157647.66,1.21,19,8,1
13083.75,36,16.04,353.23,154149.76,11.24,24,31,1
37778.9,36,15.5,1249.05,103106.3,18.04,15,24,1
8005.72,60,11.32,278.5,54669.65,10.21,22,48,1
26846.17,60,9.62,788.44,120861.03,28.78,23,20,0
27212.1,60,6.48,1006.13,138996.21,34.48,21,36,1
10835.61,60,19.36,1000.59,221896.33,11.88,13,21,1
13665.27,36,10.79,1016.17,112368.11,0.97,14,38,1
33557.14,36,12.78,501.76,223094.33,35.02,21,22,1
30710.4,60,23.4,1461.37,93029.09,23.1,7,7,1
13834.74,36,16.33,39.63,237275.78,0.23,14,15,1
21824.31,60,6.94,942.87,28955.15,20.0,17,16,1
3405.53,60,20.99,1303.18,140826.47,3.87,20,29,1
9141.09,60,10.12,1339.94,93966.06,26.96,23,41,1
19947.0,60,16.05,1088.7,87715.0,21.35,24,21,0
4352.98,60,15.2,874.97,38260.28,36.53,24,48,1
33889.96,36,9.76,702.28,176696.34,15.8,16,38,1
29002.24,36,7.32,690.79,,36.95,6,24,1
37801.71,36,9.23,654.9,238282.21,33.46,20,21,1
28045.21,36,6.95,1058.84,183857.44,30.1,20,24,1
37675.65,36,10.51,1104.88,121864.93,17.52,7,7,1
22625.99,36,24.95,786.7,164278.49,16.57,5,5,1
24408.53,60,13.04,1118.99,35180.27,15.79,3,32,1
39101.87,60,22.28,806.83,155501.78,2.07,8,42,1
26043.04,36,15.98,173.11,173214.44,24.24,21,10,0
2200.68,60,18.33,1281.87,44417.81,31.92,5,48,1
29228.31,60,8.13,1309.61,176958.89,29.76,12,26,0
36313.28,60,10.5,421.7,129021.7,23.31,21,17,1
32027.63,36,15.21,1186.06,130311.96,14.29,18,44,1
23769.5,36,22.62,781.42,186422.85,27.79,6,8,0
27180.84,36,5.86,212.32,123455.58,21.16,12,49,1
39617.48,60,15.14,615.06,73899.88,33.59,16,28,1
4535.82,36,6.02,142.53,88605.29,10.93,13,14,1
27022.55,36,14.14,1186.11,189820.78,4.08,9,46,1
12052.51,36,17.58,318.46,36329.0,0.13,19,6,1
25963.53,60,19.89,271.66,213389.86,29.72,18,20,0
24697.32,36,7.77,336.55,153906.81,23.97,10,14,1
6984.82,36,8.33,362.41,187203.3,2.4,17,13,1
9063.12,36,14.4,1020.71,99048.19,33.6,17,30,1
25243.55,60,24.96,968.74,71230.66,19.09,17,11,1
6000.97,36,12.12,220.12,205052.41,18.45,4,20,1
11342.05,36,13.55,1094.9,43507.96,27.38,4,6,1
33574.58,60,13.65,543.11,58146.42,25.39,14,42,1
13756.57,36,6.61,702.48,85531.83,9.55,13,32,1
20034.35,36,20.48,213.54,100781.23,25.79,10,30,1
37704.47,36,10.06,1071.68,66840.75,34.33,12,18,1
9858.81,36,19.07,583.05,229904.8,15.67,21,12,1
16195.41,60,14.5,959.23,26251.18,11.59,11,15,1
24651.85,60,17.24,658.01,204797.24,2.4,13,37,1
30458.22,60,6.08,101.84,114546.06,24.2,4,17,1
36164.48,36,22.8,1064.13,212306.07,30.21,14,43,0
36703.45,36,9.88,842.19,203071.98,38.71,4,10,1
31288.96,36,18.4,668.34,47838.6,24.48,13,23,1
9904.9,36,20.96,326.28,173275.45,17.92,18,32,0
1967.56,60,15.8,947.78,107042.67,37.41,18,28,1
15967.18,36,11.75,434.54,208832.92,7.15,16,28,1
6520.41,60,24.56,660.89,215734.28,28.34,21,39,1
28705.12,36,10.57,113.03,63480.64,13.09,19,11,1
26784.09,36,23.97,1171.82,130089.13,34.46,6,13,1
2714.89,60,8.12,162.35,156712.86,29.81,7,5,1
33627.16,36,12.78,1339.53,145137.52,13.34,19,10,0
10700.99,36,7.77,1305.33,77907.3,30.99,18,46,1
17856.86,36,5.04,1457.5,82672.96,35.62,4,16,0
27049.42,36,10.21,1365.41,217384.05,10.09,7,32,1
17747.33,60,6.74,1457.97,27521.05,22.87,2,44,1
18210.22,36,24.73,1334.3,80343.49,16.79,15,42,1
3559.49,60,20.23,195.39,71307.17,37.03,13,32,1
16656.3,60,5.07,673.39,105253.65,38.89,21,30,1
30829.07,36,9.47,141.95,177803.56,4.15,10,39,1
36691.88,36,18.4,831.59,142419.92,21.95,8,22,1
17126.39,60,12.97,808.74,144344.8,21.24,24,31,1
17519.85,60,21.64,1385.6,188196.17,34.75,17,14,1
28402.46,36,15.1,1455.45,206796.95,31.16,5,20,0
37768.11,36,18.07,411.68,56771.13,11.48,8,12,1
11415.38,60,16.94,886.0,44847.02,20.88,3,47,0
18165.62,36,17.76,712.73,89280.33,15.13,9,11,0
32042.96,36,9.6,833.7,210337.26,14.13,3,17,1
24778.05,60,12.47,811.64,144601.02,29.24,5,48,1
5312.87,36,6.01,1373.76,52849.92,23.98,18,15,1
25481.58,60,16.75,1347.3,57659.69,7.96,18,39,1
8283.11,36,14.19,210.42,226601.88,24.83,8,9,1
20898.42,60,20.21,537.31,104402.81,18.55,13,33,1
21635.03,60,9.13,1136.58,78714.23,13.64,13,27,1
35171.93,60,13.74,1035.46,179560.26,2.66,11,41,0
19037.28,60,8.61,957.85,217980.41,37.15,13,25,1
11898.25,60,17.28,1490.9,121754.3,34.47,18,38,1
10007.69,36,21.96,525.29,201960.4,12.14,6,38,1
35095.82,36,20.31,787.42,118908.52,22.25,18,21,1
7669.42,60,23.88,1469.35,179027.5,34.59,24,17,0
17608.87,60,24.43,1052.46,152208.1,20.78,7,9,1
8299.75,60,20.44,983.56,225722.77,5.67,19,35,0
31158.86,60,10.74,257.48,94761.82,18.99,22,21,1
19500.53,60,9.39,392.59,197196.42,12.56,12,28,1
14694.6,36,13.95,584.89,177305.59,18.31,14,21,1
15082.89,60,24.88,713.33,212929.47,33.92,23,20,1
34236.35,36,13.25,760.9,159734.31,16.35,21,30,1
22597.18,60,8.98,1356.14,125831.79,31.98,20,25,0
28996.85,60,23.89,187.6,31374.44,9.31,24,15,0
35984.5,36,12.72,395.08,213130.64,23.75,24,28,1
36167.93,60,18.82,241.14,229284.95,17.04,3,35,1
13811.85,60,20.76,1110.91,123420.25,38.92,14,42,0
38145.6,36,21.86,1456.75,71120.38,0.03,4,8,1
1970.16,36,21.43,1344.12,168845.76,14.55,2,10,1
15696.59,60,21.72,1093.25,47991.11,32.54,6,38,0
35936.16,36,18.35,61.64,29394.79,15.66,24,27,1
11710.84,60,13.08,540.14,86724.39,8.7,20,22,1
11650.18,36,18.35,1299.52,,34.13,20,42,1
12802.27,60,21.73,990.01,207266.74,23.67,9,41,1
24880.22,36,12.01,338.11,56076.61,22.27,15,21,1
18094.98,60,10.93,715.74,237614.31,16.03,18,36,1
29342.66,36,11.87,159.24,146977.58,6.3,5,26,1
35901.52,36,16.03,795.58,232809.41,23.02,22,15,0
27293.78,60,6.05,1354.51,54451.56,20.21,17,49,1
8974.2,60,20.58,86.92,125334.39,16.08,23,39,1
37374.59,60,7.78,932.42,119086.11,3.08,24,15,1
11315.22,36,7.66,372.66,114689.3,26.04,6,24,1
6845.88,60,8.95,1485.87,234081.29,25.27,14,14,1
4508.72,60,16.54,125.7,215364.72,22.36,9,32,1
22971.97,36,10.71,937.42,202683.84,5.26,24,43,1
5436.74,36,12.36,406.86,85808.5,12.11,14,36,0
6412.26,60,23.63,1327.22,97979.65,18.79,12,11,0
12701.19,60,21.94,209.24,79639.65,29.38,20,7,1
11984.47,36,22.04,661.0,202501.17,8.92,15,28,1
24565.34,36,16.55,302.48,110350.09,32.03,24,11,1
32853.07,60,22.33,1205.18,245098.01,12.77,23,9,1
30692.64,36,20.57,546.62,103792.75,26.63,2,14,0
11236.89,36,24.06,304.47,59050.74,37.48,7,25,0
10567.11,60,6.29,1097.07,233866.48,28.57,2,21,0
38665.87,60,5.57,1231.31,200023.38,2.77,16,18,1
1321.21,60,8.5,709.72,154144.55,15.06,12,34,0
35309.1,36,23.58,586.91,217440.88,23.13,7,10,1
8789.41,60,17.11,959.25,238372.52,26.93,23,31,1
37944.09,36,13.52,987.55,218115.39,13.79,24,8,0
14349.98,36,15.25,1001.3,228039.4,17.15,11,30,1
18173.72,36,21.59,435.36,82384.83,15.04,6,5,1
28577.7,36,23.58,1413.71,137495.26,27.92,20,47,1
23919.09,60,19.59,343.76,202917.24,36.54,19,12,1
13399.63,36,20.2,580.01,140984.57,31.13,16,31,1
22599.41,60,11.41,447.03,167623.09,10.53,9,8,1
29497.57,36,14.34,1398.75,232254.27,21.6,23,39,1
2651.06,36,22.7,1247.7,87929.15,19.13,3,13,1
1436.77,60,20.72,1222.57,144063.38,0.62,22,23,1
18864.61,60,18.69,36.92,149613.94,37.54,24,43,0
6141.63,60,6.3,1038.27,,18.64,4,8,1
26909.43,60,5.79,368.5,104702.78,37.73,7,44,1
9348.05,60,7.61,1452.58,196878.96,26.57,19,31,1
17881.19,60,16.63,810.2,233788.38,28.33,24,12,1
8709.17,36,15.73,860.11,165758.95,17.08,22,41,0
22390.86,60,23.85,554.03,132227.1,34.32,8,33,1
5526.08,36,18.9,818.99,192582.68,7.42,24,36,1
1901.17,36,10.88,1132.11,249496.11,38.37,17,14,1
2994.13,60,8.23,856.02,38952.37,24.65,4,23,0
38216.08,36,21.99,972.66,169864.04,13.29,3,22,1
6549.16,36,14.19,724.53,147904.86,29.57,12,30,1
28630.65,60,18.07,1083.11,160356.71,29.81,21,34,1
3649.12,60,16.3,1352.35,25248.53,30.98,4,33,0
5218.25,36,7.15,105.05,239804.99,11.74,11,26,1
20846.17,60,6.14,187.73,39641.79,1.03,3,48,0
19129.97,60,12.54,1037.85,90718.94,35.57,20,16,1
38111.63,36,12.23,585.23,88608.48,31.9,2,27,1
37848.58,60,18.48,443.98,188616.11,16.08,7,13,1
31404.74,60,17.64,292.53,174315.51,6.65,6,15,1
24481.97,60,24.38,871.78,34196.82,18.75,5,25,1
18743.45,36,22.16,540.87,54433.03,12.23,8,15,1
14890.96,36,14.93,776.7,93320.5,7.76,4,35,0
37936.41,60,15.0,1439.09,181943.91,19.45,15,44,1
24513.44,60,18.48,1144.65,233724.09,33.19,17,36,1
23583.83,60,7.28,1200.05,92559.08,23.27,7,45,0
10044.14,36,25.0,212.57,140882.03,19.5,19,20,1
2821.21,36,15.38,507.72,105700.41,39.76,19,16,1
37862.35,60,23.2,186.17,152792.14,30.41,12,14,1
13235.68,60,24.35,1453.73,164434.14,5.28,16,10,1
18260.97,36,16.63,1032.82,139207.82,16.67,15,41,1
5470.96,60,7.07,58.27,109475.15,18.6,23,24,1
33640.05,60,16.47,728.99,222350.08,24.42,15,39,0
2077.64,36,16.95,417.38,204441.05,27.27,20,43,1
33525.64,60,20.78,823.74,249633.28,13.02,20,46,1
6471.12,60,5.96,292.63,114919.36,14.7,8,15,1
35576.0,36,14.33,113.58,28911.0,4.14,2,6,0
29461.13,60,23.46,505.07,169815.24,3.57,7,23,1
7422.14,36,24.83,464.4,200188.18,30.32,15,30,0
23066.9,36,8.83,1083.94,235460.39,37.04,3,39,1
13193.6,36,22.41,727.59,22383.71,7.87,24,49,1
7951.09,60,7.93,458.25,222303.86,36.92,3,6,1
34508.11,60,21.82,868.53,138849.76,13.75,20,22,0
16737.39,60,10.55,134.84,106208.1,35.23,23,34,0
16543.2,60,24.19,1003.66,71045.5,1.04,12,25,1
7625.58,36,18.91,246.52,207248.49,3.62,19,17,1
15939.56,36,12.98,441.16,103660.28,17.39,10,31,1
34993.06,36,10.62,444.72,159048.1,33.92,6,6,0
15162.02,60,9.7,714.8,137683.34,17.97,23,33,1
38112.54,36,18.62,1431.14,80525.58,33.58,13,31,1
37906.05,36,22.92,507.25,201189.96,13.63,24,26,1
6651.05,60,20.1,443.54,88579.98,5.3,4,35,1
7915.14,60,21.7,278.14,201082.56,37.02,21,20,0
34644.29,36,20.63,606.19,114194.46,3.06,16,22,0
16317.68,60,24.58,297.6,26919.61,28.29,6,5,1
1170.59,60,20.16,232.52,196508.29,35.32,15,41,1
11681.0,60,9.2,1290.32,226833.09,4.8,23,48,1
24307.53,36,20.83,107.38,47551.07,20.77,16,7,1
32171.37,36,11.44,1074.91,154604.02,2.11,20,7,1
6202.16,36,24.92,327.78,36504.24,18.36,11,13,0
5311.11,36,12.53,47.22,210874.13,31.49,11,16,0
36961.61,36,10.86,1198.86,247230.56,12.16,11,42,0
30294.79,36,9.78,1062.36,133848.27,9.33,8,39,1
24001.4,36,18.17,521.42,92081.48,10.07,23,44,0
30998.28,36,7.18,146.62,214522.33,31.65,6,28,0
17725.32,60,24.07,560.19,139779.2,38.95,15,38,1
30579.77,60,10.89,296.55,123275.91,9.13,19,7,1
15500.32,36,10.91,1400.78,72395.74,2.75,17,38,0
10519.69,60,5.92,808.55,161684.1,5.04,16,31,1
29431.52,60,9.92,1446.85,159453.04,25.13,2,9,1
17367.22,36,13.38,546.43,80451.91,27.04,5,30,1
39273.71,36,12.39,848.0,68624.32,17.97,16,46,1
14629.92,36,10.46,309.48,120870.17,3.17,20,47,0
36947.37,60,5.81,1218.39,123687.7,37.12,22,20,1
37385.54,60,11.01,90.42,49534.57,37.2,18,17,1
10432.26,36,20.57,1052.55,83493.49,15.74,3,46,1
32130.63,36,13.78,605.74,56880.99,32.84,23,11,1
17889.91,60,10.82,880.27,227332.42,35.94,2,31,1
36783.46,36,11.1,900.62,37097.74,20.32,14,30,0
18554.85,36,16.09,1074.87,222114.52,24.06,17,7,1
30027.84,60,11.05,330.27,141413.36,29.32,24,48,1
19211.73,60,17.62,811.14,173023.92,35.65,6,15,1
9884.23,36,24.79,657.58,232347.43,3.56,16,9,1
8774.66,60,5.82,444.81,104038.92,2.12,8,16,1
17591.82,60,8.37,758.72,181602.23,27.0,13,38,1
30464.29,36,8.58,1429.46,174490.28,1.91,21,29,1
24597.79,36,13.94,1424.86,247319.8,4.18,23,35,1
27856.54,36,5.83,439.86,30591.11,16.9,19,20,1
12010.73,36,14.55,1329.78,,7.29,15,45,0
19775.98,36,23.58,1318.83,247597.66,35.95,4,24,1
2731.42,36,5.23,396.89,95411.35,13.26,16,35,0
32883.76,36,12.3,910.46,242102.72,23.1,13,41,1
39605.79,60,20.22,1308.81,207845.37,0.39,18,48,1
16868.28,36,8.09,787.04,98044.35,20.54,7,22,1
1427.58,60,6.55,573.56,26694.35,32.4,10,20,0
7621.91,36,17.62,986.65,84479.23,38.73,12,9,1
26448.55,36,5.2,283.46,48455.81,27.15,14,27,1
24871.09,36,21.04,267.75,118545.35,8.11,2,36,1
31726.72,36,6.34,1253.99,236090.14,14.52,7,23,1
10901.48,36,15.49,91.56,137902.0,6.27,14,47,1
30781.64,36,19.8,1211.34,122926.88,13.51,8,27,1
27831.38,60,9.84,457.03,69624.22,22.45,5,49,1
13589.77,36,7.07,740.19,162930.34,19.49,6,9,1
22274.04,36,8.51,828.97,124735.97,34.95,3,34,1
6743.68,36,22.09,1157.59,197724.72,8.16,23,8,1
18650.02,60,19.12,1329.27,138708.05,17.35,5,43,0
35366.7,60,8.96,1212.21,223912.51,25.28,15,7,1
17426.46,36,19.32,871.35,200093.29,39.24,18,27,1
33743.1,36,19.17,541.58,53365.02,8.55,11,17,0
24019.88,36,24.95,804.04,51280.36,33.32,18,34,1
8483.19,36,12.83,74.13,25600.73,24.71,11,44,1
23663.14,36,22.3,390.12,104872.3,5.36,12,26,1
20733.35,60,13.93,568.25,32562.31,31.36,19,13,1
16547.01,36,22.96,500.04,123488.86,7.0,4,14,1
5665.59,60,6.83,169.87,75511.4,27.99,18,44,1
17251.64,60,8.51,104.61,134594.8,9.62,20,44,1
3837.73,36,22.0,648.45,56409.55,18.73,23,21,1
4851.99,60,21.39,139.96,146313.74,31.33,14,45,0
17220.74,36,11.11,450.73,242279.71,25.37,21,12,0
12909.88,60,16.94,727.99,166563.4,29.61,5,37,0
37096.23,36,12.65,338.64,149809.6,32.14,7,20,1
15652.53,36,5.21,146.92,201250.59,1.39,13,33,0
30556.47,36,5.52,665.24,21280.44,19.22,14,45,1
21679.65,36,6.09,689.26,84966.51,39.43,2,24,0
28459.34,60,16.88,1375.95,247004.92,31.81,20,22,1
11144.52,60,10.58,217.92,200002.39,14.63,19,10,1
37734.29,60,7.88,934.04,40761.46,11.4,14,45,1
21673.45,36,23.82,499.96,95085.8,28.19,24,32,0
33421.64,36,7.43,211.69,121168.77,5.49,19,20,1
15236.78,60,18.48,607.93,234954.31,35.31,21,16,0
4908.24,36,22.88,659.07,154823.02,,21,23,1
27274.75,36,8.28,564.44,37761.89,22.36,16,12,1
1302.63,60,9.29,1155.63,137086.85,33.87,12,41,1
19536.43,36,16.48,1263.63,86559.04,28.8,24,13,1
8519.27,60,15.17,248.64,97901.33,19.42,11,43,1
25467.64,36,15.42,276.82,46281.93,9.18,11,45,0
39197.38,36,16.09,649.19,125513.81,24.01,15,21,1
19111.71,60,24.0,500.68,173981.5,38.65,19,20,1
32882.43,60,6.08,1234.77,194696.7,3.81,17,40,0
20803.58,60,20.21,1495.31,179938.98,1.26,5,25,1
20337.76,60,9.65,296.23,171918.08,16.78,15,22,1
37286.52,60,12.47,1150.94,219919.92,23.65,20,31,1
35708.67,36,6.79,922.65,96445.35,14.32,10,23,1
31646.22,60,13.91,977.3,69356.62,28.71,22,34,1
12553.97,36,21.08,418.73,40570.83,20.91,24,32,1
22255.33,36,6.97,172.88,58112.45,13.89,11,41,1
9731.99,60,10.51,828.59,54360.08,31.76,7,9,1
18312.75,60,12.46,931.85,229874.31,3.98,9,40,0
19884.31,36,7.08,1445.68,61518.89,1.6,14,42,1
33433.96,60,20.25,1022.59,41607.22,2.27,8,33,1
35945.11,60,20.74,682.22,112058.03,32.57,11,13,1
17170.18,36,21.72,1491.18,59010.47,31.93,13,29,1
1690.47,36,16.68,578.66,50030.67,33.23,15,10,1
34609.18,60,15.14,268.96,103354.07,11.35,10,16,1
7796.87,36,10.25,938.43,231458.29,19.66,12,34,1
25253.4,36,18.1,421.39,26999.8,12.79,10,48,1
1973.87,36,13.89,1385.64,67774.87,23.49,15,13,1
16580.75,36,24.42,658.97,209572.21,33.81,21,44,1
39452.45,36,24.36,249.94,76404.19,0.8,21,26,1
4927.05,36,23.1,238.2,121451.1,22.79,5,31,1
17524.03,36,12.2,984.97,42664.71,8.04,23,14,1
12978.85,36,12.36,567.87,202890.07,34.8,4,48,1
36298.44,36,22.05,564.68,189386.04,38.28,6,17,0
34904.26,36,19.58,930.12,49454.65,33.12,11,16,1
10270.25,60,19.09,355.62,238031.39,1.35,11,16,1
4166.32,60,10.59,243.78,155843.35,12.11,13,32,1
25458.4,60,21.67,996.18,203576.3,9.19,21,40,1
14118.38,36,16.59,37.7,195673.84,33.05,17,19,0
27211.29,36,13.94,1363.83,139386.78,0.72,6,13,1
2252.67,36,22.31,298.97,191923.07,36.91,9,22,1
6202.57,36,12.88,688.35,74693.46,23.5,14,44,1
27768.52,36,18.08,340.87,24890.7,29.76,23,31,1
9282.46,60,14.32,350.78,98677.5,18.23,9,28,1
34445.92,36,16.85,1257.45,55075.63,28.28,13,38,1
3285.04,60,5.81,890.0,245648.56,13.38,23,13,1
9403.8,60,14.22,487.83,232433.78,26.41,20,33,1
39943.85,60,16.13,399.12,53151.68,17.23,12,22,1
17889.97,36,14.85,342.91,99117.68,37.28,17,32,1
28415.66,60,21.95,845.04,137142.86,37.22,21,25,1
8123.86,36,11.22,1104.26,111707.67,22.81,22,39,1
24784.88,36,22.68,402.69,181004.3,30.93,21,27,1
29318.14,60,13.07,518.48,135809.24,29.69,18,33,0
13264.59,60,18.89,1088.94,150010.54,28.26,8,41,0
33326.99,60,6.73,1113.8,175857.11,38.96,14,40,0
24533.29,36,9.0,334.77,25443.56,35.11,22,14,1
16175.8,36,20.22,591.84,22857.88,,10,24,1
22748.05,60,5.25,1308.84,60968.49,3.16,9,15,0
23493.67,36,24.37,1118.08,185210.16,14.2,3,42,1
7455.88,36,8.81,268.87,75296.92,13.73,16,25,1
16706.56,36,23.03,597.37,231640.66,20.49,11,35,1
14393.79,60,15.32,1460.74,38054.37,34.27,3,17,1
16635.21,60,16.29,802.31,153379.01,26.88,10,22,1
30683.31,60,6.68,1087.44,25875.84,30.86,16,32,1
19819.0,36,12.3,165.29,243573.47,1.67,17,10,1
37672.33,60,8.12,1253.79,69144.06,2.14,6,30,1
12453.38,36,15.52,919.03,155156.56,37.14,5,40,1
17212.44,36,16.01,288.13,239202.75,8.38,8,8,1
31691.32,36,19.19,588.91,26983.97,31.78,4,36,1
22294.96,36,22.57,152.05,137928.97,21.93,19,6,1
22334.1,60,14.36,1172.21,141144.06,13.99,18,26,1
3080.27,60,9.67,1124.97,100841.58,30.54,3,17,1
16545.39,36,11.67,750.64,170547.12,38.6,14,16,1
11558.62,60,21.94,694.46,144781.89,10.35,9,7,1
39974.07,60,7.92,711.23,77302.5,14.09,23,12,0
13025.85,60,17.55,85.08,182221.21,11.73,4,44,1
35495.36,60,5.26,571.32,127219.34,25.79,6,33,1
27373.12,60,9.91,218.9,128171.42,28.97,7,26,1
14295.74,60,16.83,301.64,238941.67,19.13,24,29,1
22197.84,60,14.13,1444.31,143057.42,8.58,5,12,1
33780.9,60,14.87,414.82,200471.17,12.85,24,13,1
35451.36,60,18.21,740.93,219498.99,29.89,11,36,1
7255.36,60,9.69,1335.05,153567.85,35.35,14,49,0
14243.35,60,10.62,637.83,200866.07,20.32,8,30,1
14073.7,36,18.69,807.07,91194.79,9.95,10,37,1
2639.75,36,15.77,278.12,61842.99,26.63,20,17,1
24331.27,60,5.29,449.07,179973.95,25.58,6,36,0
34337.98,60,18.41,773.99,233024.32,36.37,6,47,1
15881.4,60,17.4,566.41,29774.27,11.4,7,18,1
29861.4,60,6.57,86.24,195503.27,32.69,11,16,1
25480.32,36,19.95,619.22,26531.73,26.83,2,43,1
15650.3,36,15.44,1228.21,125478.54,33.6,16,41,0
6501.33,60,9.09,200.61,175753.63,4.12,23,37,1
28663.63,36,16.19,57.54,113220.01,33.09,21,23,1
34328.04,60,16.91,204.49,89218.64,19.08,14,24,1
27748.33,36,23.4,1039.7,62972.39,30.98,5,13,1
1697.26,60,19.84,1198.13,244910.49,9.73,14,30,0
9433.08,36,11.04,101.63,151172.69,13.91,24,37,1
3709.72,36,7.36,1334.7,49404.24,16.59,10,11,1
23245.06,36,22.06,952.17,31074.53,22.01,16,14,0
30502.63,60,21.92,791.65,75979.88,20.42,2,32,1
5312.59,36,8.51,402.78,143883.77,9.46,5,9,1
33695.18,60,6.24,576.4,192957.9,36.15,7,40,1
22664.85,36,19.24,1422.05,245620.73,37.78,23,21,1
27908.79,36,19.45,1369.97,211807.74,9.49,9,32,1
38884.67,60,8.54,949.43,160752.75,15.64,23,6,1
4263.56,60,18.36,881.0,173289.8,32.19,23,26,1
36147.74,60,10.58,339.5,140076.05,31.31,13,37,1
5918.01,36,10.21,1431.32,119951.98,38.95,21,22,1
16325.39,60,11.49,1140.43,200486.72,37.89,13,21,1
34206.11,60,15.41,591.92,60792.09,35.0,20,11,1
36343.92,60,21.09,1229.27,96804.64,23.46,5,36,1
20748.5,36,14.97,341.46,245097.15,13.52,20,43,1
24170.08,60,10.96,343.45,151497.99,20.9,14,41,1
28617.75,60,22.68,1192.71,134657.29,30.85,15,42,1
33477.59,36,6.1,852.18,,4.17,2,33,1
5738.94,60,20.94,847.08,195264.57,28.13,5,8,0
32592.7,36,20.69,873.3,94989.61,35.84,6,27,1
19769.77,60,10.07,214.94,163971.18,8.42,11,19,1
18574.31,60,8.97,543.85,62640.0,32.45,12,21,0
17532.09,60,22.49,872.43,32184.83,35.63,6,28,1
20859.25,60,16.18,393.95,247665.1,2.68,21,44,1
37856.97,36,5.92,770.89,189558.78,38.32,19,36,1
22379.95,36,22.82,848.84,234076.03,20.09,12,7,1
38173.92,36,11.98,1415.94,211334.03,18.32,11,37,1
8031.32,36,11.84,391.29,118457.11,24.1,24,47,0
29241.3,36,17.87,675.86,218131.43,8.55,21,21,0
32677.34,36,18.23,1472.82,200940.86,26.54,21,41,1
27486.02,60,12.07,304.58,79398.64,32.35,10,29,1
24669.97,60,7.87,1176.63,163291.99,12.89,13,48,1
23027.7,60,16.05,290.42,90154.03,10.22,21,18,1
34576.29,36,17.5,1279.57,73828.17,36.6,13,49,1
33044.22,60,22.2,747.32,38798.7,18.7,14,32,1
5769.26,36,14.69,1459.08,144926.96,25.15,22,46,1
34094.92,36,17.91,280.01,110258.09,34.21,12,42,0
17148.68,60,6.09,1041.25,40250.42,28.68,2,34,1
10894.18,60,22.89,1052.06,185221.8,12.87,3,26,1
34920.97,36,11.54,1086.75,186303.98,0.82,24,28,1
17848.97,36,17.64,178.42,74121.78,18.76,17,35,1
32526.22,36,23.32,454.18,239858.63,9.94,17,6,1
11272.74,60,21.21,526.88,198908.59,16.78,10,20,0
1153.24,36,17.75,506.7,205219.98,18.34,23,35,1
20322.91,36,19.07,1022.28,,34.63,5,9,1
4908.9,60,23.42,110.6,245040.56,30.67,21,32,1
30420.66,36,21.24,1103.22,247767.71,7.84,5,37,0
11766.93,60,17.2,804.08,136660.71,12.64,4,49,0
18302.18,36,18.17,284.31,246553.78,23.35,19,12,1
4394.31,60,7.95,362.39,160792.36,22.62,13,42,1
12179.71,36,14.4,173.44,50817.33,21.83,8,16,0
31478.12,60,11.02,704.82,207272.95,38.09,14,15,0
6911.93,36,13.64,904.53,,27.71,15,12,1
26239.22,36,18.24,884.03,98726.65,3.88,21,18,0
36779.61,60,7.98,1444.68,74321.72,37.62,23,29,1
27513.63,60,5.35,465.07,139346.31,18.53,5,36,1
32629.85,36,12.94,1150.26,179102.62,23.22,18,5,1
5249.89,36,11.44,1092.92,221711.71,32.78,16,35,1
10778.54,36,13.41,120.15,157686.88,8.53,2,23,0
35887.02,36,23.62,1397.11,115517.46,20.48,14,41,1
28889.12,36,19.14,1399.02,165390.85,34.38,20,26,1
25942.6,36,11.55,612.61,134300.67,29.46,20,20,1
26886.9,36,8.59,643.99,169958.3,14.02,8,16,1
17153.82,60,17.37,1234.81,160063.4,23.57,18,18,1
2737.71,36,18.15,757.7,245097.17,0.32,7,29,1
31593.22,60,14.67,1204.83,163116.71,1.89,2,14,1
27469.82,36,9.26,83.1,178938.91,4.54,13,15,1
19439.37,36,5.57,397.9,225248.46,27.78,14,11,1
36090.62,60,10.31,163.87,,24.8,15,44,1
14110.23,36,14.14,697.67,52401.87,36.65,15,45,1
12478.55,60,20.76,1285.61,124375.15,28.34,13,47,1
35039.06,36,22.08,867.59,236836.91,16.82,13,41,1
32082.52,36,13.26,794.89,240746.89,34.68,8,11,1
21084.21,36,20.92,568.18,63707.46,1.71,5,12,1
6098.65,36,24.87,123.51,122052.02,0.4,18,44,0
9387.79,60,19.33,1156.62,84089.56,10.01,9,16,1
26592.89,60,19.57,869.03,201869.36,5.1,15,9,0
16016.61,60,23.19,1398.52,215998.5,10.81,11,36,1
33622.45,36,11.76,664.99,127926.52,12.22,23,23,1
38048.25,60,5.22,620.2,175401.8,18.22,6,34,1
32419.84,36,24.74,1462.29,220092.25,24.42,17,30,1
15724.27,60,14.81,237.5,183189.36,14.1,7,36,1
31758.77,36,20.71,400.97,55978.07,38.69,17,28,0
14706.23,60,21.25,747.6,183758.24,21.67,23,26,1
7516.9,60,12.95,799.61,56557.84,35.05,19,34,1
2302.33,60,15.83,836.61,170361.46,32.09,16,36,1
16042.95,60,15.8,341.8,96712.74,1.92,7,14,1
36238.81,36,9.4,1392.47,32982.04,18.86,10,41,1
10320.48,60,7.35,1064.15,72090.8,32.26,18,35,0
9054.01,60,15.87,409.91,127727.91,36.27,17,36,1
38823.01,60,7.4,462.46,248623.73,25.31,3,29,1
1975.16,60,11.92,1324.13,78813.59,37.28,4,11,1
31645.5,36,8.72,589.12,245119.97,26.53,6,17,1
13533.43,36,19.14,847.85,103770.4,8.34,23,36,1
2462.03,36,22.44,207.03,240802.52,22.34,17,44,1
36794.3,60,16.56,400.05,239903.79,30.24,20,15,1
6446.05,60,13.2,642.37,52866.45,26.66,9,12,1
22519.39,36,24.93,994.52,210605.42,3.33,23,11,1
11688.11,36,5.42,441.92,138981.79,9.48,16,38,1
3542.52,36,11.09,1427.62,177826.03,27.51,14,25,1
2946.98,36,10.57,353.72,198497.38,21.13,17,48,0
5506.71,36,12.12,1174.99,48642.87,1.23,2,8,1
3783.31,60,9.61,565.96,203763.67,29.53,20,5,1
30661.77,60,10.29,1255.1,89642.66,3.18,5,48,1
19937.08,36,10.15,1386.97,188445.04,7.39,8,24,0
14372.79,60,15.11,304.91,151941.53,36.18,19,18,1
17316.39,60,12.82,752.47,177472.96,12.6,5,11,1
37228.92,36,17.79,256.92,163262.05,1.37,4,14,1
36519.32,36,15.29,1067.56,206396.73,0.7,15,16,1
28911.38,36,8.67,1253.39,225748.82,37.42,8,20,1
35502.61,36,21.2,602.52,123293.48,14.9,8,37,1
13466.27,60,14.44,613.22,,24.85,21,5,1
15863.26,60,8.06,329.64,75703.77,16.56,19,17,0
24934.78,60,8.34,480.61,207182.98,8.54,8,25,1
25321.41,60,20.94,506.12,242413.16,35.11,9,34,1
19786.29,36,19.06,258.69,64923.98,37.99,24,18,1
16625.66,60,15.13,485.63,125303.75,39.51,21,36,0
39461.03,36,11.12,1363.67,197177.63,1.65,8,23,0
33023.82,60,14.21,508.32,166289.88,2.01,21,47,1
17964.23,60,17.73,433.42,207457.1,34.32,7,20,0
29364.41,36,22.59,595.42,23713.43,7.05,23,24,1
11512.91,36,16.12,1441.6,229609.91,22.47,10,8,1
4906.6,36,10.53,1153.93,34110.91,23.19,21,38,1
14744.81,60,5.85,326.56,122459.97,26.48,24,21,1
16715.94,36,8.51,1136.25,83425.81,1.5,24,12,0
1644.95,60,18.0,1156.37,233484.56,12.34,10,26,1
32776.89,60,8.21,1426.7,83282.92,20.57,8,18,1
15008.54,36,14.63,1339.91,105867.49,6.98,3,32,1
23636.31,60,18.98,169.94,224318.21,37.76,23,29,1
3884.56,36,11.16,698.23,143603.41,33.15,16,42,1
7824.88,36,18.38,1063.4,226586.39,5.58,19,23,1
35698.06,60,16.62,1460.85,172022.89,26.83,9,11,1
24738.81,60,13.78,155.18,38214.07,16.41,22,35,1
38061.08,60,22.94,571.3,120000.94,12.46,23,10,1
39951.25,36,18.84,753.57,60569.35,11.64,18,16,1
15502.54,36,12.21,637.47,34980.66,26.51,9,26,0
12653.32,36,21.09,699.99,105978.35,36.14,18,22,1
34475.89,60,19.76,572.58,228938.69,33.45,12,32,1
39945.85,36,20.83,1456.82,47064.08,13.96,18,49,0
25556.01,60,17.82,1210.77,21557.58,28.31,9,38,1
32010.49,36,12.59,1112.89,235070.5,21.1,12,34,1
31488.09,36,11.97,633.73,141924.26,17.61,24,43,1
14858.25,60,18.08,1325.84,148473.47,11.87,22,14,1
23396.54,60,7.62,167.21,233544.19,,23,44,1
33489.22,60,21.4,240.83,181041.12,7.7,18,43,1
27836.44,36,12.41,1432.47,210166.95,22.66,5,29,1
1825.39,60,17.61,863.47,197213.5,29.15,21,23,1
14131.52,60,14.98,264.4,160727.21,1.47,15,42,1
6634.55,60,15.39,1425.24,178331.7,15.17,15,41,1
10085.92,60,19.76,1463.02,148961.69,6.63,4,20,1
36314.09,36,17.53,1325.79,101741.38,24.08,23,38,1
2438.84,36,10.01,380.68,85631.09,34.59,22,39,1
9572.23,60,6.48,439.39,60467.22,37.19,23,39,1
13073.2,60,21.8,628.25,101420.46,35.41,11,45,0
25058.48,36,22.7,881.6,152686.15,34.89,21,44,1
21829.97,60,8.29,1488.51,155133.58,24.04,8,20,0
9512.51,60,11.19,1435.52,177186.45,9.72,17,9,1
7405.4,60,10.65,1384.07,222267.8,29.88,4,16,1
10235.12,36,23.75,161.24,169925.08,28.98,8,18,1
20598.66,36,9.1,1143.03,59303.84,6.67,2,5,1
11575.93,36,8.33,1318.96,25910.48,7.79,14,48,1
37956.5,60,8.64,519.92,65280.75,4.37,21,42,0
19090.74,60,19.6,352.77,228863.55,19.95,9,19,1
3293.04,60,22.76,1130.21,150560.57,12.86,9,35,0
29441.39,36,12.87,163.53,215179.59,36.0,4,47,0
13824.97,36,7.72,1413.06,73890.94,1.47,13,38,0
26486.07,60,16.71,259.43,183272.54,12.96,22,27,1
11904.18,60,9.2,702.58,188285.06,35.04,14,15,0
23259.01,60,6.28,1474.71,206193.09,39.96,23,41,1
31113.95,60,22.72,1482.68,143168.26,28.92,18,18,1
37192.34,60,22.42,1170.71,202507.66,36.03,15,14,1
11183.96,36,24.52,1263.61,235152.2,0.64,3,20,0
14059.42,36,14.48,1451.74,240200.49,30.87,20,47,1
19106.39,36,10.88,1393.32,48850.41,18.47,8,26,0
37159.82,36,20.4,944.5,163590.77,27.62,19,12,1
36154.09,60,8.61,1109.89,46101.77,17.2,22,35,1
4505.25,36,9.87,902.85,,22.77,11,14,1
6145.26,36,10.11,774.55,239740.59,10.4,10,34,1
20324.86,60,24.03,1324.82,134906.16,22.96,13,18,1
5158.15,36,19.6,1114.9,240775.44,11.63,18,8,1
14477.65,60,7.67,1293.93,196235.57,11.21,9,14,1
6787.03,36,6.86,170.99,180065.93,13.08,14,9,1
25805.57,60,21.86,877.43,153574.29,8.03,22,42,1
38030.32,60,21.05,514.39,113558.85,8.91,10,34,0
39872.62,60,18.42,784.69,241669.43,37.26,6,15,1
15634.4,36,8.92,931.06,65321.81,18.18,15,8,1
24361.49,36,14.61,1273.26,204583.72,24.57,13,49,1
34394.44,60,17.05,76.86,104514.18,22.87,23,33,1
5581.02,36,23.64,271.06,193246.51,10.62,10,31,1
27893.01,60,8.39,1384.53,57648.17,0.01,7,48,1
16944.9,60,15.31,1451.89,105859.99,4.17,13,28,0
9039.7,60,8.16,111.47,237613.65,33.23,23,41,0
16707.39,60,13.88,517.73,148177.9,4.37,17,19,1
3962.45,60,9.0,44.3,132987.26,8.27,3,8,1
28120.88,60,21.72,1143.45,192984.6,36.51,13,18,1
10856.96,60,10.09,1032.45,115922.34,32.31,22,17,1
13144.82,36,13.34,860.26,133395.65,2.13,3,48,1
5722.17,36,13.16,1046.74,148939.61,,9,42,1
34721.71,36,22.33,820.55,247696.99,20.63,5,38,1
20244.33,36,20.16,381.1,205235.85,14.6,4,9,1
23313.73,36,6.15,1138.87,29154.06,19.9,18,10,1
23207.87,36,6.34,1181.42,200232.09,6.04,18,43,1
17009.23,60,16.02,1285.68,135684.38,38.19,10,6,1
8508.67,36,13.55,1432.49,73053.11,6.86,6,41,1
30060.18,60,10.51,1128.89,216305.53,7.44,19,16,1
5955.19,36,20.85,110.19,82222.31,14.75,15,26,1
5051.08,60,7.57,60.63,93694.56,8.5,24,8,1
28695.66,36,24.48,1117.61,34488.49,12.51,17,45,0
9144.64,36,5.48,112.39,244849.14,1.59,3,19,1
12964.14,36,7.36,494.44,202937.94,24.57,9,24,1
19533.87,36,11.23,230.16,54063.4,9.64,22,36,1
18524.7,36,15.18,1454.28,132596.45,38.84,2,35,1
28634.59,60,9.32,495.1,97451.85,4.57,12,39,1
25313.84,60,19.72,111.07,27450.64,3.09,15,47,0
26131.45,36,12.15,1425.92,233260.84,6.97,17,28,0
28848.12,60,5.77,924.85,,21.7,6,32,1
12411.9,60,22.55,83.08,246993.36,29.9,9,24,1
13571.0,60,23.88,1255.04,75778.4,22.36,11,33,1
18081.91,60,17.37,254.22,180865.93,34.41,18,44,1
12991.02,36,21.13,1209.58,47178.94,23.74,20,10,1
39412.58,36,7.42,916.05,119220.44,5.54,18,30,1
32748.03,60,10.38,290.36,214750.1,7.43,2,45,1
7421.53,36,11.5,1136.32,21853.28,14.3,23,20,1
1218.17,36,24.22,698.12,130561.13,36.8,11,18,1
2668.55,36,15.24,968.01,,18.4,16,33,1
10518.47,36,5.15,1308.19,178929.65,34.97,17,27,0
5457.36,60,12.6,412.64,74723.06,2.99,7,45,1
21800.19,60,5.16,567.98,59855.16,27.47,3,15,0
34461.81,60,9.76,1495.99,169660.91,18.69,2,36,1
29733.26,36,14.09,776.93,167488.94,6.92,9,39,1
9408.75,60,11.47,851.0,192910.26,3.26,5,5,1
16572.67,60,5.65,449.59,76790.1,12.61,12,47,1
20807.87,60,7.33,641.56,23754.92,32.82,11,17,1
32598.03,60,16.02,767.28,221930.27,25.62,21,11,0
33725.74,36,18.91,409.91,67457.86,18.48,24,44,1
36479.01,60,13.09,380.07,116132.77,33.82,10,11,1
20860.56,36,19.63,912.69,127755.12,7.24,13,18,1
28076.72,36,8.27,299.97,63087.03,11.16,15,30,1
5360.21,60,7.44,843.58,139790.81,22.16,6,21,1
23046.27,36,21.79,1068.13,230286.85,23.59,4,33,1
10698.98,36,11.78,321.44,82411.4,12.84,12,15,1
17836.96,60,13.64,1126.44,139678.14,20.17,11,14,1
25727.97,60,23.95,558.74,91000.17,4.8,13,11,1
11022.45,60,13.48,1488.98,245566.85,0.44,5,24,1
3035.22,60,5.07,1469.24,70737.65,36.2,2,19,1
1399.12,60,23.76,1203.93,45145.96,17.66,9,6,1
1864.22,36,5.28,533.8,52802.24,9.24,8,8,1
1325.64,60,18.25,1407.7,104421.41,13.19,17,31,1
5303.85,36,11.46,1498.21,147155.86,20.71,21,7,1
10340.06,36,14.41,709.55,173642.54,37.86,4,5,1
9627.64,60,15.95,933.45,149355.02,28.84,12,11,1
39485.07,36,13.17,38.8,228273.41,37.93,8,44,1
12934.24,36,20.49,93.99,102866.95,4.48,17,31,1
5969.41,60,23.61,765.88,183836.74,7.13,18,38,1
22276.94,60,6.73,925.69,81681.65,14.52,22,7,1
34460.34,36,21.01,489.22,176804.79,9.77,12,23,1
27444.35,36,7.57,175.72,232937.33,38.28,19,10,1
12547.2,36,6.61,1179.94,245032.87,6.85,13,37,1
22903.03,36,24.12,645.58,187829.63,6.8,21,16,0
28879.38,36,14.79,983.81,236762.69,19.51,12,28,1
29396.08,60,8.05,985.8,176499.87,27.88,2,18,0
26995.0,60,16.4,833.85,241535.13,15.17,24,21,1
34961.61,60,10.26,292.38,226544.73,1.75,15,40,1
34934.11,60,14.29,935.64,44522.52,30.63,19,24,1
23578.53,36,17.49,503.46,129048.33,37.82,4,12,1
17764.4,60,22.39,1234.11,99913.47,32.42,15,46,0
26021.24,60,5.06,314.0,26209.79,33.6,8,42,0
32910.27,36,9.28,457.99,127387.97,33.92,4,29,1
1220.43,36,6.93,677.25,54120.77,30.38,9,8,1
39687.88,36,6.94,1117.82,28384.17,32.22,21,33,1
8132.86,60,23.92,1089.5,122354.17,3.07,8,7,0
19339.71,60,23.72,525.55,73448.68,2.18,12,35,1
35009.16,36,19.99,780.81,235117.11,3.01,3,41,1
9776.58,36,17.86,374.32,206920.38,23.66,8,14,0
19595.01,60,21.96,1162.44,239919.36,9.65,8,16,1
6170.71,36,6.17,319.16,222736.93,1.13,4,48,1
16407.98,36,7.39,1234.44,187429.97,3.06,21,7,1
7908.28,36,11.34,1407.19,157457.79,2.74,11,13,1
15181.48,60,21.65,1487.68,35054.55,25.1,24,18,1
15565.1,60,14.44,1289.73,81135.66,5.71,18,18,1
39733.66,60,15.07,355.9,183470.44,33.83,7,44,1
39797.71,36,9.59,642.28,112271.55,39.71,14,23,1
5476.66,36,17.97,160.59,94833.79,17.65,14,21,1
29312.78,60,22.76,271.89,43912.67,21.51,5,41,1
3018.07,36,11.59,103.05,36142.35,10.4,4,26,1
2177.49,36,17.38,972.4,68297.2,26.22,22,25,1
5108.02,60,11.64,813.79,211952.43,36.6,24,35,1
38653.94,36,20.85,1378.01,172493.67,7.23,21,43,1
37693.68,36,14.5,710.62,98417.72,38.13,7,16,1
8563.18,36,11.79,974.19,34036.55,8.85,21,38,1
7305.22,36,13.4,620.35,63325.68,10.64,21,44,0
10380.87,60,6.82,1249.3,123473.51,36.46,10,18,1
21106.33,36,22.32,1391.77,55240.12,23.74,10,22,1
23218.48,60,24.16,664.65,195398.1,1.27,12,46,0
9642.14,60,14.55,151.57,201386.06,32.12,12,14,1
30508.29,60,9.43,270.4,51480.36,25.68,5,36,0
13072.57,60,18.29,1089.2,187180.4,29.72,7,27,1
36963.12,36,14.05,508.14,137815.0,6.47,19,42,1
26612.19,36,10.05,1184.52,241347.76,34.92,7,14,1
18017.7,60,5.77,1132.15,201140.58,31.31,12,48,0
31806.57,60,22.79,1050.62,,38.3,18,22,1
32898.67,60,20.93,1226.9,158832.11,,12,8,0
12328.78,60,21.58,1142.14,61149.78,20.73,12,7,0
14248.87,36,13.8,959.9,225534.32,28.07,19,33,1
37502.25,60,20.07,36.21,148626.98,4.18,12,16,1
7424.9,60,16.62,788.05,152042.31,8.41,8,10,1
2643.87,36,12.5,905.02,152346.22,11.53,6,42,1
18708.16,60,21.85,1442.15,83534.23,37.8,7,28,1
32247.19,36,24.98,986.21,206780.84,0.05,15,32,1
31095.06,36,22.99,875.95,218338.08,39.76,21,41,1
36861.69,36,20.52,825.55,86213.52,15.82,20,36,1
21794.83,60,19.95,181.84,121607.13,25.93,2,23,1
4902.52,36,18.0,658.6,61204.7,16.43,8,45,1
23958.87,36,22.07,227.5,74864.76,31.36,15,9,1
31357.43,60,14.86,107.47,97276.05,38.02,13,8,1
4639.8,60,8.63,514.32,227457.56,17.91,20,34,0
7733.64,60,20.36,978.8,164016.72,7.21,18,31,1
1479.34,60,23.39,1304.19,155228.27,8.88,8,38,0
24152.45,36,11.83,1221.24,237754.21,10.63,19,10,1
35582.64,60,20.66,463.19,,8.86,13,19,1
27155.87,36,10.47,97.62,,0.53,16,25,0
39299.56,36,23.85,621.94,48596.96,34.48,10,38,1
3458.31,60,18.67,492.73,76983.36,27.24,10,34,1
36217.04,60,16.39,575.76,89901.73,20.63,18,9,1
32748.66,60,20.6,851.88,211834.31,5.88,9,18,1
13255.42,60,21.26,74.71,197078.98,1.63,4,28,1
38967.54,36,22.85,575.08,53452.91,15.38,21,40,1
12229.57,60,23.02,851.19,142804.52,0.21,15,19,1
35682.88,36,6.05,663.53,45096.77,2.29,12,28,1
35349.19,36,7.46,1010.83,59763.35,2.94,17,32,1
30548.65,60,21.52,303.61,75703.17,32.63,13,28,1
22975.35,60,23.92,256.13,228217.86,29.05,22,27,1
5680.11,60,11.15,482.58,104116.03,12.38,20,11,1
21746.9,36,5.17,179.54,230638.03,12.16,5,14,1
14915.05,36,11.45,377.3,192670.38,13.77,19,49,1
31896.46,36,12.66,157.75,192363.37,22.62,18,37,1
30567.04,60,20.22,620.91,204803.06,34.41,20,42,1
36513.89,60,5.95,1075.84,42072.13,19.08,15,13,1
1578.38,60,9.25,451.21,207361.91,5.94,24,43,1
32555.03,60,22.88,35.48,78094.21,6.34,16,25,1
37600.02,60,8.1,848.89,246304.22,2.28,13,33,0
31782.72,60,20.18,1047.15,215086.73,29.61,17,33,0
6077.58,60,12.23,605.23,249228.47,15.97,2,10,1
4169.89,36,18.25,466.59,235536.74,36.72,14,47,1
1812.96,36,6.48,751.24,102737.72,12.4,11,8,0
25521.06,36,10.73,178.82,236588.7,31.93,4,23,1
25557.23,36,13.5,976.57,,19.81,7,48,1
39489.63,60,22.14,1107.95,171632.73,33.95,21,47,1
16523.68,60,16.27,1065.81,208289.53,22.45,24,15,1
13944.35,60,5.9,513.14,107853.04,7.7,16,23,1
25352.57,36,21.04,1268.78,66889.47,32.04,14,11,1
33198.74,60,6.09,1421.87,225824.0,0.23,19,47,1
37534.18,36,23.69,466.7,43754.82,20.17,19,24,1
32321.84,36,9.23,416.2,103944.35,7.83,8,11,1
17640.29,36,14.76,1065.04,144331.71,13.52,13,46,1
25761.66,60,6.45,1071.17,205092.42,16.36,24,16,1
34395.67,60,16.23,780.31,219834.33,22.4,20,19,1
20133.78,36,14.94,1387.28,137675.65,14.18,18,49,1
9450.78,36,13.2,245.08,151881.25,25.79,14,20,0
7619.21,60,5.71,731.73,216379.89,7.5,2,14,0
1006.15,36,22.58,81.75,127412.81,31.6,4,47,1
29011.28,60,21.05,107.4,148593.66,24.07,9,20,0
5332.79,36,17.66,108.92,24240.93,14.07,10,29,1
10509.72,60,16.44,752.93,238757.3,21.27,12,13,1
12617.18,36,18.9,895.78,150358.99,16.16,15,5,1
22854.81,60,7.88,35.13,187342.09,35.0,18,17,1
16520.33,36,23.65,959.84,77019.98,21.85,22,25,1
27312.29,60,10.69,749.86,171015.34,31.54,8,30,1
3169.91,36,18.13,358.99,125805.91,31.8,9,20,1
5833.63,60,17.14,52.2,45868.13,29.36,3,5,1
20469.25,36,17.73,259.47,210938.23,30.03,22,38,0
14141.63,36,22.58,912.49,213047.91,8.98,9,19,1
12536.72,36,10.92,998.5,34654.05,34.84,7,7,1
3614.1,36,19.98,981.18,109839.2,28.31,7,18,1
35933.05,36,16.97,255.15,84731.8,2.16,19,39,1
27980.92,36,6.52,1369.49,138764.94,25.91,8,24,1
5743.11,60,13.28,634.1,132423.09,19.28,3,38,1
3536.79,60,21.76,1158.97,170978.31,5.7,3,31,1
39020.03,36,11.31,274.73,76922.16,18.92,4,40,1
27565.73,60,14.65,721.74,70990.87,36.89,18,36,0
17280.79,36,14.77,796.64,186365.12,35.04,8,35,1
28367.51,36,17.36,1162.42,244527.2,3.45,16,10,1
30496.94,60,22.68,943.63,237659.22,17.62,4,37,1
31418.53,36,8.47,616.97,202156.83,20.38,23,42,1
19637.21,36,15.09,445.3,35517.65,27.64,18,33,0
17765.43,60,13.49,1460.25,74688.02,30.66,16,25,1
1430.1,36,10.92,448.26,178614.3,33.14,24,44,1
37135.73,36,23.39,220.33,88027.71,23.85,18,29,1
24529.01,60,5.16,471.61,110533.36,35.29,18,19,0
8923.0,60,7.44,510.6,239347.18,22.26,19,28,1
36864.53,36,19.67,217.95,39850.67,0.92,22,12,1
36682.34,36,10.27,1070.97,218086.43,18.35,2,18,1
39578.18,36,19.46,940.17,31568.57,6.45,11,24,0
35088.21,36,21.65,495.42,97726.75,22.96,17,37,1
39913.59,36,10.09,1489.71,147742.3,27.23,4,40,0
10542.76,36,8.84,992.87,101968.37,,8,39,1
33847.73,36,7.91,1063.68,240146.12,19.62,20,42,1
33098.1,60,9.0,849.06,136006.27,28.68,8,46,1
10006.67,36,10.34,840.81,188782.98,4.57,24,11,1
4839.06,36,22.37,59.43,181475.02,37.91,6,28,1
39197.4,60,20.4,1163.23,212071.24,33.73,21,16,1
12544.96,36,5.04,1368.79,218700.25,34.2,7,20,1
34964.78,36,22.48,209.73,127252.91,1.32,6,21,1
1160.96,60,6.58,1199.58,218490.63,9.17,22,45,1
1819.97,36,18.11,815.43,170293.46,3.97,8,39,1
19168.98,60,8.03,449.4,177794.03,34.62,15,27,0
10309.87,60,6.25,1383.7,59844.42,30.0,14,26,0
27903.81,60,20.2,55.54,76372.88,3.85,8,19,0
23057.01,60,14.34,432.87,178162.88,16.08,7,29,0
4021.95,60,16.98,1332.79,81095.74,20.48,24,24,0
7342.5,60,13.51,737.09,132709.2,28.61,16,9,0
16133.92,60,6.34,910.42,132692.02,11.74,11,33,0
8238.56,36,19.79,1132.16,73828.44,11.62,3,8,1
31896.67,60,21.41,247.52,150293.63,21.27,5,36,1
17226.74,60,5.83,346.31,149663.9,21.02,21,29,1
4643.84,36,12.51,1497.98,49673.67,4.49,7,41,1
19889.37,36,16.15,379.06,107656.4,28.51,20,29,1
4542.69,60,17.1,822.63,104140.04,7.14,19,12,1
6028.55,60,16.56,469.1,149280.38,33.99,11,38,1
10344.78,60,18.86,1281.59,192346.18,30.93,7,26,1
34521.58,60,24.34,1443.78,24193.6,39.24,24,43,1
37059.89,36,12.81,237.7,50489.08,6.84,15,23,0
33224.05,36,16.13,912.84,89458.83,37.78,16,29,1
14029.01,60,18.98,1223.02,206395.05,29.31,23,8,1
11625.41,36,16.85,1239.85,130519.08,35.25,13,36,1
22417.07,36,12.74,677.46,137503.92,1.37,7,40,0
29152.27,36,17.48,361.3,114117.92,12.84,15,39,0
39741.54,36,18.0,599.1,115483.29,1.18,19,36,1
6131.26,60,16.7,1134.19,244838.09,7.28,24,20,1
2922.39,36,9.1,1490.85,226687.4,35.37,21,29,0
28079.88,36,15.12,844.81,186949.49,16.43,20,33,1
33456.81,60,22.69,316.83,94539.14,26.86,6,10,1
34007.6,36,22.37,91.64,138148.02,19.36,18,19,1
27460.08,60,20.02,1417.22,178564.97,18.95,11,11,0
38206.62,60,18.94,740.06,110752.32,25.99,21,23,1
20929.19,36,8.07,1083.39,140628.79,17.39,9,29,1
36638.78,36,14.19,1000.47,53513.5,0.83,23,26,1
38744.67,60,7.22,1339.58,41522.63,32.02,21,20,0
34039.14,36,21.35,421.15,58481.24,10.94,14,11,1
13080.58,60,10.82,679.33,193801.14,26.86,13,31,0
8652.41,60,20.34,1373.02,63691.27,26.33,10,45,0
22376.68,36,21.29,890.8,232685.99,5.78,19,7,1
18667.58,60,22.85,134.9,104766.24,6.59,15,38,1
35232.58,60,20.08,315.89,58877.55,17.91,11,32,1
4901.24,36,16.29,378.71,209806.15,13.67,22,18,0
11051.86,36,16.96,1490.86,125028.77,10.94,11,29,1
30320.16,60,11.41,359.48,109345.76,12.37,3,7,1
4704.48,36,8.54,1308.44,95774.23,10.18,17,20,1
13509.81,60,7.61,144.8,96017.87,4.43,14,15,1
16099.06,36,8.64,297.13,172591.43,3.51,16,11,0
25281.16,60,23.68,1311.92,144349.07,35.2,10,23,1
7167.17,36,8.29,1351.44,127557.57,32.59,13,6,1
34563.58,36,19.47,289.01,122819.54,19.77,19,48,1
18454.15,36,8.69,367.88,52660.24,12.79,8,13,0
36763.85,36,24.51,809.93,210411.74,27.47,24,39,1
19246.93,36,12.33,107.44,233174.98,4.37,20,34,0
11726.57,60,13.24,1419.57,204507.45,4.06,22,37,1
6531.32,60,13.09,562.25,123791.42,5.65,20,13,0
1146.06,36,21.33,749.25,243604.53,27.68,20,39,1
21754.14,60,9.37,184.42,162288.21,32.86,13,17,1
5179.11,36,21.62,77.84,198039.06,21.45,19,40,1
16277.38,60,18.14,717.69,190481.37,6.75,2,7,1
23981.6,60,9.41,208.85,182797.07,13.47,10,22,1
11751.75,60,6.31,956.57,167656.88,32.92,16,13,1
7833.75,36,20.5,1197.89,68670.78,20.5,23,5,1
31214.14,36,9.38,76.56,87724.36,18.04,16,5,1
37924.86,60,22.78,929.97,223945.03,26.36,6,38,1
4917.18,60,7.6,1228.97,,14.19,18,47,0
7068.02,60,17.33,675.96,54951.18,0.17,4,40,1
38440.49,60,18.84,1440.77,85356.98,37.63,7,7,1
2473.58,36,18.15,193.46,103373.41,28.42,12,9,1
39127.66,36,11.32,504.79,147219.79,38.32,12,14,1
1181.13,60,22.51,368.21,,34.0,2,35,1
35073.08,36,20.4,1494.4,201854.64,14.96,17,32,1
12985.68,60,15.2,462.44,36883.54,15.14,13,44,1
37604.97,36,17.07,600.25,67893.85,5.77,16,32,1
13360.87,60,16.33,1276.0,136187.24,32.29,15,12,1
26517.95,36,23.93,1397.05,77686.9,24.79,6,15,1
4121.27,60,22.93,1408.49,220901.6,10.23,24,45,0
10450.86,36,9.71,850.51,167238.63,38.4,11,21,1
31173.49,60,10.26,1005.05,132753.78,30.71,18,28,0
21618.75,36,24.63,543.28,20102.03,35.3,16,36,1
37190.79,60,9.73,922.52,217489.09,6.96,19,40,0
17721.3,60,24.07,475.04,125997.89,23.7,9,33,1
34922.68,36,18.0,1126.66,142224.13,39.63,23,11,1
18509.26,36,6.0,481.6,180602.44,13.98,8,27,1
39190.68,36,11.71,1322.73,235614.74,16.13,10,20,1
38433.54,60,14.52,240.92,56388.3,21.48,4,32,1
13836.33,60,21.66,870.55,36372.36,1.78,23,42,1
35551.02,60,11.57,795.39,48039.05,9.03,10,19,1
34056.84,36,11.21,417.66,190366.56,12.92,12,8,1
9216.54,60,23.41,71.16,49733.9,0.37,19,19,1
25347.33,36,6.58,248.34,135225.63,12.63,8,31,0
3834.61,60,16.03,1452.89,182493.84,21.81,9,44,0
33631.72,60,15.08,1413.72,183935.22,0.77,24,29,1
7807.29,60,6.15,205.37,113461.11,21.27,22,46,1
3761.77,36,6.76,581.04,180681.32,31.99,12,5,0
16608.54,60,12.64,713.74,238502.56,5.84,12,32,0
23499.96,60,7.68,732.77,26435.13,38.46,4,16,1
34341.76,36,14.56,469.27,174417.43,16.6,18,7,1
38995.46,60,17.18,1372.04,140202.16,17.53,18,48,1
18140.21,36,18.83,1365.48,68895.36,20.59,23,25,1
3357.43,60,15.93,57.82,90773.81,15.73,15,31,1
30215.51,60,12.59,985.5,212544.63,26.1,8,29,1
23041.76,36,7.6,139.31,154986.56,7.12,9,33,0
18467.76,60,9.95,908.32,23341.98,36.82,20,31,1
13061.49,36,13.39,1304.33,242033.11,34.73,5,35,1
20593.54,36,23.48,984.81,173222.38,25.79,3,47,1
14208.5,60,9.05,719.32,121807.84,31.57,11,18,1
30523.46,60,13.27,1438.11,183836.69,28.34,6,16,1
22211.85,60,19.65,1127.5,67050.88,18.98,22,10,1
35197.06,60,19.1,396.48,79907.49,6.22,4,19,1
22198.21,60,24.31,598.8,54989.04,12.97,2,5,1
10292.23,36,8.82,1147.02,111326.8,35.38,7,19,1
34192.58,36,5.33,58.39,228081.07,26.63,17,32,1
22731.54,36,11.45,124.03,109375.79,34.61,23,48,1
9066.8,36,7.99,1293.35,86259.71,35.11,19,18,1
25316.8,36,15.97,93.13,181819.68,21.09,9,27,1
14950.95,60,22.98,1027.42,220009.29,17.46,3,9,1
33931.82,36,18.76,498.79,76173.4,17.17,11,43,0
18678.69,36,7.72,1244.06,205821.99,17.76,23,40,1
29331.21,60,7.32,1275.6,90105.12,37.85,2,41,1
4725.91,60,23.23,1431.41,76882.73,6.01,6,32,1
16444.95,60,14.75,170.46,128780.06,6.07,9,46,1
39346.42,60,23.47,651.59,35348.08,15.49,17,41,1
32529.95,36,19.72,873.72,218314.37,32.08,15,23,1
7237.69,60,24.87,1376.6,221098.36,34.09,11,41,1
11832.8,36,22.42,421.78,175796.65,33.02,19,26,1
13862.82,60,13.28,135.29,89663.64,23.28,15,11,1
26364.26,60,20.16,326.59,58343.02,34.31,12,24,1
30522.8,36,14.42,758.5,180725.11,7.71,20,15,1
30231.54,36,9.66,1031.14,43710.4,23.95,2,7,1
20885.09,60,9.82,1045.29,114554.91,13.14,3,28,1
32622.0,36,12.95,139.76,40426.06,10.92,23,25,1
18046.05,60,7.23,1149.27,118085.05,3.99,5,47,1
5831.34,60,8.56,1000.55,50933.68,14.59,15,33,1
23013.23,36,15.01,629.09,27402.36,1.4,22,49,0
38139.75,36,24.08,869.5,123438.91,14.09,7,11,1
31926.75,36,16.55,1158.58,150569.59,18.99,21,15,1
23569.33,60,13.17,415.28,121048.47,14.31,17,19,1
26225.42,36,9.85,1411.85,60513.97,30.85,9,28,1
37291.92,36,8.92,232.52,37809.21,11.23,11,16,1
17705.37,60,18.17,1356.27,49064.39,3.0,8,47,0
13924.37,36,21.97,1119.06,187236.21,7.97,20,45,1
39112.42,36,12.98,1000.96,23651.52,32.8,9,49,1
34674.28,36,16.01,151.87,218562.76,25.44,17,26,1
13598.7,36,19.13,1380.94,213220.5,23.09,4,30,1
19087.44,60,6.17,464.14,222507.84,21.54,23,14,1
17188.05,36,12.02,1126.05,222111.44,29.96,22,27,0
6814.73,60,19.6,1330.66,173528.55,7.85,17,44,1
38354.95,60,18.69,389.1,214909.11,8.39,11,26,1
16768.18,36,6.07,1374.46,187975.96,5.21,9,22,1
35137.83,60,9.76,929.55,89027.8,13.57,14,30,1
8384.89,36,18.6,998.78,193679.27,10.96,5,49,1
22366.96,60,10.43,1374.33,161582.58,36.61,8,9,1
1934.49,36,21.29,804.3,26322.69,0.5,5,34,1
30804.6,60,5.59,677.75,200862.7,18.97,10,31,1
23655.64,60,8.81,960.85,220292.07,29.23,17,7,0
25397.99,60,10.63,844.41,139018.69,36.26,13,6,1
3017.11,60,23.51,120.37,132016.15,38.64,14,41,1
9230.49,60,20.93,295.32,118272.18,2.77,4,26,1
3898.9,60,22.68,49.94,185332.0,7.8,19,27,1
12267.66,36,13.81,189.0,69554.34,39.96,4,7,0
25470.12,60,21.45,1102.88,198004.92,12.54,4,23,1
23081.25,36,22.07,36.93,87238.95,2.22,9,10,1
24873.84,60,13.0,477.48,80144.36,37.35,7,36,1
22420.8,36,24.89,690.5,206111.27,16.14,4,6,1
11648.12,60,22.02,1408.58,60106.41,11.64,15,15,1
10535.79,60,24.48,510.7,218379.39,6.02,8,30,1
6345.33,60,22.33,1181.2,244909.12,17.01,24,25,1
34113.76,60,20.52,630.89,93570.95,14.71,17,34,1
25042.69,60,23.88,174.78,233410.96,36.97,5,14,1
8273.93,60,13.4,175.3,150275.38,8.47,19,48,1
7911.17,60,20.67,665.68,79647.9,3.46,8,16,1
35048.39,60,9.26,115.09,124105.76,11.06,15,28,0
29966.5,36,19.66,870.28,204012.54,21.84,11,23,1
26716.56,36,20.71,755.67,173326.56,13.11,18,40,1
16867.7,60,19.33,1062.73,133799.96,12.49,23,35,1
11217.05,36,22.0,302.86,79182.81,,13,13,0
39198.58,60,13.27,901.61,186932.7,34.9,9,26,1
32092.34,36,15.9,286.55,92063.11,26.51,15,30,1
12769.39,60,5.21,1091.68,96118.22,21.09,13,7,1
34055.03,36,7.92,481.52,191782.91,16.12,8,43,0
30598.35,36,17.88,933.19,148439.6,2.81,6,16,1
12586.14,60,16.25,1327.54,62741.71,35.38,24,38,1
17635.56,36,8.95,747.7,178035.71,5.14,3,10,1
8252.18,60,9.87,312.67,79352.07,7.46,4,45,0
5331.05,60,11.88,1332.6,194913.09,18.01,6,47,1
29187.72,36,19.33,557.11,130104.88,5.61,18,27,1
11432.96,60,17.19,1103.47,156846.62,25.6,12,18,1
32982.32,36,6.39,500.54,158224.64,19.77,19,28,1
39828.74,36,20.2,468.38,53766.42,19.91,18,45,1
3988.17,36,10.25,973.78,169609.35,38.68,21,41,1
19448.37,36,18.44,259.78,219439.28,26.95,15,12,1
32280.44,36,7.47,1304.45,224976.46,29.28,23,24,1
31769.08,36,24.96,599.81,178367.06,24.38,23,26,1
30639.89,60,6.61,58.34,242864.5,10.38,22,35,0
14610.8,36,19.83,478.99,157603.52,2.52,18,11,1
18700.28,36,15.83,1183.9,78620.83,22.44,17,41,1
24203.77,36,6.72,1293.26,171839.74,17.86,8,13,1
38983.68,60,5.54,864.78,229110.5,4.92,22,33,1
13774.34,60,12.25,462.34,102535.97,34.38,4,21,1
37002.61,60,21.04,805.95,80915.25,19.87,22,28,0
11504.92,36,5.82,1259.47,242295.99,18.15,9,20,1
39573.9,36,19.09,494.58,196306.33,16.69,12,39,1
27140.28,36,18.11,596.59,31448.99,29.51,10,37,1
19076.95,60,10.31,823.35,149072.06,2.07,9,21,1
24922.23,60,6.55,1334.09,73919.11,8.61,20,37,1
11628.72,60,23.31,885.76,85967.78,36.09,21,47,1
11692.78,36,11.01,335.19,40144.95,1.61,16,29,1
5428.63,36,7.23,160.98,73129.0,24.43,21,31,1
5447.96,60,18.63,169.67,136202.2,9.65,19,41,1
14559.2,36,9.33,1426.87,38069.59,21.62,9,49,1
30751.36,60,14.51,1238.95,224629.56,21.24,2,21,1
24710.88,60,6.01,1155.81,198342.69,26.25,8,48,1
5000.8,60,24.86,759.66,107717.73,6.87,11,37,1
34237.22,36,13.95,1018.63,49952.35,25.63,12,35,1
24453.34,60,24.98,217.18,248613.79,,2,10,1
38473.37,60,12.71,942.72,149560.54,7.03,10,33,1
27137.23,36,11.96,1221.85,117284.31,31.58,10,8,1
7831.82,36,23.29,121.34,65687.02,4.87,13,38,1
19477.55,60,11.59,465.34,66739.82,10.51,7,22,0
26291.41,36,13.64,192.11,203128.11,14.47,4,28,1
2102.32,36,6.56,412.53,139572.67,12.45,16,26,1
1581.5,36,24.11,1165.61,246320.45,29.35,15,6,0
6046.72,36,6.7,518.11,,10.76,16,29,1
10814.91,60,20.42,1043.84,67570.39,30.03,22,18,1
17752.42,36,15.77,1166.75,249856.33,2.28,13,47,1
20010.18,60,6.23,1230.46,246916.81,12.74,10,43,1
6383.08,36,5.03,1313.86,203834.3,36.51,5,23,1
27262.27,36,23.71,908.52,109909.27,15.42,16,29,0
24249.38,60,19.84,442.54,71553.3,18.81,2,40,1
12484.1,36,18.73,251.32,43726.5,30.11,16,5,1
1532.74,36,13.77,770.45,31954.07,2.15,19,19,1
4028.27,60,9.77,182.23,208784.55,28.02,4,29,1
16276.1,60,18.6,1368.76,237479.17,2.58,3,14,1
7005.0,60,17.17,680.45,197688.18,22.1,17,22,0
15695.96,36,19.53,1313.29,194578.93,24.46,7,13,0
25499.12,36,12.32,1072.63,115491.24,5.79,4,6,1
22342.26,36,24.74,1290.11,167471.62,34.04,7,27,0
10015.86,60,6.34,1329.42,174379.59,22.76,3,12,1
14409.08,36,6.59,108.34,79174.17,6.19,4,10,1
24947.22,60,23.34,1096.13,189896.29,34.44,24,25,1
34573.35,60,17.95,363.03,53606.9,32.99,6,11,1
30375.32,60,11.53,1484.27,87494.92,26.83,23,30,1
22582.6,60,20.24,1174.25,155632.93,16.22,23,41,1
15129.43,60,14.06,35.53,144102.08,19.77,7,47,1
15237.0,36,5.42,1393.3,182053.74,28.14,23,8,1
35297.28,60,18.02,459.69,154070.16,12.01,17,22,1
2530.5,60,9.86,642.48,31394.99,23.82,3,14,1
39531.32,60,7.31,930.06,244871.69,24.88,7,37,1
26910.64,60,9.51,1376.98,195602.46,8.88,7,27,1
27564.37,36,14.52,1393.17,222499.18,5.15,5,10,1
2481.92,36,6.0,858.3,,6.59,7,11,1
24615.64,36,22.66,495.59,,0.85,3,44,1
19906.34,60,16.2,440.41,234523.01,30.04,10,30,1
5125.38,36,10.86,565.66,246339.25,32.38,21,8,1
11838.96,36,18.74,295.36,38094.61,31.98,5,8,1
35722.26,60,21.08,1014.65,56440.1,37.2,7,37,1
22449.55,60,17.28,805.87,247767.59,3.39,9,41,1
17123.25,60,9.05,1166.99,,37.23,17,40,1
3834.6,60,7.21,168.34,208554.61,20.07,3,9,1
28850.74,60,22.2,617.86,37052.91,15.73,11,33,0
28411.18,36,9.69,382.6,188461.41,5.67,19,15,1
24947.7,36,5.4,816.72,181320.85,19.33,2,30,1
20900.24,36,17.86,718.32,235658.25,27.27,5,17,1
17917.59,36,8.06,690.86,187604.85,3.56,8,33,1
24137.57,36,24.82,494.01,29521.91,39.11,5,19,1
10102.42,60,22.39,1098.46,123604.14,36.67,5,12,1
37709.1,36,17.17,737.9,100014.84,35.49,16,31,1
23962.99,36,21.68,327.3,151267.05,16.38,11,43,1
13136.51,36,14.41,834.75,118514.19,34.24,7,9,0
18537.51,36,20.77,907.11,84593.92,5.02,6,23,1
32421.71,36,17.93,61.43,,36.43,13,9,1
7303.03,60,5.57,329.55,91561.27,34.19,12,6,1
12420.59,60,23.98,386.33,215651.19,23.49,20,27,0
27500.81,36,22.22,394.67,94288.57,26.49,16,42,1
13304.08,60,24.07,381.1,138526.88,14.03,15,31,1
31907.57,36,19.63,429.31,209984.99,37.95,24,30,1
6087.69,36,13.24,416.21,209264.52,2.67,4,40,1
30744.76,60,9.14,1329.58,154801.2,35.64,11,44,1
3665.72,60,8.6,499.88,107381.79,10.46,24,25,0
1491.11,60,7.9,544.15,148326.08,32.2,11,12,1
36030.72,36,9.41,421.28,215427.22,1.98,21,44,1
23672.23,36,16.01,1452.33,70319.68,9.77,3,42,0
14721.25,36,18.67,817.17,48171.57,7.91,15,29,1
10071.19,60,11.28,927.5,153867.41,39.13,11,12,0
25058.55,60,15.97,1111.17,152029.88,8.39,19,25,1
20851.09,36,11.83,520.56,,14.84,10,34,1
39672.31,60,18.93,1454.11,119925.99,11.92,22,22,1
39345.42,60,24.77,253.92,40361.55,39.44,22,49,1
25765.96,36,18.78,702.99,50074.86,24.63,6,32,1
18271.95,60,6.18,243.8,210516.33,14.39,21,31,1
20154.5,60,14.54,1191.85,126828.83,36.32,17,13,0
27616.68,36,20.41,187.76,42957.0,28.29,23,14,1
4961.41,36,15.84,844.23,241229.75,28.14,19,45,1
13805.73,36,24.02,184.07,68286.53,19.46,9,44,0
3935.62,60,6.1,695.41,92888.99,19.91,9,37,1
3861.07,36,10.82,442.05,243683.06,29.23,17,14,0
8637.73,60,9.41,1357.85,61603.75,0.4,13,36,1
19924.88,36,20.35,108.05,242806.85,17.49,7,49,1
31606.2,36,15.48,985.41,186115.16,39.25,10,18,1
19934.34,36,7.77,1052.02,118192.25,26.15,11,22,1
14083.59,60,10.71,1336.8,156833.72,15.15,11,6,1
4211.77,36,15.45,1320.26,136815.18,6.8,16,40,1
22461.53,36,24.92,1466.27,205089.69,14.35,20,15,1
11579.47,60,12.29,403.25,34453.85,19.2,18,23,1
24982.43,60,8.14,433.99,207080.15,25.23,11,45,1
39110.32,36,14.94,614.02,243242.85,39.33,5,33,1
5341.26,36,11.2,820.24,118801.78,19.85,16,23,1
9272.89,36,16.32,569.7,64022.54,14.54,11,45,0
19450.69,60,14.33,1118.24,45026.11,10.15,4,18,1
38775.94,60,18.79,42.56,99753.78,30.64,23,41,1
31100.58,36,23.29,55.95,50050.49,18.55,22,27,1
36030.94,36,9.01,1082.6,72833.67,29.01,17,28,1
14014.88,36,21.42,1328.19,170520.31,11.35,20,33,1
39689.5,36,23.99,1171.52,115628.98,14.85,13,13,1
5010.48,60,12.47,202.12,227234.69,38.23,9,22,1
3065.94,60,7.27,1404.41,126697.7,9.34,11,45,1
34368.5,60,21.44,797.21,55443.02,12.74,10,5,1
37163.33,36,19.02,1121.17,51887.54,20.35,12,28,1
4532.83,36,9.25,325.54,,21.03,11,24,1
5423.67,60,13.9,836.73,165798.4,2.66,12,8,1
2293.79,36,16.56,515.19,182810.27,38.86,7,17,0
5075.79,60,8.4,1462.9,97914.22,12.11,9,18,1
9167.37,36,19.3,727.07,230457.14,2.15,20,18,1
38832.99,36,18.8,1140.7,46165.25,10.2,11,30,0
27046.55,36,22.74,916.75,27555.16,15.98,15,30,1
31363.57,60,16.35,168.62,190693.71,9.26,24,48,1
31269.44,36,16.49,828.1,175727.21,6.2,3,42,1
21867.88,36,17.39,824.12,133518.92,20.28,6,9,1
32102.07,60,10.48,1082.09,30049.4,31.86,19,9,0
24236.49,36,20.17,503.2,46266.1,28.19,10,9,1
13267.3,36,18.25,1295.16,64918.62,17.02,9,22,0
22883.29,60,21.78,945.23,166906.34,4.95,2,46,1
21806.83,36,20.37,87.83,172500.9,38.2,5,25,1
33114.67,60,17.77,1069.05,175690.3,13.47,16,29,1
39287.36,36,8.22,1363.24,204701.27,4.13,14,42,1
17030.66,36,23.38,1034.23,25703.09,13.46,7,18,1
30772.24,60,12.34,588.6,167950.25,27.88,2,45,1
4890.76,36,24.29,898.25,77859.51,10.04,7,47,1
31296.42,60,13.04,281.96,151338.65,7.32,12,44,1
15485.26,36,7.92,913.85,189711.41,10.54,7,46,1
2536.22,60,22.7,766.46,185610.82,22.07,16,34,1
15166.6,36,20.9,68.45,86217.22,34.98,15,26,1
24815.07,36,20.73,503.18,101720.82,,6,22,1
5650.76,36,6.79,311.13,230979.76,5.75,15,14,0
37037.35,36,22.59,604.26,215244.04,17.14,2,28,1
4029.22,36,16.93,385.49,79111.53,5.02,7,32,1
37270.26,60,14.41,1256.35,,39.17,5,13,1
28578.36,36,23.26,1055.59,44673.59,35.15,2,29,1
13858.77,60,18.32,1117.97,170389.63,2.59,11,20,1
16239.26,60,7.66,560.47,162910.56,36.27,2,15,1
29891.57,36,15.39,35.07,80700.99,11.38,19,13,1
24457.37,36,17.73,352.16,117023.14,12.92,15,13,1
27194.07,36,22.97,1140.29,199930.51,13.54,7,37,1
16177.42,60,10.6,916.17,78750.75,2.8,3,7,1
20024.73,36,20.88,821.71,196724.28,31.14,5,5,1
39604.83,36,21.0,442.36,92768.71,7.3,17,40,1
9342.99,36,7.56,141.34,213099.97,8.32,18,24,1
17296.39,36,5.34,1183.75,27015.89,30.74,21,28,1
12381.1,36,16.63,86.82,79374.04,2.41,2,33,1
30839.35,36,20.79,116.93,60853.5,13.44,2,38,1
30796.49,60,16.09,463.55,224830.87,22.44,7,9,1
12405.37,36,21.27,872.21,118559.55,4.63,11,45,1
4174.22,60,17.45,1488.57,145488.17,17.02,19,23,1
1445.87,60,18.07,163.24,75677.66,14.15,12,38,1
17670.57,36,5.56,725.56,,12.87,5,6,1
17003.17,36,6.77,914.58,157595.74,10.82,16,47,0
39547.21,60,19.5,1239.96,85158.85,13.57,16,16,0
19322.28,36,20.26,1043.73,233637.01,15.68,7,15,1
11000.32,36,15.84,1217.38,129560.46,5.13,11,26,1
35757.95,36,16.8,798.03,51776.74,8.31,11,27,1
20151.65,36,17.29,667.94,25471.94,36.42,18,44,0
24367.85,60,7.1,939.53,73424.42,37.78,9,21,0
4731.08,60,18.36,1354.28,93582.31,39.71,14,49,1
15933.74,60,14.57,839.75,67602.53,19.15,13,39,1
37824.72,36,17.05,920.22,104088.33,5.42,20,44,1
23990.71,60,16.26,526.82,,27.35,7,14,1
14435.57,60,20.26,906.3,31029.08,37.47,24,31,1
25401.02,60,11.37,952.81,204282.57,1.24,14,15,1
36506.03,36,12.47,1137.54,117932.04,0.88,14,46,1
11685.63,36,12.83,871.1,228475.99,24.5,21,10,1
20699.55,36,20.25,320.4,173421.54,1.58,16,12,1
38388.94,36,13.62,885.43,57930.85,15.66,17,19,1
7723.45,36,8.54,467.87,240684.91,15.1,21,21,1
29066.89,60,24.66,158.37,55584.37,3.96,19,5,1
24964.76,60,14.87,1243.39,97347.45,29.84,3,15,1
27507.33,36,7.18,127.13,245125.18,4.36,18,32,1
14697.57,36,18.41,958.6,68724.56,10.95,8,46,1
13241.3,60,19.78,1483.09,165172.21,29.09,16,13,1
27684.18,60,15.0,158.8,244827.27,24.73,2,22,1
9406.19,36,17.93,353.59,178451.48,18.9,6,16,1
17366.54,36,8.45,1148.38,172435.33,1.96,6,17,1
8338.81,36,12.36,172.43,162955.52,30.52,13,40,1
1323.89,60,8.24,1254.11,147754.96,33.01,13,26,1
38832.24,60,12.74,30.4,238305.45,4.09,10,33,1
17836.42,36,16.26,1338.22,145064.06,39.45,17,39,1
38804.63,36,13.85,128.23,172557.99,13.9,10,34,1
6472.62,60,16.86,1385.31,189932.7,16.97,18,16,1
23907.3,60,15.04,1300.89,,16.58,23,5,1
8837.99,60,11.36,823.16,224175.74,25.32,15,22,1
31812.89,36,7.87,1173.58,25243.52,22.93,20,20,1
31564.42,36,10.05,140.07,110911.69,22.43,18,29,1
5391.68,36,9.01,228.67,161824.81,31.25,23,31,0
36570.51,36,19.15,572.85,24363.6,37.12,22,17,1
8590.56,60,21.4,820.06,235486.46,32.87,7,44,0
24906.12,60,19.41,1306.27,210067.4,28.84,17,40,1
39439.71,36,17.87,827.74,70378.28,2.02,4,25,0
35413.46,36,11.16,1007.85,96307.76,9.94,10,11,1
38305.99,36,19.22,1029.43,175744.55,4.19,17,9,1
14361.35,36,17.1,1320.03,98433.9,34.19,7,24,1
5117.45,36,5.94,1171.83,217054.8,26.08,7,13,1
8345.53,36,23.15,1466.23,77149.23,1.34,20,11,1
20519.3,36,6.6,59.42,208206.6,28.93,16,6,0
31935.96,36,15.05,335.51,126858.08,13.48,13,21,1
6855.99,36,15.26,1397.76,124275.8,21.74,3,45,1
26729.53,36,21.74,1194.56,58740.55,23.19,21,7,1
13619.53,60,23.26,423.02,246175.38,6.49,2,36,1
14306.88,60,23.79,1462.14,99311.13,15.95,6,30,1
26814.79,60,16.39,1308.73,67062.87,17.06,14,13,1
19212.98,60,18.58,125.05,27461.6,24.6,8,42,1
32669.3,36,6.77,1222.63,133507.48,35.59,5,22,1
7080.82,60,14.76,1183.2,,24.61,21,9,0
31807.98,60,22.96,355.09,124732.98,27.35,4,42,0
3505.17,60,14.11,1013.79,227608.19,26.58,14,43,1
8568.1,60,6.39,1456.23,134533.25,3.38,19,24,1
26589.84,60,9.01,1023.53,29961.45,11.99,20,32,1
34342.1,36,13.59,1226.23,80805.19,16.07,10,32,1
10854.51,60,9.75,176.1,31211.71,17.78,12,29,1
13760.47,60,12.85,1099.36,222868.09,33.68,21,30,1
21947.71,36,11.66,330.99,75224.87,21.02,21,24,1
9251.34,60,11.38,135.63,34962.93,32.62,14,27,1
32635.09,36,6.82,841.55,,36.26,13,18,1
31171.83,60,22.65,1133.4,132042.13,27.84,23,37,1
6666.38,36,18.85,833.71,113296.63,4.53,18,28,1
19089.36,36,17.47,1399.45,,8.04,8,44,0
31218.28,36,17.13,1052.63,142092.69,33.12,20,8,0
14155.85,60,12.93,202.83,84734.21,22.55,7,49,1
25691.17,60,21.47,1403.74,202153.19,20.64,12,19,1
2958.31,36,23.6,254.75,82510.19,38.75,11,47,0
24738.86,36,5.11,1144.64,121850.18,14.72,9,23,1
6953.47,36,6.58,248.36,204729.34,1.64,9,27,1
33392.75,36,18.5,1497.91,234231.25,10.21,9,10,1
14862.53,36,9.72,518.32,159356.57,11.39,9,41,1
11980.6,36,23.23,759.02,136106.52,20.5,17,19,1
33794.67,36,18.35,716.25,37519.82,0.29,15,21,1
2955.62,36,12.37,179.79,161914.42,39.53,4,19,1
16467.74,36,13.31,756.2,95117.2,2.48,9,31,1
15430.14,36,18.82,249.77,138334.66,9.29,3,12,1
12107.21,60,7.82,1208.91,191258.14,26.9,7,35,1
36558.42,36,22.67,1438.72,167246.67,39.1,5,43,1
30286.21,60,5.1,1217.85,42294.63,20.47,17,46,1
3493.0,36,24.58,663.66,111366.4,13.67,12,21,1
28872.81,60,8.35,33.49,65883.66,6.5,15,27,0
21564.67,36,19.84,83.87,54757.32,,19,9,1
36133.85,60,5.8,757.7,70681.16,2.0,6,40,1
13204.88,36,13.63,1028.85,231757.24,2.8,20,49,1
23392.32,36,17.61,1234.69,183877.11,2.55,22,32,1
20529.46,36,6.4,911.31,228864.01,18.66,10,21,0
20092.88,60,13.87,1468.12,136485.5,37.25,17,42,1
18788.11,36,11.06,755.85,20257.84,22.23,4,39,0
9019.55,36,14.96,912.04,27919.32,14.19,2,41,1
30472.69,36,15.09,368.25,53279.9,9.54,20,33,1
18602.11,60,20.7,529.3,199565.49,20.58,10,32,0
38382.13,60,7.47,1034.2,66381.29,17.66,18,37,1
11171.53,36,6.65,914.41,43367.16,3.74,12,29,1
27627.01,36,13.04,573.38,218028.39,0.25,11,20,1
37687.97,60,22.75,194.61,72564.24,23.8,18,7,0
26874.87,60,22.11,533.64,135556.21,34.34,8,34,1
34979.64,36,16.2,94.91,98078.44,24.35,7,49,1
33271.76,36,22.78,883.73,226207.13,13.05,4,32,1
15044.59,36,21.11,504.83,182092.66,6.13,5,41,1
24404.83,60,10.56,588.38,124401.17,29.56,21,5,1
7094.19,60,8.4,875.38,218503.78,28.09,10,19,1
21885.51,36,11.02,884.49,187148.25,33.88,23,29,1
9986.46,60,9.54,894.86,,39.31,13,7,1
30005.74,60,17.45,752.64,244840.14,4.48,5,24,0
21594.28,36,16.7,747.54,66724.91,10.58,19,17,1
17037.87,36,16.97,1237.19,66572.61,13.75,12,7,1
11483.09,36,8.79,717.31,147995.31,21.51,17,35,1
39949.24,60,20.84,817.96,142499.92,2.13,6,13,1
3796.71,60,13.67,1482.7,219897.31,11.03,19,31,1
2698.87,36,14.45,296.14,55860.04,31.77,2,22,1
9473.04,60,24.94,1097.84,117759.84,1.93,18,35,1
38871.83,60,10.65,725.59,141419.55,32.72,23,40,1
39190.29,60,12.88,1250.9,126751.81,7.39,10,5,1
26542.18,60,18.53,623.93,35433.65,12.2,17,34,1
35324.16,36,22.61,475.39,54006.17,28.72,13,46,1
9344.51,60,7.54,335.45,55319.89,30.58,15,10,1
38909.64,36,19.7,1312.19,157087.16,8.43,12,37,1
6568.61,60,23.37,1085.94,118638.24,16.21,22,31,1
4943.88,36,13.46,143.04,60979.63,9.68,10,41,1
5376.25,60,10.73,1078.83,189430.16,20.53,5,9,1
23351.99,36,18.55,81.47,204682.22,26.1,17,8,1
31458.0,36,9.92,296.99,68330.73,10.8,23,19,1
15300.02,60,12.69,901.41,186235.8,18.49,4,18,1
39137.94,60,22.94,711.36,34631.4,21.43,24,40,1
17942.39,36,16.81,1265.51,216866.04,16.76,21,6,0
6867.49,60,6.9,923.6,241426.75,20.56,23,46,1
19172.7,36,11.59,1448.51,55849.84,5.76,23,23,1
27482.45,36,17.55,1287.12,200816.79,1.62,16,37,1
33456.81,36,14.63,530.12,42378.98,2.53,5,12,1
18891.96,36,18.21,1256.2,241087.84,,12,5,1
24150.67,60,20.23,1308.8,123976.47,2.96,12,14,1
11426.44,60,14.61,1455.5,143113.84,15.44,19,17,1
26190.74,60,24.74,48.47,195696.12,31.67,3,27,1
39452.91,60,23.29,1315.87,77220.06,34.02,17,6,1
2913.09,60,6.2,132.75,111738.05,10.74,15,8,1
35574.7,36,10.33,806.33,36102.68,25.6,7,5,1
22929.02,60,11.01,639.56,161362.72,28.96,15,49,1
10831.85,60,8.69,1382.23,203846.19,36.64,7,23,0
38240.7,60,11.24,625.57,215923.37,35.56,19,11,1
19850.82,36,13.5,906.18,143360.81,17.4,9,13,1
13935.92,60,6.03,1047.06,196135.28,21.65,24,29,1
8078.41,60,7.55,57.97,54478.47,32.04,4,8,1
10533.64,60,6.92,898.67,190984.98,23.95,13,41,1
33481.11,60,5.93,791.45,21043.98,14.24,19,18,1
24961.99,60,14.63,903.19,64814.42,38.02,2,26,1
36616.58,36,11.68,141.34,165966.64,39.91,10,16,0
10046.77,60,23.71,111.67,93724.2,37.32,17,14,1
5724.4,60,7.06,290.99,,13.83,19,32,1
1237.41,60,23.52,1308.17,209995.38,9.69,14,14,1
20806.62,36,6.73,554.01,151352.17,19.73,8,49,1
39933.97,60,17.38,668.03,111761.8,31.39,24,44,1
28103.65,60,9.95,603.54,127125.46,10.81,11,38,1
13027.39,36,21.54,1080.12,215139.13,,14,11,1
35197.48,60,6.23,411.43,131686.04,6.06,20,9,0
31487.17,36,24.05,130.54,221330.37,28.06,15,25,1
1601.19,60,5.95,585.92,76832.85,29.5,14,11,0
32857.56,36,9.82,1099.92,142764.17,19.82,15,5,1
12720.54,36,14.28,1375.0,104877.02,29.5,15,37,1
6837.27,36,20.12,104.71,155998.51,25.78,7,29,0
9826.9,36,24.02,1221.43,152367.43,37.18,16,48,1
19274.61,60,13.56,127.28,151401.16,23.46,20,46,1
17569.85,36,20.15,516.07,141387.81,,5,28,1
12266.6,36,19.54,62.78,124519.35,29.19,9,46,1
7716.51,60,16.42,1369.97,229385.78,2.27,21,12,1
30727.0,60,18.82,1068.98,81629.26,19.05,9,34,0
39614.28,36,5.76,572.63,119809.36,38.64,22,18,1
31333.87,36,13.83,584.86,68577.86,28.21,14,34,1
12541.54,60,20.72,970.57,96418.45,39.94,17,13,1
10547.55,36,14.48,161.78,77266.0,15.71,16,28,1
9488.97,60,22.47,243.22,174035.39,15.72,22,5,1
6331.11,60,21.67,1275.42,182750.95,2.38,17,24,1
22501.89,36,22.27,327.4,83649.26,14.43,12,41,0
24610.61,60,7.6,1098.2,246231.01,5.65,23,34,1
28514.6,60,9.88,361.93,85371.94,15.82,12,47,1
27528.32,36,5.59,159.58,210530.51,0.08,13,40,1
12401.0,60,24.66,1353.05,87297.8,17.53,19,30,1
13882.13,60,9.72,1355.46,115034.38,37.57,5,18,0
27579.07,36,12.34,919.81,172885.28,30.49,9,42,1
14628.46,60,10.5,709.19,148263.32,9.65,2,10,1
9292.3,60,5.8,842.56,136426.45,10.8,10,20,1
15599.11,36,10.23,629.95,202670.41,12.37,3,28,1
11611.28,60,6.96,1143.05,182775.79,3.71,14,43,1
4444.2,60,12.89,1139.2,230258.37,39.68,19,7,1
33375.42,60,24.34,1233.9,73094.83,26.71,18,19,1
34271.34,60,18.97,798.7,23753.19,29.54,9,47,1
9570.26,36,19.14,1207.97,249967.45,27.79,16,37,1
3526.12,60,14.06,258.91,85185.36,18.6,13,29,0
29814.27,36,21.23,74.3,29877.75,32.65,15,44,1
9249.62,60,23.17,982.64,76890.25,9.51,20,10,1
16343.98,36,24.23,185.05,173819.47,15.53,17,31,1
3501.27,60,6.98,839.48,155265.55,13.03,16,38,0
9824.51,36,22.59,1090.05,67542.97,38.1,19,33,1
31923.19,36,9.5,628.42,62831.23,1.56,6,22,0
32371.46,60,12.95,94.49,122198.73,3.02,14,10,0
9076.31,60,11.91,1334.08,23106.34,38.24,13,37,1
14100.64,36,18.5,93.57,20547.14,27.5,24,8,1
6235.3,36,16.96,1359.99,161875.3,25.44,8,33,1
3892.73,36,7.18,107.37,94815.67,32.77,5,11,1
39694.7,36,20.66,1110.68,25500.58,36.67,11,14,0
26568.16,36,13.79,1389.52,125755.8,35.85,19,44,1
22141.76,36,5.04,1363.26,235177.98,35.59,23,18,1
30854.44,60,13.29,1343.28,78630.46,33.55,23,24,1
33763.01,60,15.33,1328.13,77744.57,4.82,17,37,1
32461.88,36,6.38,780.3,127636.49,25.41,10,14,0
1645.04,36,8.02,849.81,54145.99,19.64,6,15,1
8285.51,60,24.87,940.98,166726.04,31.22,17,39,0
26541.31,36,22.42,1347.04,213028.81,38.21,7,42,1
15654.61,36,7.67,1262.1,64740.86,14.58,9,39,1
39316.82,60,16.61,1180.98,171508.62,30.19,14,31,1
26950.79,60,12.58,1023.31,224241.06,8.48,5,18,1
38305.41,36,15.87,939.02,227708.06,16.86,10,7,1
8856.41,60,14.41,1386.03,147163.23,28.92,12,25,1
34694.32,36,5.96,313.19,55027.6,3.48,9,45,0
13532.74,60,11.31,313.31,171609.48,34.48,13,22,1
39593.03,36,7.51,1474.23,189007.18,36.68,3,35,1
7149.86,36,14.78,843.14,193492.2,34.88,21,29,1
21137.25,36,23.15,740.56,234897.98,0.03,16,31,1
31920.94,36,24.91,1280.38,161513.01,32.14,24,6,1
17873.06,60,23.89,1279.16,127205.81,35.88,3,46,0
19255.28,60,24.71,289.6,135586.72,39.35,24,31,1
39467.88,60,5.3,285.15,93954.68,1.34,23,24,0
17587.02,36,19.59,1199.04,33171.18,22.55,15,15,1
24558.81,60,10.46,1184.88,185017.17,35.28,23,48,1
3127.05,36,22.31,361.02,24565.43,29.24,9,16,1
33846.19,36,21.27,1267.02,34746.04,34.17,20,28,1
26278.55,60,13.47,735.68,96849.22,27.94,17,18,0
16756.78,60,14.47,720.88,234144.84,0.97,2,15,1
1630.61,36,10.3,1478.97,131120.81,35.13,4,45,0
24075.08,36,10.78,793.25,69491.1,24.71,19,24,0
1493.66,60,24.62,231.46,226321.28,9.9,8,40,1
1046.94,60,22.78,441.83,151488.89,27.19,21,36,1
25027.84,60,8.84,520.51,105056.97,20.58,20,31,1
8371.67,60,10.51,1438.95,184616.05,28.7,5,44,1
8483.61,60,7.17,418.13,121457.97,18.91,13,48,1
26477.59,36,24.78,662.69,187895.08,4.1,6,49,1
3094.19,36,23.14,1131.96,70226.61,36.49,15,27,1
13222.82,36,16.04,432.92,54541.96,27.32,9,26,0
6827.84,60,18.86,1061.41,126015.54,28.56,2,26,1
23626.88,36,19.96,335.05,93507.32,30.7,9,49,1
26808.84,60,9.08,386.5,159185.17,20.49,7,15,1
29124.3,60,23.69,1479.91,201422.34,28.55,3,16,1
10954.02,60,15.53,572.35,227346.0,8.47,8,44,1
4480.74,36,6.85,1102.64,194921.38,18.75,6,40,0
4068.66,36,12.94,1264.89,98602.34,27.66,21,40,1
17619.91,36,17.03,539.87,187294.13,32.2,23,8,1
37887.93,36,12.06,555.04,141873.83,38.72,5,17,1
9491.43,60,18.98,1166.44,228398.54,34.43,2,25,1
11012.92,60,22.64,922.29,182582.62,1.66,11,42,1
4934.66,36,20.44,561.78,54554.59,7.07,20,23,1
24617.24,36,17.85,1131.86,37961.97,27.18,10,48,1
27515.04,60,15.24,1299.65,145082.76,3.28,24,26,1
26074.32,36,10.09,375.51,103959.69,39.81,19,41,1
34584.08,36,14.1,65.8,58662.29,18.85,7,46,1
19970.61,60,10.86,433.0,203460.48,27.46,16,42,0
6243.82,36,23.68,1021.5,106347.17,1.91,13,20,1
12286.8,36,23.15,1375.42,39783.42,17.22,15,26,0
26834.77,36,8.12,1298.7,80321.28,9.58,14,37,1
24911.76,60,21.45,356.59,175683.31,4.19,8,18,1
21709.12,36,19.06,1325.07,169025.96,26.9,10,14,1
27635.61,36,24.5,1221.78,80366.85,39.07,3,22,1
25858.24,60,14.27,1109.57,98477.33,12.2,11,20,0
35371.67,60,19.44,1041.69,31459.71,37.14,12,30,0
23854.64,60,15.36,1216.43,239250.68,0.12,24,38,1
31365.45,60,6.39,1296.74,95246.08,26.52,15,18,1
10699.58,60,5.94,1234.09,233764.39,21.23,8,46,1
27449.12,60,7.44,209.12,207192.48,14.76,24,41,1
36185.57,60,10.92,1091.57,97091.5,16.7,7,39,1
16043.56,36,10.18,1266.72,179653.95,24.03,24,37,1
31385.06,60,19.57,302.99,128933.84,22.32,9,9,1
29266.78,60,19.32,344.28,244629.76,20.33,10,42,0
3321.52,60,24.43,1185.39,166852.1,39.32,19,15,1
23678.82,36,11.21,535.58,139387.1,30.74,6,44,0
6077.38,36,23.77,617.56,,7.14,18,23,1
38725.45,60,17.26,584.42,70657.43,36.7,5,10,0
32644.89,60,14.91,342.86,90469.68,19.7,4,35,0
5279.23,60,18.36,1410.03,183920.01,0.56,8,21,1
5748.33,36,19.06,1214.61,39255.31,31.44,12,44,1
24184.48,60,8.44,398.29,89595.61,14.11,13,41,1
14450.68,36,20.03,185.95,162500.39,39.96,23,15,1
2361.33,36,19.5,577.74,249010.17,21.75,19,45,0
22124.02,60,24.95,640.5,232903.49,10.81,18,20,1
16125.96,36,23.24,40.43,211411.07,30.08,9,11,1
4941.98,60,18.69,1334.11,135188.81,11.13,16,37,0
32274.9,36,19.25,1281.39,205091.17,0.99,11,49,1
36687.99,36,23.92,1279.74,148553.4,3.86,11,43,1
30507.16,36,24.34,1214.53,125445.49,26.29,23,39,0
33074.47,60,21.54,1107.7,71410.43,8.56,9,22,1
9443.13,36,20.35,962.75,238713.97,9.51,9,46,1
11279.35,36,7.23,1441.63,157586.42,5.96,22,7,1
9132.57,60,21.61,1076.24,175332.42,10.26,12,36,1
30837.47,36,10.06,956.46,52447.89,30.4,5,33,1
37968.77,36,16.28,1189.57,119095.74,20.55,4,35,1
28956.65,60,13.11,392.01,241872.45,8.64,14,39,1
35377.2,60,11.91,1451.7,194264.0,9.9,6,17,1
25909.26,60,11.21,58.17,223047.28,15.13,21,45,0
16118.74,36,22.11,983.16,111052.39,39.85,10,8,0
17604.7,36,20.38,143.33,,6.96,16,46,1
3937.54,36,15.47,1284.36,100840.19,32.12,11,14,0
2226.83,36,18.29,1452.43,106478.72,34.63,15,24,1
28123.55,36,24.69,630.66,89258.33,38.21,3,34,1
18098.73,60,12.95,1290.03,141142.31,24.19,22,30,1
22536.39,36,16.02,523.51,64190.15,4.0,18,33,1
22748.79,60,15.67,264.32,235664.38,0.93,2,49,1
11817.66,36,23.72,436.67,228730.55,17.72,14,38,1
19559.81,36,12.03,473.71,80168.3,14.03,19,29,0
19359.65,60,24.73,957.08,169841.44,34.49,12,37,0
16148.66,36,11.09,1200.34,,23.88,22,13,1
33006.34,36,7.18,331.67,77515.66,33.73,2,20,0
18595.4,60,8.83,159.66,226332.8,22.82,21,13,1
24542.14,60,13.52,355.83,73144.69,9.1,6,19,1
35925.28,36,18.0,465.91,163663.23,7.98,6,13,0
34783.11,60,15.34,441.33,97131.86,15.81,3,26,0
35726.47,36,12.53,353.33,210004.8,1.17,7,19,1
11530.19,60,16.24,715.02,162676.14,19.89,4,31,1
2364.32,36,21.78,1288.29,211496.43,10.9,18,5,1
11181.61,60,21.78,177.51,99973.79,1.83,2,44,0
11869.59,60,19.52,1297.18,22568.27,18.98,10,11,1
36465.05,36,24.05,760.6,70980.76,25.64,8,14,1
26320.47,60,16.8,1000.89,207315.49,4.03,17,44,1
4186.45,60,5.15,1228.59,92879.37,24.34,9,28,1
6279.77,60,10.82,477.36,93522.76,37.72,16,39,1
7071.37,36,11.56,1432.72,123417.52,15.06,16,43,0
25586.45,60,15.95,153.09,83174.79,39.27,14,30,1
29681.15,60,23.1,805.67,205632.9,31.28,16,13,1
34526.11,60,21.76,404.56,93993.63,0.38,4,39,1
37684.83,36,9.64,629.68,158909.54,37.81,22,40,1
8866.48,36,15.39,689.83,123735.94,20.4,12,10,1
13081.13,60,18.18,1374.33,86092.09,24.02,11,45,1
10372.59,36,24.75,679.12,81021.38,24.37,4,13,0
14991.7,60,5.63,1055.98,135435.64,15.65,2,26,1
36671.94,36,14.28,1429.09,68494.41,17.76,22,26,0
23429.39,60,24.76,756.96,99496.82,20.75,16,14,1
29789.48,36,24.54,630.22,29057.13,38.62,9,12,1
20114.65,60,11.61,1460.26,201769.66,8.74,8,37,1
2125.46,60,5.0,1246.68,30037.28,36.58,20,37,1
3503.62,36,16.73,1411.47,220622.7,39.03,15,30,1
21979.0,60,22.34,613.92,30897.86,16.99,17,29,1
29032.77,60,11.49,1053.6,215079.94,9.89,23,35,1
9397.89,60,23.69,396.93,168157.64,,20,22,1
29154.47,36,11.65,1302.76,136368.46,4.06,20,36,1
32615.97,60,17.2,1401.63,53339.4,32.86,21,18,0
17064.0,60,19.44,423.76,79059.68,12.59,13,13,0
30110.35,60,11.91,184.25,178731.33,12.17,15,41,1
16757.17,36,12.04,325.08,137794.58,26.94,22,11,1
27455.67,60,14.4,960.26,138299.59,22.45,19,18,1
30795.88,36,21.7,430.11,50643.84,23.43,8,23,1
39685.14,60,7.02,968.76,129272.51,19.38,20,21,1
14470.47,36,17.63,544.78,155762.63,18.03,14,49,1
17030.59,36,18.55,1377.75,48130.48,12.63,5,26,1
7459.18,36,16.16,695.32,244097.07,11.31,3,38,1
8958.85,60,23.72,761.5,210911.54,39.76,18,12,1
28042.41,36,17.04,541.66,93016.97,16.12,11,44,0
36764.78,36,17.69,137.37,149578.99,20.28,20,45,1
16389.59,36,17.0,755.65,148561.96,15.89,24,39,1
8013.93,36,19.44,1168.32,44525.35,29.05,20,14,1
12118.88,36,7.71,1430.93,120782.29,6.95,10,14,0
18747.02,36,22.89,142.57,,2.08,8,45,0
12335.36,36,5.85,1202.17,96640.54,38.96,9,6,1
10109.58,36,17.81,422.58,237089.99,21.42,6,10,1
29703.4,36,17.31,1239.54,146804.41,22.03,21,32,0
1305.95,60,9.16,532.76,35387.92,18.68,16,21,1
22029.99,36,5.81,198.22,,2.0,13,37,1
31956.91,36,7.78,929.67,249687.19,27.07,18,17,1
11382.9,36,10.43,1344.04,58570.12,22.63,6,33,1
24528.37,36,22.64,296.94,177071.57,5.7,13,42,1
27087.1,36,22.11,62.05,,20.94,24,10,1
26545.96,36,6.28,1329.25,214134.23,9.34,10,23,0
18388.14,36,10.79,1055.81,182731.29,25.6,13,24,1
14516.54,60,22.79,1218.78,229269.39,26.72,8,45,1
33601.04,60,9.73,117.96,27380.59,11.87,4,37,1
30579.39,60,24.92,1338.97,34758.75,3.76,4,26,1
13528.95,36,10.14,646.16,50944.19,31.92,23,12,1
5017.75,36,19.78,1349.5,29962.11,25.46,24,6,1
3800.49,60,13.34,125.44,47588.01,24.17,16,24,1
4676.76,60,7.72,1330.67,207898.65,23.92,16,14,0
23731.91,36,10.1,1019.86,226185.21,28.77,19,34,1
3014.82,36,18.5,844.77,97276.27,9.14,3,36,1
14140.15,60,11.74,120.82,240152.37,16.27,19,8,1
30374.79,60,17.08,1041.97,116241.5,8.86,9,35,1
12479.58,60,9.11,908.73,59555.34,2.85,6,15,1
30769.02,60,13.97,1097.64,176699.43,36.27,16,17,1
30073.21,36,15.24,1083.57,116672.57,1.87,14,8,1
10587.26,60,13.26,682.29,24469.85,1.84,18,38,1
29424.07,60,8.96,330.88,242261.86,12.88,20,26,1
30163.29,36,14.23,1380.88,157516.67,12.75,24,44,1
16500.7,60,18.86,1390.62,161066.37,1.59,4,13,1
9206.4,60,24.3,341.54,246016.24,30.69,18,23,1
21329.56,60,20.79,957.06,211706.06,4.69,19,34,0
36934.51,36,8.23,328.22,103413.02,3.54,9,8,1
25945.05,36,10.45,1296.0,29620.31,3.49,2,26,0
7743.98,60,6.58,174.37,71147.58,25.77,13,39,1
27627.52,36,7.71,1485.59,100851.39,6.77,19,29,1
17660.92,36,10.01,927.97,240858.3,23.14,3,23,1
24069.62,60,8.99,63.68,224394.07,8.04,18,44,0
29628.5,36,9.27,1326.4,24951.49,33.46,20,39,1
21082.95,60,9.62,1036.15,247062.36,7.48,3,6,1
32745.38,36,11.01,1055.06,79137.52,17.19,9,23,0
29164.07,60,7.51,434.3,198335.59,22.1,5,42,1
24987.86,36,10.56,525.09,46817.11,35.21,17,39,0
6880.92,36,18.77,1374.19,70672.96,8.6,8,23,1
33602.02,60,9.73,963.39,136249.48,24.82,9,7,1
37500.32,60,8.44,54.92,181830.75,1.25,5,28,1
6341.64,60,6.35,511.29,99441.73,31.01,13,29,1
20041.4,60,15.0,909.86,220848.76,21.08,6,17,1
11096.66,36,21.84,247.57,236244.8,37.8,16,7,1
30426.41,36,6.18,174.49,48189.96,31.01,6,10,1
29143.56,60,15.85,117.3,185270.21,16.03,16,37,1
6494.52,36,18.01,956.95,50339.36,16.63,10,46,1
35204.06,60,16.85,501.28,98376.06,0.26,24,8,1
8057.95,36,22.55,579.31,208498.96,33.52,24,31,1
32093.1,60,22.33,118.26,97361.14,32.22,8,35,0
18822.23,36,6.15,1114.89,228701.41,22.74,19,15,1
13802.62,60,12.22,1157.13,114638.57,15.02,19,35,1
7171.33,36,18.42,1249.27,91253.17,32.2,22,36,0
7536.96,36,24.05,987.95,247498.4,24.41,24,31,1
26813.73,60,21.09,1166.73,121545.77,7.59,20,14,1
22466.79,36,8.53,878.52,190419.88,9.69,15,6,1
5761.33,36,10.58,752.71,157874.16,24.23,20,43,0
5395.22,60,20.27,411.92,66571.7,27.12,15,48,1
3820.11,60,14.43,108.46,135071.91,4.53,20,32,1
30006.93,60,15.95,458.98,37806.31,33.59,22,11,1
28763.4,60,17.18,1034.93,183011.41,20.14,10,19,1
3278.81,36,7.07,1392.45,139356.55,7.99,11,42,1
22850.53,60,22.12,406.63,48146.45,22.62,6,8,1
4302.37,60,22.26,1014.68,196354.69,35.05,24,26,1
36246.09,60,14.36,733.02,205049.19,2.2,22,16,1
36377.58,36,17.54,952.5,188780.83,8.84,21,14,1
28231.09,36,18.2,32.38,95683.14,22.53,4,22,1
37121.37,36,8.79,210.3,186328.71,0.07,2,16,1
32646.67,36,7.25,349.02,152873.08,7.19,18,39,0
33313.0,60,5.41,1343.37,145092.28,9.47,4,35,1
23218.61,36,23.26,89.58,169210.88,35.36,10,32,1
12936.31,36,11.91,867.36,164920.41,20.97,22,41,1
9494.17,60,6.72,1395.1,203803.47,25.29,18,20,1
13760.8,60,14.32,988.54,246776.45,0.12,21,7,1
25511.32,36,6.51,742.07,187043.81,15.47,12,40,1
7733.6,60,6.71,597.41,121607.72,17.89,8,10,0
11086.97,36,14.78,947.57,126183.64,33.56,17,47,1
19254.37,36,15.18,736.17,26734.3,7.79,14,28,1
10088.95,36,16.6,1066.96,56778.4,2.61,8,38,1
23957.1,60,18.13,938.13,72478.9,32.99,21,15,1
37003.87,60,18.37,864.09,247774.91,8.48,11,17,1
30175.49,36,13.66,1436.51,195512.7,27.63,7,17,0
26990.64,36,17.87,1258.47,52555.35,3.66,21,29,1
23726.14,60,11.09,925.02,134625.55,26.9,12,38,1
20029.97,36,13.83,821.82,69112.65,16.93,4,11,1
8275.99,60,12.87,1094.2,88451.16,37.12,12,31,1
35893.71,60,11.58,1211.76,159053.3,8.02,19,17,1
10692.9,60,9.77,464.0,157778.71,2.69,22,31,1
4561.05,60,6.57,1010.41,,21.34,10,37,1
30250.59,36,15.12,228.68,57853.49,36.7,2,26,1
7849.01,60,15.75,662.76,134402.41,8.14,4,39,1
15503.94,60,11.72,1409.5,157731.43,33.39,15,26,1
2103.11,60,24.52,509.66,234007.99,13.57,4,23,1
6345.65,36,16.14,256.73,138777.37,3.96,24,17,0
7754.94,36,22.78,244.83,98352.25,23.59,10,5,1
3121.99,36,16.4,608.78,87191.9,20.88,12,18,1
26609.62,36,8.8,361.01,69702.8,33.54,22,11,1
33643.3,36,24.49,657.57,241344.57,4.12,14,45,1
15559.3,60,22.71,1086.76,158675.81,25.81,12,32,1
35108.48,36,14.43,1335.59,89810.36,24.82,4,23,1
9320.52,36,9.86,191.94,191376.08,39.8,3,10,1
13690.23,60,9.45,1159.56,86533.23,13.12,22,34,0
6878.74,36,21.12,182.12,135882.68,1.78,5,34,1
25201.81,36,6.38,587.77,25974.54,16.45,4,47,0
17374.91,60,17.76,1494.93,214711.17,18.58,7,39,1
24918.05,36,17.8,130.96,,14.76,5,39,1
30705.32,36,8.65,63.64,219123.73,25.22,12,15,1
22282.42,60,19.1,520.46,59356.16,10.63,7,7,0
25477.58,36,19.11,1428.15,209812.41,7.33,15,27,1
37474.76,36,12.0,59.46,99811.62,18.11,14,23,1
12663.51,60,14.67,357.39,235344.79,29.08,3,42,1
15007.39,36,21.66,916.65,88787.92,35.66,7,22,1
28990.43,36,15.46,373.62,40562.18,26.55,12,20,1
24840.92,36,17.36,109.1,216171.71,15.09,16,30,1
7962.78,36,13.26,107.09,46828.7,29.87,4,29,0
15669.75,36,7.99,851.96,144530.07,7.55,4,28,1
19245.68,60,24.96,855.98,106468.02,30.08,5,45,1
17356.2,36,15.63,1068.52,194076.47,19.24,21,11,1
7952.72,60,11.73,223.66,192246.89,10.83,20,23,1
37052.77,36,19.28,764.78,198511.63,27.69,17,15,0
30730.43,36,17.42,913.4,34554.89,16.66,11,23,1
19772.88,60,9.66,356.89,217426.33,24.8,2,11,1
27522.38,60,22.54,834.59,,26.55,2,5,1
35994.02,60,6.42,1071.11,70412.36,15.73,9,15,1
6310.79,36,17.11,1486.54,88746.04,39.44,13,38,1
10764.55,36,14.56,906.74,227630.73,18.28,3,40,1
22165.35,60,11.36,1295.95,21378.42,39.36,6,13,0
32161.4,36,21.53,1255.5,204396.08,9.41,24,10,1
2413.94,36,18.13,1412.19,232503.8,6.68,12,11,0
39376.71,36,20.19,1092.89,77512.58,25.23,20,33,1
18741.36,36,13.29,343.26,209060.58,21.88,12,44,1
15010.01,36,23.85,468.19,57050.69,21.61,9,16,0
12416.25,60,11.89,1183.49,23731.8,39.8,19,34,1
7799.91,36,15.62,795.61,159052.1,0.04,24,16,1
31871.38,60,23.67,399.42,168626.64,18.14,5,22,0
38261.15,36,6.66,995.31,54532.73,12.28,21,5,1
17132.15,36,7.18,1362.61,137867.54,17.12,14,19,1
38144.41,36,24.88,555.8,108663.08,37.53,5,9,1
33128.11,36,24.43,906.48,37539.37,32.34,16,37,1
19760.99,60,20.43,884.81,136780.73,8.07,10,5,1
27287.02,36,14.68,216.65,154581.41,28.17,21,48,1
17964.38,36,15.12,162.66,69949.57,23.19,5,26,1
22790.21,60,10.14,1337.46,190149.32,16.32,7,29,1
3263.81,36,13.65,1402.3,36698.33,13.68,12,25,1
28154.28,36,13.63,1359.24,146728.89,23.94,5,10,1
3060.16,36,5.72,613.08,89779.75,18.76,22,7,0
32866.31,60,14.06,452.8,120296.81,21.99,5,10,1
33172.93,36,14.6,1414.99,225498.91,30.92,3,13,1
10246.01,60,18.32,1327.72,174089.48,38.68,12,16,1
13622.85,60,15.33,1235.13,54242.08,16.43,22,8,1
19771.1,36,22.23,521.25,223850.39,17.06,3,5,1
24269.85,36,12.35,968.95,105751.7,33.63,22,45,1
12206.79,36,13.19,1133.12,98495.44,5.19,22,31,0
24106.97,36,16.43,876.95,135353.38,32.03,22,44,1
12613.7,60,9.05,914.95,,15.65,11,48,1
3164.14,36,12.87,1142.33,230274.28,16.61,12,25,1
1098.57,36,18.72,1157.24,127614.48,11.86,2,44,1
4944.89,36,13.24,382.72,110579.22,4.91,15,36,1
31897.78,60,23.13,604.29,59322.58,29.81,22,17,1
38495.82,36,17.31,1178.34,204616.73,35.95,9,5,1
17651.68,36,8.08,414.33,239152.18,20.08,13,6,1
20994.67,36,14.75,1375.92,220006.3,7.67,4,28,0
6727.08,36,20.3,1263.17,57144.3,12.41,22,17,1
22490.22,36,17.87,1346.32,192871.56,3.38,6,5,1
6641.54,36,22.71,467.03,66957.68,33.22,11,41,0
24837.36,36,20.0,184.52,28931.91,20.83,19,8,1
37397.09,60,6.23,177.87,131428.49,39.15,9,13,0
8632.24,60,7.25,847.18,174187.54,30.9,17,42,0
30817.99,36,17.99,479.22,48586.14,29.05,4,38,1
1916.59,36,9.77,417.38,159269.36,17.52,15,25,1
15644.39,36,16.76,356.94,214038.47,13.95,3,38,0
5319.19,60,20.84,856.28,68072.4,11.04,12,15,1
14746.54,36,16.54,835.7,118391.56,39.54,8,13,1
7767.94,36,13.31,650.8,134724.17,9.23,5,8,1
15558.89,60,17.93,233.51,211178.7,5.87,7,44,1
17283.39,60,7.87,1395.33,197416.62,18.84,9,7,1
12723.05,36,19.46,659.07,196945.36,20.72,9,34,1
26608.26,36,18.94,211.75,176178.82,7.1,21,20,1
36835.23,60,15.29,84.51,162091.5,13.99,4,25,1
16623.22,60,10.58,254.31,137044.13,11.7,11,7,1
8501.38,60,20.95,466.78,105012.29,29.66,5,44,1
11558.19,60,15.21,956.24,138042.35,19.53,15,28,0
34306.03,36,6.18,1457.28,216355.54,31.09,4,48,1
23293.95,36,23.37,429.94,151235.36,3.68,14,26,1
18745.43,60,20.35,1191.01,246689.35,12.64,18,30,1
6835.83,36,16.7,1369.74,52782.63,,20,26,1
18539.37,36,13.74,605.61,121465.61,18.34,20,18,1
11861.19,60,24.2,402.31,66064.51,16.12,11,6,1
37783.36,60,20.5,751.87,103972.98,10.44,12,9,1
35478.73,60,15.7,1348.17,201645.81,32.72,23,47,1
4272.2,36,18.06,46.14,209698.13,36.27,16,43,1
21149.49,36,10.62,745.35,27295.4,31.0,5,9,0
9777.28,36,8.91,1143.67,239275.0,28.02,20,34,0
17020.31,60,10.47,913.66,220530.56,23.56,10,22,1
35197.07,36,10.86,761.09,228143.04,13.43,5,29,1
21573.07,60,19.79,843.81,106659.26,36.74,6,13,1
14034.4,36,7.8,940.27,134300.77,25.95,6,35,1
9107.65,60,20.55,1032.65,58755.77,35.58,7,6,1
32212.67,36,15.47,553.59,111271.45,18.12,10,39,0
25356.2,36,12.69,790.54,49013.61,16.48,14,16,1
19254.55,60,11.01,432.15,218555.75,3.08,22,36,1
9481.89,60,15.26,1476.47,153659.85,13.5,11,32,1
14035.61,36,11.35,305.31,51275.81,15.43,24,36,1
38433.89,36,13.59,251.47,222185.08,19.77,19,5,0
21283.51,60,19.78,425.17,38484.73,19.01,7,15,1
16627.27,36,17.52,1382.48,233197.88,36.72,2,49,1
21335.46,36,19.96,998.52,44322.34,20.29,15,20,1
31380.55,60,19.26,700.21,185134.53,33.81,11,28,1
14264.25,60,21.3,1390.33,168420.59,5.14,2,36,0
7969.54,36,9.03,1353.22,200021.34,22.89,18,5,1
23812.51,60,24.9,620.34,149897.1,21.52,19,39,1
26942.96,36,14.52,858.55,100481.95,6.23,22,21,1
28796.0,36,19.36,1360.9,83112.21,9.8,14,26,0
35397.52,60,18.56,499.52,237458.24,20.01,14,45,0
15475.79,36,16.32,629.08,121492.15,20.85,19,5,1
3938.84,36,24.92,1195.73,213704.52,36.0,7,43,0
38375.59,36,9.35,1057.0,186302.84,6.58,2,7,0
17965.47,36,13.43,101.52,,12.19,17,8,1
25307.04,36,7.55,202.54,243240.14,9.6,10,24,1
26985.91,60,8.64,1274.01,150053.41,31.3,10,32,1
22314.03,60,19.26,73.72,188594.01,,12,5,0
9005.04,36,5.1,1382.3,215424.01,35.95,9,11,1
30450.58,36,22.8,429.48,30574.83,37.22,7,42,1
32346.33,60,17.66,909.62,249150.83,4.48,11,34,1
22566.05,36,13.82,859.93,80300.1,8.67,4,11,1
20053.89,60,11.63,612.49,181578.86,15.37,24,24,1
5443.59,60,7.53,76.21,239331.73,34.68,8,27,1
4274.11,60,23.43,312.93,,4.88,13,20,1
14243.03,36,19.25,934.01,72811.98,13.78,8,25,0
13123.0,36,11.73,686.17,103332.19,28.05,8,5,1
38192.6,36,6.42,638.34,115261.17,28.92,4,21,1
31561.29,36,11.51,173.62,154859.92,14.26,9,40,1
26737.05,60,8.69,540.28,158677.98,38.53,17,6,1
21188.28,36,20.73,803.85,201217.17,14.1,7,27,1
7527.33,36,19.39,144.21,217724.84,24.54,2,9,0
39159.81,36,14.96,128.04,40593.67,24.61,2,16,1
15626.59,60,22.72,752.58,,,18,45,1
5170.1,36,8.61,855.04,99042.3,14.27,10,38,1
20258.16,60,14.04,408.73,23073.87,16.41,10,21,1
35085.92,36,19.21,508.88,116044.45,16.73,6,25,1
35604.35,36,6.36,1201.4,102523.69,2.35,22,8,1
1427.67,36,12.45,1307.78,140839.74,29.31,22,47,1
35565.53,36,16.43,508.09,43041.74,30.75,7,30,1
11587.88,36,12.34,552.9,115218.34,32.82,5,49,1
2519.92,60,14.6,1250.58,157405.67,28.58,6,29,1
34063.82,36,17.16,1461.54,204877.51,23.7,9,30,0
34690.8,60,12.37,501.27,196284.06,22.57,4,45,1
24253.01,36,7.12,1189.43,113117.01,25.75,3,28,1
23402.92,36,7.79,735.15,109592.49,0.32,10,31,1
32711.69,60,15.54,417.68,28618.57,17.92,23,17,0
31666.07,36,8.49,1032.22,39008.26,1.59,23,25,1
35714.11,60,22.8,709.95,220653.48,19.53,4,41,1
22557.15,60,21.68,424.2,205351.26,5.95,22,21,1
38738.24,36,11.98,187.63,24850.05,0.37,11,44,0
39849.73,36,21.62,1304.42,223016.07,29.22,22,29,1
5545.24,36,15.66,1321.64,161192.23,28.18,24,14,1
34132.21,36,8.18,140.19,204441.4,15.47,23,36,0
20493.07,36,17.28,1005.19,135581.15,2.62,17,19,1
16115.09,60,18.59,268.99,54644.07,39.0,15,49,0
24909.82,60,6.68,980.09,102084.82,6.03,7,33,0
3182.66,36,11.29,1364.2,123506.69,19.53,21,11,1
20751.98,36,5.11,412.52,193399.79,10.88,23,30,0
34964.73,60,11.33,541.46,206919.3,5.29,17,39,1
9325.0,60,11.71,1198.84,190534.17,20.51,20,22,1
17629.21,60,17.6,1111.0,129628.91,7.84,10,30,1
37639.75,36,8.98,630.72,172651.33,14.43,24,38,0
17713.99,36,5.6,1277.37,87968.4,24.26,12,6,1
14976.34,60,11.31,1383.26,247194.39,15.47,6,30,1
18180.93,60,21.51,695.39,58687.32,20.78,17,32,1
21258.66,36,12.98,87.99,186428.59,9.28,5,30,1
25647.66,60,13.3,778.88,55634.03,27.84,8,38,1
32227.02,36,14.38,1117.33,84599.21,25.38,23,45,1
18631.99,60,20.04,353.45,192229.94,27.72,14,11,1
32881.76,36,14.6,176.16,187696.61,13.59,16,41,1
21815.11,60,6.83,449.27,48637.26,37.62,5,26,0
14200.74,60,9.13,47.03,176064.83,24.96,4,42,1
26660.08,60,8.76,1081.74,66882.98,5.09,19,33,1
28991.17,60,15.16,244.72,243781.16,39.0,6,28,1
22763.91,36,5.6,1093.76,158701.9,22.76,14,39,0
3207.98,60,10.67,374.79,20800.27,27.94,2,47,1
7625.43,36,17.14,1488.33,67944.55,14.89,21,8,1
12126.61,60,12.09,811.74,72809.26,17.69,20,37,1
12022.4,60,19.15,90.77,76832.57,29.3,16,36,1
27263.41,36,12.82,1165.84,148131.41,,9,20,0
1715.6,60,24.59,632.83,67289.55,38.42,16,28,1
30471.59,60,24.31,922.76,114942.18,39.6,18,45,0
11348.36,36,21.0,1428.28,59864.74,23.81,6,30,1
13090.85,60,24.09,790.39,173387.56,3.5,23,45,1
21588.48,60,9.1,1212.43,150802.53,23.14,9,36,1
9421.1,60,20.02,475.11,164600.56,8.18,3,16,1
35494.38,36,11.43,1080.35,242503.92,25.93,2,18,1
4329.38,60,19.51,176.0,111839.45,13.43,8,23,1
18330.91,36,12.48,1343.22,69558.7,20.89,13,22,1
34127.47,36,10.79,323.63,249717.31,26.44,15,38,0
25017.91,36,24.18,473.84,33357.26,36.33,24,49,1
12400.85,36,9.2,1438.57,206380.36,31.71,16,36,1
17409.65,60,20.17,258.16,57300.62,0.85,5,37,1
28561.08,60,18.49,403.98,172900.6,6.12,9,12,1
38957.17,36,11.07,882.86,128973.14,34.75,23,41,0
35832.41,60,14.17,1471.62,212975.88,29.73,12,29,1
14354.88,60,7.86,1046.39,188150.95,5.92,21,37,1
39929.72,60,23.42,197.86,59637.26,23.56,10,8,1
1136.68,60,24.36,1129.73,173006.35,23.5,21,47,1
2077.56,60,19.65,656.54,69930.93,31.0,7,15,1
33129.78,60,21.99,1488.72,58932.2,32.54,16,15,1
8779.04,36,6.65,954.21,39346.69,26.96,21,25,0
3370.0,60,12.68,811.98,46140.89,28.53,15,25,1
10248.77,36,11.62,849.18,181891.79,26.67,6,18,1
17617.91,60,16.3,973.1,248187.97,6.04,2,17,1
29492.08,36,8.67,1105.79,175432.24,27.38,22,38,1
25349.09,60,16.27,145.13,182947.45,18.84,18,37,1
10267.23,36,18.09,222.08,200023.25,39.11,17,21,1
20627.55,36,7.65,471.7,224472.61,28.35,2,48,0
37122.35,60,7.63,732.59,81577.84,14.97,22,12,0
32785.3,60,5.71,487.27,159045.51,36.4,12,29,1
13604.4,36,20.22,344.34,69826.5,,2,21,1
39308.32,60,11.62,1389.79,140896.63,18.7,11,30,0
28636.2,60,9.51,77.92,67993.76,2.55,14,9,1
3435.52,60,20.56,1409.89,34721.23,25.15,10,25,1
2371.27,60,7.87,1363.65,40305.44,22.34,2,47,0
7567.91,36,13.54,1035.16,244549.55,20.18,24,20,1
29386.38,60,19.9,77.83,21384.16,8.27,11,22,1
8165.82,60,16.48,361.27,178737.95,19.78,7,8,0
20947.98,60,16.08,1469.28,224080.73,18.37,3,45,0
4637.14,60,8.15,1361.75,110551.86,0.87,7,15,0
36914.56,36,8.62,1447.92,182866.41,6.5,2,48,1
14414.46,60,16.65,1494.3,100244.08,36.08,15,16,1
36417.15,60,5.47,123.91,141661.92,31.56,22,29,1
37850.15,60,22.38,869.17,235210.73,4.8,8,42,1
1239.02,36,12.01,1256.18,29737.07,38.91,11,30,1
19101.27,60,13.33,499.97,81450.24,18.61,11,37,0
1961.59,36,10.17,670.27,44377.37,30.0,19,36,0
36439.02,60,22.53,447.1,134062.85,21.67,8,31,1
21217.89,60,17.85,85.97,197210.49,30.57,10,13,1
3922.82,36,14.0,136.89,244617.94,26.5,7,30,1
5300.79,36,16.71,61.52,55753.06,2.6,5,15,1
15956.85,60,12.61,805.05,30104.06,36.54,19,5,1
37669.13,60,14.31,939.08,51820.25,30.74,10,27,1
28023.46,60,12.15,482.32,242813.08,8.86,2,6,1
34837.14,60,13.21,1244.44,93629.66,9.05,7,32,1
15291.81,60,11.3,1335.38,81449.67,27.47,14,26,0
2685.33,36,6.55,235.43,189065.47,28.04,22,30,0
38998.39,60,5.75,106.33,47755.34,3.48,5,26,1
1669.75,36,8.48,499.49,100287.27,36.2,9,33,1
37958.41,36,10.03,1078.09,53306.67,29.88,17,9,1
15378.42,60,22.81,775.91,244093.71,39.36,10,18,1
1393.53,60,17.22,747.49,85578.22,17.31,14,10,1
27877.13,36,24.17,254.04,,3.45,15,43,1
39241.07,36,11.79,546.64,165912.64,36.23,10,39,1
38659.4,60,13.03,1439.57,23821.75,32.51,5,18,1
7276.54,36,19.4,530.62,170313.65,0.01,17,22,1
8068.66,36,16.56,899.41,124386.64,21.2,13,16,0
23056.02,36,15.56,115.77,62351.05,0.3,16,38,1
25854.89,60,16.51,123.87,131858.89,14.06,21,37,1
29837.3,60,16.68,653.65,249767.3,34.78,23,18,1
8060.96,36,20.31,918.05,212925.37,26.95,18,31,1
38401.28,36,18.36,577.34,244057.75,34.02,11,22,0
25910.83,60,24.15,293.15,232994.11,22.29,19,44,0
34034.83,60,23.96,1111.86,208695.47,30.97,12,7,0
22062.56,36,13.44,235.86,96991.23,19.45,6,18,1
17156.8,60,5.71,1011.98,187885.31,20.11,6,11,0
39110.13,60,5.22,1436.4,110053.75,23.92,12,28,1
23702.73,60,7.46,721.69,118791.14,5.62,9,5,0
34808.07,60,6.5,324.64,220880.18,25.74,14,34,1
38178.4,60,12.47,1267.71,67192.13,34.23,23,8,1
27338.83,36,6.06,773.05,88216.7,6.38,2,32,1
22408.61,36,17.5,1387.14,234015.03,15.07,9,14,0
1136.92,60,8.8,1089.26,180906.71,36.81,8,34,1
2560.77,60,15.28,663.0,34926.72,12.46,2,24,0
8833.2,60,7.06,937.55,47971.0,35.01,19,37,1
8254.33,60,21.55,279.85,153296.09,25.65,6,26,1
10935.59,36,20.6,599.23,203713.64,33.74,18,25,1
12892.45,36,12.73,902.99,202345.57,5.71,13,8,0
15042.55,60,23.21,897.36,117732.98,31.48,15,12,0
17400.97,60,8.71,893.21,79457.14,1.19,4,21,1
4855.79,60,21.28,1123.0,201172.84,15.78,20,5,0
2652.12,60,15.92,185.31,237135.67,11.19,11,28,1
27283.83,60,11.59,138.28,,25.65,3,21,1
21956.06,36,6.69,247.59,51573.56,30.59,23,33,1
18321.62,36,8.43,1194.82,160237.75,13.8,23,11,0
25743.16,60,22.26,125.34,36476.05,33.48,6,26,1
33279.5,60,17.14,361.1,160645.14,22.07,2,17,1
17680.02,36,9.74,404.52,59777.54,30.12,18,18,1
26003.66,36,14.92,981.46,138675.19,29.01,22,15,1
38189.32,36,7.16,620.4,163863.67,5.54,4,19,0
33745.36,60,6.98,322.52,122746.91,29.26,24,30,1
17614.03,36,23.16,690.82,210278.28,33.05,21,47,1
26143.96,60,14.16,1037.61,106183.04,1.4,24,30,0
7905.77,60,12.23,1185.5,55657.54,6.5,3,9,0
22860.37,36,23.98,212.11,126698.08,20.82,3,22,1
39271.8,60,12.98,1080.63,241613.93,2.35,2,48,1
21214.29,36,11.72,36.65,222441.91,14.64,24,5,1
37177.89,60,10.46,1094.76,91549.16,33.58,2,6,1
16886.06,36,16.3,1001.68,75822.17,4.04,17,7,1
39954.95,36,16.17,718.94,131156.28,5.6,14,41,1
23589.58,36,5.32,231.2,170686.34,4.77,22,43,1
2648.49,36,18.08,1153.89,,21.8,22,20,0
23883.44,60,20.77,135.48,161065.03,12.16,16,38,1
11708.34,36,17.32,1346.49,212306.78,32.65,22,21,1
2266.77,36,22.4,1166.99,180096.89,23.29,20,25,1
33013.28,36,10.53,1119.22,43350.3,26.8,3,33,1
11753.46,36,8.84,1138.96,,12.3,5,24,1
32065.39,60,18.95,129.33,65893.61,19.67,12,35,1
12240.49,36,8.77,1485.23,104328.81,14.83,11,11,1
8578.73,60,6.82,1292.14,213260.19,19.89,19,21,1
38983.49,60,6.93,776.66,245218.96,27.53,12,20,1
15104.17,60,20.37,1087.52,91440.71,18.03,8,29,1
24453.67,36,5.57,1116.71,108141.25,2.67,14,38,1
24789.28,60,10.79,1249.78,131691.14,14.83,4,27,1
22858.47,36,7.58,405.4,134538.08,35.54,19,45,1
36673.13,36,20.1,576.92,192586.23,32.93,4,44,1
27303.2,36,15.07,1205.54,207937.31,33.32,2,47,0
16745.59,60,9.11,1160.41,247938.24,7.24,17,40,1
34632.83,36,20.01,798.24,204972.61,3.17,8,28,1
8061.45,60,20.01,612.42,88949.73,32.53,12,15,1
22225.23,60,15.46,1453.61,102374.65,26.64,6,6,1
38071.46,60,10.52,640.08,162153.3,20.33,24,32,1
25390.51,60,16.73,1153.06,177926.74,27.49,4,40,0
32861.77,36,23.67,636.58,,37.24,3,36,1
26488.87,36,6.03,485.46,99046.0,5.16,18,10,1
33735.46,36,10.34,972.27,66613.35,6.78,23,26,1
37835.03,36,10.7,1217.2,136805.39,23.59,12,20,1
11643.95,36,17.64,1472.62,58800.46,28.27,18,16,1
7616.78,60,18.02,248.89,153570.53,25.74,16,17,1
19875.64,60,9.13,1317.89,127478.19,10.16,23,46,1
28372.63,60,9.32,800.49,112902.47,24.89,20,6,1
9860.46,36,23.56,188.38,169259.16,22.41,20,19,1
1159.96,60,20.13,1197.74,115753.98,0.97,7,6,1
14374.47,36,23.69,517.37,111830.92,24.89,10,26,1
38785.51,60,21.59,1306.33,169758.01,18.05,6,18,1
28103.73,60,13.04,261.97,33175.85,34.13,10,34,1
16651.69,60,7.44,1075.3,119470.95,26.21,6,26,1
8510.47,36,17.59,472.17,64942.12,21.87,20,48,1
14887.5,36,12.04,408.3,28871.78,35.82,23,17,1
7623.74,36,13.51,103.88,27977.03,26.55,8,13,1
5145.93,36,13.52,738.41,58552.76,10.02,9,41,1
36362.95,60,23.73,605.51,119806.46,18.7,9,29,1
39908.36,36,6.38,120.68,150340.66,26.9,23,45,0
7400.46,36,8.86,363.16,203056.84,32.83,22,24,1
3126.38,60,17.16,746.29,159769.21,11.33,11,19,1
13859.51,60,22.68,1218.16,139612.8,,5,28,1
19004.71,60,23.36,1396.29,28364.32,27.31,12,45,0
8988.03,36,16.17,787.54,88516.91,5.89,12,29,1
12755.57,60,5.69,622.86,179222.29,6.12,14,5,1
8833.96,60,12.26,1433.49,82218.33,20.07,21,42,0
31196.16,36,23.38,1445.41,156698.17,16.45,13,10,1
28790.54,60,15.0,309.91,158897.25,5.34,9,14,1
25763.11,36,19.53,811.24,90179.4,3.51,15,40,1
16101.5,36,10.38,1236.74,151466.79,35.91,14,13,1
36452.6,36,5.5,1238.72,46213.9,7.66,24,35,0
38811.77,60,16.57,1036.92,187203.4,14.7,14,39,1
7771.93,60,21.7,723.06,25181.37,18.65,5,6,1
9697.49,60,24.81,623.38,28124.75,3.32,7,30,1
21499.61,36,21.93,1215.43,220159.43,5.53,24,43,1
4558.77,60,16.08,361.81,153466.06,21.02,7,47,1
18021.49,36,17.17,659.79,57470.25,27.98,11,47,0
23689.86,60,21.48,863.29,158376.78,33.78,4,24,1
21360.87,36,5.4,1252.72,105065.02,34.5,11,6,1
13905.43,36,24.03,579.56,82069.6,21.8,19,30,1
22155.39,36,15.62,836.52,206604.68,11.47,15,46,1
38393.24,36,24.04,440.37,129780.98,23.18,6,23,1
9034.68,36,20.29,1260.26,87498.81,24.92,8,10,0
26538.42,36,8.05,1184.75,237049.74,11.48,16,33,0
2692.47,36,8.31,1235.54,57955.8,26.69,5,26,1
3590.24,36,12.07,114.49,52661.76,6.97,5,18,1
22521.3,36,10.28,745.74,42379.89,11.83,14,47,1
5092.63,36,13.79,229.69,48619.9,37.2,19,18,1
1871.52,36,17.08,1020.43,78140.59,20.4,7,45,1
7689.01,36,13.73,487.74,180655.95,,18,43,1
23029.12,60,6.13,1168.63,174527.3,26.74,23,47,1
28430.3,60,24.51,125.8,195596.19,9.19,21,40,1
8896.66,36,13.5,784.49,152381.33,1.39,15,40,1
27062.12,60,22.02,211.79,133300.48,34.88,7,46,1
8116.58,36,6.48,850.11,119333.32,17.38,8,18,1
24924.84,60,21.2,922.81,221168.0,31.09,24,40,1
17066.43,36,8.47,709.35,99006.15,34.18,10,9,1
26498.18,60,18.59,441.08,225050.01,22.94,17,29,0
39807.06,36,18.24,77.52,83374.13,3.88,2,13,1
37574.86,60,23.2,1003.31,56183.45,12.81,13,10,1
1166.99,36,11.41,1309.55,78682.79,10.12,20,27,1
35532.11,60,7.18,1108.46,134775.99,24.17,5,36,0
3593.14,60,22.29,1342.74,232954.17,16.43,24,19,0
38168.82,60,11.63,1396.37,60781.21,16.49,15,14,1
11991.2,36,9.65,690.83,153377.38,26.18,5,45,1
15899.36,60,14.72,1056.05,70075.87,1.27,12,12,1
4573.89,60,7.92,614.15,175858.39,5.29,3,41,1
5378.64,36,10.94,1381.73,126958.06,35.54,24,44,0
29342.88,36,12.71,857.57,188713.68,33.45,3,40,1
37828.96,60,10.55,1136.1,216905.03,37.64,8,32,0
24819.19,36,14.01,51.34,96991.07,8.39,10,35,1
28918.15,60,12.69,876.06,235783.41,13.64,11,31,1
30716.82,60,20.49,1120.73,127737.11,4.47,12,16,1
11249.76,36,23.37,407.8,235425.89,25.62,4,25,0
2763.96,60,7.02,51.13,73043.22,31.26,3,31,1
1073.04,60,21.47,1123.14,226329.72,24.71,8,32,1
14675.32,36,23.64,526.99,,23.86,7,36,1
10417.1,36,18.73,660.32,192672.68,32.1,22,12,0
3430.39,60,24.93,856.22,242682.02,3.53,17,42,1
8001.6,60,11.7,192.07,229797.25,29.69,6,23,1
5855.46,60,21.61,182.22,126640.59,35.7,9,24,1
36680.26,36,18.47,1442.49,99327.27,25.84,21,39,1
6470.42,60,11.47,528.18,,27.36,3,16,1
21968.29,60,19.09,405.62,182336.15,25.73,6,36,1
24131.13,60,15.19,100.18,144256.74,32.95,8,46,1
22196.09,36,8.78,285.68,215149.45,15.87,9,12,1
4863.2,60,8.48,663.42,33401.43,34.33,12,8,1
13433.14,60,19.27,532.85,157916.64,10.8,9,5,1
2999.54,36,19.24,654.14,140805.86,4.61,20,43,1
16431.13,36,15.62,1064.75,,2.46,5,47,1
8355.36,60,15.03,973.43,22923.57,3.93,12,32,1
22903.67,36,8.6,754.94,159409.84,18.25,3,49,1
28019.53,60,13.59,1227.79,47139.73,23.81,12,19,1
21752.67,60,22.43,1290.27,196762.24,25.43,3,49,0
17935.23,36,22.09,898.49,238327.24,22.58,8,15,1
16106.0,60,18.22,202.83,60805.74,8.28,12,40,1
33825.98,60,24.95,627.08,203672.07,34.63,18,23,1
9555.35,60,22.86,962.66,156026.32,8.44,7,31,1
29634.52,60,7.9,122.39,123026.15,33.03,6,16,1
30541.81,60,12.98,59.26,169568.61,28.57,20,15,1
17348.8,36,7.64,1424.05,204537.77,14.21,23,23,1
12594.72,60,14.32,1103.2,,16.88,5,43,1
19351.12,60,20.53,255.07,171913.45,32.55,12,5,1
4635.34,36,8.12,684.34,191793.94,39.41,22,14,1
2791.27,36,22.61,314.53,159729.37,9.73,14,30,0
5352.52,36,16.38,45.12,149960.4,27.55,4,35,1
8298.66,36,19.98,605.79,34899.84,2.97,18,49,0
20662.9,36,5.9,983.13,55667.08,3.23,24,18,1
34116.33,36,6.88,1432.57,107228.15,18.04,13,40,0
10190.05,36,17.42,1161.66,169385.82,0.73,11,8,0
37471.32,36,21.76,368.3,37432.67,36.42,7,23,1
38241.41,60,22.48,524.23,145206.77,15.45,8,40,1
38397.28,60,18.77,795.25,23031.97,15.25,11,34,0
33664.95,36,9.02,311.17,196201.49,13.03,8,38,1
15189.18,60,8.9,1254.43,173394.68,11.95,12,42,1
3834.67,60,22.63,276.91,139755.31,3.73,15,30,1
23183.93,60,7.26,456.26,151362.81,24.3,19,25,1
22788.58,60,18.72,879.07,234534.64,10.13,6,23,0
34149.05,60,15.67,211.14,228540.21,13.88,22,16,1
39843.65,36,13.43,948.18,202332.82,13.45,5,31,1
20818.13,36,13.81,1418.01,97332.06,13.58,10,39,1
14462.96,60,23.9,1046.56,44666.78,35.18,18,16,0
8250.17,36,22.23,1224.79,93929.27,18.84,15,11,0
1187.19,60,22.3,674.59,192951.32,20.4,7,45,0
20855.43,60,13.13,567.02,160530.17,31.36,20,21,1
22665.23,60,7.14,513.05,182281.49,12.32,14,13,1
33172.6,36,24.96,1000.88,44225.78,30.42,9,21,0
20678.5,60,7.91,792.25,56442.78,7.22,8,18,1
36742.27,60,15.31,724.31,172793.55,28.33,19,37,1
25495.26,60,10.29,178.1,105514.13,5.75,13,15,0
33773.11,36,15.21,1019.86,104913.21,27.56,9,26,1
6783.77,60,11.1,1096.31,110311.68,18.75,15,27,0
34358.11,36,22.94,318.41,203066.17,2.61,2,29,1
27330.61,60,24.37,1146.77,180782.42,24.04,3,26,1
7639.09,60,13.2,1322.71,44388.22,27.66,18,41,1
8400.78,60,6.4,286.7,99202.18,8.08,14,17,1
37133.52,36,18.27,694.5,174981.39,37.41,22,27,1
2256.4,60,12.53,1317.99,244509.72,9.1,12,21,1
19038.86,60,24.72,746.33,229818.24,12.45,19,42,1
13225.54,60,6.79,1228.42,77102.88,29.44,16,5,1
26938.02,60,7.38,347.16,35187.59,8.01,24,18,1
33745.55,60,18.99,123.98,151850.58,36.85,4,47,1
15054.75,60,20.17,117.42,113437.58,25.64,21,13,1
17649.18,36,14.42,1459.36,62179.71,29.95,24,34,0
39294.79,60,10.55,272.14,169878.86,4.76,18,29,1
31572.74,36,11.2,1301.39,56880.72,32.87,12,36,0
35990.96,60,11.76,494.12,100840.73,22.75,5,49,1
18111.73,36,9.51,88.93,202750.56,30.78,12,28,0
10128.97,60,22.01,384.24,177388.8,2.86,18,36,1
17062.68,36,6.3,773.07,159638.19,24.34,9,18,1
28927.58,60,13.15,186.95,234090.16,27.58,8,11,0
5267.79,36,19.95,1385.58,48843.86,19.79,12,33,0
11548.3,60,5.08,1352.83,178921.43,33.41,11,14,1
2818.8,36,22.56,249.25,46985.39,37.58,20,23,1
17861.56,60,19.13,1113.55,51366.15,8.92,7,18,1
33270.38,60,6.47,707.24,136477.99,2.43,9,22,1
1961.88,60,22.9,1473.73,25545.36,30.92,6,15,1
27337.62,36,14.75,111.44,135229.61,19.23,14,43,1
37367.34,36,18.04,722.42,22180.14,2.32,19,30,1
10240.19,36,22.64,449.65,158555.46,3.57,21,43,1
28051.76,60,22.62,1097.78,91762.28,9.11,6,45,1
39028.97,36,13.17,193.37,39150.94,0.18,19,18,1
38528.84,60,9.75,953.32,199593.57,18.8,13,28,0
10162.24,60,10.15,1423.65,109682.78,14.81,18,13,1
4912.91,60,20.32,697.2,122124.61,1.83,14,43,1
6783.02,60,23.59,697.72,106130.1,9.64,6,30,1
28379.39,60,6.44,758.68,39234.98,29.6,24,17,1
29304.6,60,5.3,641.09,125780.97,32.3,17,12,1
27295.23,60,21.46,687.79,173050.75,0.16,8,19,1
14107.06,36,12.73,710.96,227776.53,4.26,21,43,0
7621.3,36,10.53,1497.16,195674.71,39.93,24,31,1
23649.68,60,8.77,201.16,38236.33,25.95,15,48,1
19863.54,60,11.93,449.42,58134.96,27.39,12,46,1
29424.53,36,24.43,339.86,30310.03,15.17,2,7,1
18213.04,60,24.54,829.96,47459.6,20.18,10,48,1
14206.95,36,11.63,34.13,130521.33,20.31,15,30,1
12445.66,60,24.27,1384.01,70540.21,13.92,5,45,1
9247.34,60,11.0,810.75,169025.37,27.59,3,29,0
11364.11,36,22.09,1347.23,27444.26,22.9,7,34,1
4698.39,36,9.24,537.1,217166.66,37.75,14,34,1
14527.42,60,21.53,250.4,175857.3,0.27,17,47,0
2426.22,60,12.07,312.67,242887.9,35.41,20,30,1
8270.14,36,8.91,721.98,239150.97,37.96,12,23,1
30124.05,36,23.7,89.2,179373.03,5.89,14,31,1
13693.29,36,9.28,1179.25,56350.15,8.88,7,9,0
27061.24,60,24.84,1192.24,71078.98,2.02,24,47,1
28958.48,36,7.17,1061.87,83843.86,9.4,15,43,1
23666.23,60,5.2,1347.62,118135.05,,18,37,1
38389.21,36,22.42,837.73,151300.68,8.67,21,20,1
1836.15,36,16.73,734.6,176998.0,34.08,10,29,0
29807.45,36,13.43,807.89,37396.56,36.58,7,46,0
38392.68,36,6.64,297.47,160426.09,1.11,23,42,1
34628.6,60,16.5,783.07,33612.97,20.28,19,7,1
7547.81,60,12.87,826.38,210216.04,0.63,13,27,1
13745.99,36,14.67,1153.95,29297.75,24.77,24,17,1
7725.62,60,17.61,541.44,109710.94,13.9,13,26,0
24451.03,60,17.8,165.57,,33.84,22,6,1
28775.33,60,24.21,908.27,151188.75,36.7,17,42,0
13365.88,36,18.1,1188.3,41952.92,19.94,5,20,1
22040.76,36,11.79,1455.25,,38.11,20,37,0
27945.9,60,11.59,162.67,108137.47,34.67,24,5,0
17432.25,36,14.54,1127.14,111125.6,3.87,5,12,1
34306.61,36,10.19,905.88,75910.0,14.24,16,23,1
31090.45,36,12.53,52.55,199564.91,13.62,21,17,1
3521.96,36,21.84,1085.82,21785.13,12.15,2,32,1
25223.89,60,22.2,68.52,44426.94,31.9,24,12,1
10177.7,60,17.56,1184.33,128275.21,12.04,10,49,1
22743.21,36,16.66,1090.34,242708.76,15.17,13,26,1
38318.65,60,13.54,1041.24,28185.18,3.43,2,27,1
35283.42,60,17.72,206.39,34258.12,20.8,4,15,1
16776.14,60,21.12,1380.98,184425.3,4.68,18,15,1
12369.04,60,19.76,1351.4,189152.49,34.77,3,44,1
10141.82,60,5.71,1353.38,,31.93,16,49,1
21768.08,36,19.62,559.73,152624.78,12.09,4,25,0
5455.69,60,19.4,753.49,112816.54,0.18,6,37,1
22421.73,60,6.98,198.9,123747.11,2.86,24,20,1
1052.01,36,8.0,105.11,119248.49,8.72,16,44,1
13630.14,36,20.76,116.4,243913.43,19.93,24,9,1
9577.44,36,16.18,866.09,107420.17,29.25,10,35,1
38877.53,60,21.43,502.46,42095.48,3.96,23,18,1
29362.45,60,8.69,881.95,86613.92,28.33,22,10,0
14636.48,36,5.61,901.22,240820.33,21.87,15,32,1
4620.96,60,8.24,1363.38,118496.7,24.79,8,22,1
21155.22,36,14.05,1326.96,92697.01,37.11,17,26,1
9324.47,36,15.47,1086.32,91473.43,38.12,22,10,1
21920.75,60,22.15,1233.2,22084.86,29.49,15,16,0
33579.13,36,19.32,34.64,165617.1,27.71,4,43,1
25015.91,60,24.81,52.84,186582.17,30.51,8,8,1
25717.75,36,6.57,704.12,101178.71,26.92,9,19,1
22100.18,36,7.6,990.93,220742.01,0.41,16,28,1
37163.36,36,6.69,1197.3,190864.87,39.87,3,49,1
37344.2,60,15.77,687.48,158200.0,25.48,24,20,1
20996.2,36,10.34,1412.05,181877.85,19.55,5,49,1
12924.62,36,18.67,1228.03,196974.09,18.11,5,46,1
18923.89,36,7.65,181.05,141221.47,9.37,12,7,0
8275.76,60,7.06,677.06,111494.21,19.08,2,28,0
25817.43,60,14.2,1492.47,48914.18,29.34,14,20,1
20503.6,60,12.52,632.61,113137.28,10.17,5,22,1
5028.72,60,21.58,597.82,146522.06,33.81,24,34,1
8708.26,60,21.75,462.3,238008.74,8.43,13,48,1
19705.65,36,7.35,745.14,55625.84,34.33,20,5,1
35615.97,36,21.25,1102.89,194100.52,23.36,7,16,1
23089.24,36,16.28,99.78,75361.86,33.51,15,7,0
27579.87,36,15.07,1258.5,240111.4,16.68,23,47,1
14222.11,60,6.9,1378.84,156805.77,12.85,23,44,1
23285.04,36,19.79,1178.21,119540.09,27.91,6,10,1
18447.81,60,6.19,1375.98,99769.84,14.52,7,33,1
26706.07,60,10.55,169.51,66455.98,38.11,5,40,0
2972.45,60,6.91,691.66,184334.47,29.62,21,7,1
20238.71,36,15.62,134.43,166272.68,17.18,9,33,1
12543.71,60,17.9,1260.15,224735.71,6.94,8,5,1
13721.22,36,22.82,1430.24,157387.82,22.26,3,15,1
38475.78,60,19.68,467.69,59054.88,23.83,22,43,0
8125.1,36,24.22,817.03,177051.74,38.75,3,49,1
13138.56,36,20.22,467.58,222122.53,29.75,10,17,1
20885.81,60,10.96,586.94,247806.34,10.15,7,39,1
34658.05,60,15.95,730.54,177565.17,10.48,7,45,1
17250.13,36,14.16,1192.48,86593.27,23.2,14,25,0
30010.75,36,16.32,246.09,150037.81,4.77,19,34,1
34398.59,60,16.44,260.87,138446.31,27.82,13,25,0
13090.64,60,19.04,326.74,137755.08,3.17,2,47,1
16317.26,60,6.66,108.13,38082.57,22.93,7,15,0
14905.69,36,19.93,975.89,64745.55,39.3,15,5,1
33481.38,60,7.87,309.1,140546.7,34.92,23,14,1
2729.53,36,5.52,673.18,203581.83,33.77,10,6,1
13028.42,60,15.38,1037.82,61810.88,30.0,6,36,0
27496.93,60,16.63,689.95,57784.74,37.15,5,22,0
23052.3,60,5.7,1361.85,194766.72,37.2,12,21,0
18015.29,36,15.31,1160.68,178827.42,6.49,17,44,0
22057.98,36,15.69,431.34,131574.88,9.14,7,39,1
8705.8,36,6.05,221.7,31583.24,36.97,13,36,0
17797.95,36,19.23,1344.82,128716.77,10.99,7,11,1
20566.42,60,9.21,613.45,212015.96,15.19,12,40,1
36146.38,60,20.89,592.29,22442.95,1.66,22,40,0
11172.57,60,11.22,1220.71,43599.48,35.97,20,42,1
34845.31,36,14.56,43.75,206147.31,,4,11,0
26125.41,36,22.84,693.14,140784.94,21.19,7,42,0
1793.29,60,21.12,1080.05,172321.4,8.78,23,36,1
29260.62,60,20.64,1277.57,191361.92,1.1,24,9,1
2386.52,36,8.21,1331.26,89047.83,11.6,24,24,1
39897.86,36,5.96,714.55,88511.34,26.56,20,23,1
35032.83,36,17.12,1276.13,80709.82,3.57,18,30,1
12596.41,36,13.21,82.57,58468.59,34.05,14,33,1
11039.04,60,23.18,478.98,90091.08,27.67,7,28,0
15876.2,36,11.99,45.43,239150.98,2.34,22,46,1
14890.51,60,13.21,273.32,39774.54,16.15,6,46,1
15521.17,60,15.52,1095.35,75346.31,32.35,9,10,1
13412.79,60,20.93,36.5,93144.01,37.28,21,34,1
25224.2,36,10.37,798.89,55377.67,25.16,20,47,1
7406.28,60,23.84,638.56,37802.36,27.24,13,32,0
33993.27,60,15.8,210.62,57227.3,35.07,24,15,1
32683.7,60,21.82,1037.88,,18.18,4,23,0
19582.85,36,15.51,1048.89,157253.07,28.29,8,11,1
34256.47,60,20.44,1097.73,69508.8,23.11,9,21,1
10638.66,60,6.03,1155.0,135874.88,27.8,13,16,1
1685.05,60,20.98,493.04,21432.81,35.29,5,24,0
25149.11,36,15.48,1491.37,158464.28,31.6,20,11,1
18858.47,36,13.99,137.24,20300.08,5.1,3,40,1
23119.42,60,7.23,982.11,167838.63,37.28,22,11,1
36074.24,60,19.83,1457.04,131163.88,2.0,15,24,1
38827.1,36,7.62,359.74,45133.03,30.27,20,32,1
25743.67,36,8.85,438.84,40333.07,11.41,8,8,1
30798.17,36,7.53,876.69,21584.71,31.19,19,42,1
4268.53,60,5.13,1178.45,146878.32,0.59,6,38,1
7267.91,36,18.24,513.55,205506.36,8.82,6,13,1
29594.99,36,10.42,1260.06,217005.06,3.2,8,46,1
17823.25,36,7.99,384.33,150924.58,30.1,24,40,1
18392.65,36,11.4,1315.32,224048.6,7.76,6,36,1
13035.7,60,14.98,401.84,218255.29,37.11,22,37,1
24686.9,36,15.07,937.63,180591.2,16.44,17,47,0
8221.44,60,12.34,555.95,103509.11,28.77,5,40,1
25449.73,36,14.9,503.08,210254.23,33.0,16,32,0
7778.16,60,13.55,550.37,110085.59,38.13,12,49,1
3489.22,60,21.45,763.83,112750.82,18.47,13,21,0
13883.95,60,5.59,1272.22,175957.27,26.84,8,20,1
10014.47,60,22.36,1146.2,233421.3,14.57,12,44,1
35670.67,36,9.88,690.53,135004.55,11.34,2,35,1
3143.18,60,19.44,444.78,60758.66,27.47,3,10,1
7887.93,60,13.1,1285.82,52764.24,16.17,23,47,0
22400.06,60,10.89,1309.17,,22.9,24,14,1
19761.62,60,17.31,696.9,125260.55,7.94,18,23,0
2788.23,60,20.38,1052.89,88462.34,28.59,10,44,1
1282.84,36,14.0,572.82,183741.1,38.78,14,29,1
39534.65,60,14.33,249.17,144809.98,21.51,22,6,0
26694.55,60,6.18,502.58,113548.24,20.8,8,47,1
15250.84,60,23.48,1032.66,69083.14,34.17,20,26,0
19346.86,60,21.94,1161.03,159245.42,6.06,24,48,1
11395.45,60,12.96,1281.93,175043.04,15.74,5,25,1
14450.08,36,20.3,56.04,200359.26,6.95,18,35,1
26312.73,36,11.27,745.02,247894.68,21.86,9,18,1
35429.66,36,19.61,432.67,73205.57,24.65,20,19,1
8181.07,60,15.33,1035.42,23475.73,36.56,14,35,1
33774.1,60,14.22,390.64,135102.22,33.24,2,18,1
5740.71,36,6.13,862.43,232521.12,25.86,4,24,1
9384.7,60,24.31,1076.59,77215.1,30.99,19,26,1
2449.84,36,21.75,1162.0,193851.29,25.15,18,47,1
6491.66,60,20.87,426.12,93487.54,22.84,20,5,1
36774.82,60,11.1,159.11,109976.02,1.91,7,36,1
18918.11,60,10.79,351.51,237976.83,0.98,20,17,0
4028.97,36,16.46,910.72,126034.11,34.09,5,26,1
38429.35,36,21.92,89.46,186824.1,11.28,23,6,1
35280.7,36,23.69,263.53,146466.53,14.04,6,33,0
30432.62,36,10.38,1493.35,195698.23,17.97,15,49,1
37405.44,36,17.15,592.03,92994.07,1.7,13,31,1
9585.05,36,19.48,759.89,221685.8,38.46,22,13,1
33618.4,60,9.53,46.18,146252.15,4.12,2,26,1
27909.66,36,13.15,900.1,91107.01,38.73,3,22,1
34920.61,36,8.75,508.19,28785.7,28.32,20,44,1
32079.55,36,18.98,809.38,23037.91,37.72,3,21,1
14513.31,36,22.28,803.39,101274.28,2.09,8,28,1
31201.54,60,22.55,1452.16,69611.1,17.9,4,24,1
11235.8,36,18.4,424.34,32116.17,38.11,9,44,1
13815.09,36,11.94,868.54,147154.64,25.86,20,9,0
5208.32,36,18.22,590.88,247421.48,21.87,13,6,1
37467.99,36,22.29,650.34,117135.14,,5,18,1
12349.13,60,17.52,111.67,146985.97,7.45,17,15,1
21304.28,60,13.26,1042.03,70554.94,29.84,5,18,0
16261.98,60,23.4,317.07,67130.82,11.03,2,6,1
38437.2,36,21.7,718.68,95525.89,11.27,2,26,1
14066.92,36,22.65,668.38,212061.87,23.9,6,26,0
31363.29,36,23.06,718.17,240932.56,0.84,23,29,1
34361.23,60,12.88,582.05,190136.8,2.16,8,47,1
17988.65,60,22.19,386.31,24727.95,0.63,7,48,0
15748.7,36,16.41,689.61,120835.05,30.67,12,14,1
30162.09,36,5.76,97.94,116761.55,1.08,5,36,1
36602.94,36,17.72,386.21,235096.07,3.83,12,9,1
30442.34,60,14.41,1183.73,191480.7,24.26,15,19,1
9857.93,36,10.5,1268.95,184309.87,19.0,24,43,1
35644.0,60,24.41,1081.5,149898.5,14.64,6,11,1
16115.69,60,6.1,959.87,168542.02,14.23,24,19,1
23472.95,60,23.92,1222.56,180680.01,34.38,2,39,1
33425.99,60,8.19,217.91,147087.83,3.11,16,6,1
8347.4,36,12.54,802.12,214310.54,37.05,15,17,0
31595.9,60,13.34,200.98,28485.77,9.43,4,15,1
24250.35,36,19.62,1173.46,236517.66,19.51,17,17,1
35840.32,60,9.31,795.22,197925.17,38.28,2,31,1
7706.85,36,24.72,1220.74,141661.22,25.55,22,9,1
17406.61,60,19.98,1204.62,217875.45,10.05,22,9,1
33480.88,60,20.8,715.33,210435.53,39.29,15,22,1
1750.04,60,7.13,760.41,116459.76,32.58,10,47,1
5375.85,36,14.53,71.55,213157.72,12.56,10,20,1
39632.04,60,23.91,799.56,63317.75,23.97,9,17,1
11935.37,60,10.4,1025.87,127916.39,22.25,21,30,1
39046.18,60,7.91,373.47,73424.02,24.67,12,22,1
8118.73,60,14.71,1480.19,48611.59,4.9,23,34,1
15082.68,36,23.61,1463.0,225758.68,25.82,6,30,1
30361.91,36,14.74,445.76,104397.76,8.57,5,26,1
26653.36,36,13.1,1078.07,177408.2,12.77,23,10,1
23663.77,36,18.01,74.1,106272.7,21.82,12,29,0
21666.07,60,23.74,1008.66,145148.23,8.52,9,12,1
33894.18,60,5.98,947.3,100049.64,35.69,6,43,0
10162.99,60,8.07,1238.57,190827.14,16.7,12,25,1
18256.37,36,7.66,477.42,200886.62,6.62,14,7,1
7062.64,60,6.71,1320.67,119022.5,2.43,23,39,0
24241.72,36,11.04,1291.22,217711.04,31.26,9,44,1
10771.23,36,9.59,1014.32,101719.85,33.13,14,40,1
14019.84,36,15.97,724.33,195365.99,3.2,17,39,0
19378.78,60,11.55,939.05,169514.67,21.71,2,6,1
2044.05,60,13.1,1103.04,124875.64,26.13,20,10,1
4585.58,60,23.84,1463.62,224451.13,36.33,9,45,1
27751.24,36,8.11,208.94,151618.28,1.93,18,32,1
17729.83,60,12.77,490.22,213241.99,13.9,20,37,1
34726.82,60,10.14,1177.65,188666.85,4.78,22,40,1
28092.21,36,15.98,631.49,142492.07,17.15,11,40,1
1315.94,60,19.73,1018.55,95076.67,14.89,22,13,0
25051.78,60,21.34,225.68,238761.44,23.81,17,35,1
4655.27,36,15.31,1072.47,33051.56,27.01,2,42,1
31456.39,36,22.1,1020.87,225731.84,38.58,12,41,1
39668.8,60,20.7,891.16,136470.38,6.51,2,5,1
21716.75,36,8.14,1154.9,192210.45,31.97,10,24,1
27628.4,60,9.91,1323.76,96850.25,33.84,22,40,1
10255.25,60,18.43,1249.07,108368.24,22.6,21,46,1
18066.31,36,24.5,217.53,63872.72,31.51,20,38,0
34387.72,36,12.52,1124.26,239498.38,13.99,22,12,1
7529.49,36,9.6,691.15,29958.78,1.39,4,18,0
11355.89,36,22.38,520.81,108970.92,6.03,21,8,1
18371.91,60,8.99,1323.08,96981.2,6.7,11,42,1
28777.71,36,18.95,852.63,207007.7,35.01,4,18,1
15659.47,36,5.68,766.82,135365.59,38.32,24,21,0
37181.56,36,5.38,1183.36,58893.95,16.1,23,29,1
4683.82,36,14.03,843.36,,26.25,3,23,1
15461.36,60,18.13,1291.27,74283.79,12.13,11,10,0
28649.21,36,7.85,181.26,23936.02,17.82,7,48,1
9813.48,36,20.28,1170.92,145245.36,24.83,15,19,0
26600.11,60,7.57,270.84,102893.78,34.25,15,13,1
7404.46,36,15.67,361.09,74944.43,17.07,21,18,1
3183.23,60,11.17,293.79,59614.75,27.96,6,16,1
5719.61,60,20.05,380.48,124349.51,9.95,7,9,1
37269.41,60,21.08,1105.79,220012.79,13.14,10,36,1
22518.28,60,6.32,993.34,194369.74,8.78,5,6,1
32057.49,36,8.85,367.78,21064.89,34.6,7,28,1
13973.53,60,22.85,427.16,188164.53,4.74,7,44,1
24113.69,36,13.31,175.96,36726.08,30.8,10,49,0
20303.13,60,14.53,639.22,146040.32,25.27,5,49,1
37883.78,60,8.36,586.52,199410.67,26.0,3,44,0
30155.41,36,24.9,244.35,124257.05,35.08,21,49,0
29491.16,36,23.46,1256.9,106639.96,21.23,16,32,1
2807.78,60,5.04,1283.31,236078.81,3.03,3,25,1
22437.12,36,16.01,190.3,26731.21,37.25,15,9,1
19212.67,60,22.45,421.56,44374.18,13.49,20,35,1
37185.85,36,13.61,1112.05,220175.51,1.19,23,38,1
11036.34,60,13.74,1308.85,223834.63,21.33,13,44,1
11523.5,36,12.59,135.36,105728.41,14.34,10,45,1
17042.5,36,5.58,1356.48,144245.31,36.47,23,13,1
10491.42,60,20.81,120.61,57811.07,20.43,8,35,1
6038.17,60,14.14,961.66,223384.27,2.14,12,49,1
34439.18,60,15.62,62.45,127884.65,,6,39,0
22772.78,36,10.11,1394.55,149740.29,8.93,5,21,1
34593.15,36,20.68,549.93,47153.81,30.56,18,47,1
33414.26,60,20.87,983.74,161409.18,2.63,13,15,1
11999.65,36,16.06,301.39,180039.78,13.02,14,15,1
22361.76,60,23.09,502.25,87785.15,26.83,6,37,1
4245.49,36,7.32,1128.53,226113.87,24.54,7,19,1
36694.82,36,20.73,1460.3,,25.9,15,9,1
16766.25,36,16.17,1488.32,226397.69,22.37,4,44,1
16353.37,60,9.62,1220.23,181769.16,7.03,16,15,0
12807.46,36,7.65,1275.37,211095.69,26.97,6,23,1
18965.89,36,11.02,1455.02,180790.17,38.04,6,35,0
10818.62,36,22.13,89.27,118537.36,1.64,17,34,1
15619.24,36,20.75,280.12,96261.9,14.47,19,23,1
32197.93,60,17.9,107.44,188836.8,11.66,18,20,0
33535.96,36,6.81,766.71,88577.69,5.92,12,45,1
12863.12,36,24.1,1438.98,34227.1,10.58,4,25,0
19291.56,36,11.11,886.18,76811.56,1.02,6,48,1
35078.97,36,17.14,846.44,193703.83,25.71,16,47,1
3054.26,60,21.06,1245.23,202440.82,24.5,18,9,1
35676.65,36,7.66,1395.55,83619.72,20.14,12,31,0
9548.19,36,18.04,1056.88,95422.31,12.56,15,35,1
27463.03,36,5.65,1346.2,146347.86,39.05,13,30,1
23719.52,36,7.04,287.57,80252.71,24.77,9,12,1
22564.69,60,19.46,770.01,159419.93,35.49,19,11,1
34515.05,36,8.1,565.97,84870.02,12.24,12,22,1
4961.31,36,13.87,518.81,47801.31,30.21,13,41,0
14534.09,60,9.97,344.95,55611.42,0.24,3,44,1
21991.86,36,13.42,1344.17,77626.5,27.07,6,27,1
32640.27,60,6.54,692.04,58618.3,29.93,10,37,1
9441.28,36,20.1,809.47,244098.81,10.8,18,28,0
32314.26,36,6.58,436.18,171425.22,39.92,6,37,1
16585.9,36,21.76,1445.39,61229.5,19.93,23,37,0
8367.64,36,18.25,928.48,117497.72,14.78,22,32,1
30600.47,36,13.33,31.02,81899.79,7.4,8,6,1
4545.06,36,22.33,423.8,177441.82,6.22,3,37,1
21075.93,36,8.72,1499.04,219473.58,8.27,19,40,1
3491.16,36,10.29,1462.92,112190.12,21.45,24,42,1
14900.3,36,7.74,830.59,118632.54,21.46,6,22,1
24442.0,36,12.63,859.25,111647.21,21.22,4,13,1
22688.51,36,24.73,1355.34,123321.65,34.38,12,29,1
16781.56,36,8.22,1071.59,28245.89,0.06,4,38,1
17732.87,60,21.62,1400.36,156299.09,10.68,4,32,1
9844.01,36,18.04,734.33,238968.73,35.43,11,40,1
18779.42,60,5.32,1464.57,200624.18,4.0,8,18,1
38176.94,60,23.9,823.14,218124.62,7.79,24,40,0
34167.66,36,24.42,977.91,72701.26,13.07,5,14,1
6664.08,60,23.5,151.37,159651.41,32.51,7,13,1
2161.45,36,15.03,929.1,225383.19,23.35,14,45,1
37407.45,36,9.41,1158.63,35779.45,22.23,16,7,0
21543.24,60,12.83,675.78,221768.51,37.0,13,7,1
21975.68,60,17.28,768.58,34835.17,19.49,18,14,0
31448.0,60,12.58,608.19,246105.74,37.88,16,29,1
13272.87,36,19.16,1454.49,39301.95,5.37,4,27,0
19794.4,60,20.91,730.64,104632.31,15.99,8,15,1
38777.85,60,9.19,215.53,32569.05,32.89,15,26,1
27213.8,60,13.1,72.44,,6.01,3,31,1
6996.06,36,24.15,1165.53,219245.36,7.02,10,7,1
6195.84,36,10.0,835.08,34629.61,15.27,12,46,1
8966.33,60,11.93,34.07,202302.95,37.15,13,17,1
30901.76,60,5.71,592.31,228582.65,,8,34,1
12519.7,60,11.65,1373.65,235061.47,38.22,7,38,0
1834.17,60,12.42,1423.2,218730.06,26.88,19,34,1
37822.8,60,7.0,108.73,239687.79,18.85,4,28,1
7618.82,60,5.03,211.43,31912.5,0.71,20,5,1
1372.77,60,16.51,37.16,249219.97,20.99,13,40,0
10248.13,36,11.03,1306.95,24712.39,16.63,20,16,1
10166.12,60,5.36,134.2,58298.27,31.63,7,24,1
17458.2,60,22.2,188.61,38618.11,22.37,12,6,1
36895.2,36,16.69,364.61,191118.92,38.95,13,29,1
35288.21,60,8.42,1378.36,40016.56,4.48,3,36,1
18818.89,36,22.3,1041.7,87317.69,36.6,11,49,1
17025.1,60,10.07,936.82,166757.59,15.18,14,37,1
22645.35,36,9.55,1183.45,134543.86,20.3,18,35,1
10494.71,60,22.89,1049.13,51331.86,34.13,17,40,0
3035.21,60,8.59,1126.51,139953.14,27.39,21,24,1
37629.74,36,22.58,138.27,98352.41,37.85,4,28,1
8281.26,36,21.06,896.95,154766.02,39.39,12,48,0
8737.63,36,11.2,1137.21,143854.06,25.66,20,45,1
19425.95,60,5.69,861.52,247586.65,22.39,10,33,1
20172.92,60,6.65,47.34,218608.96,10.12,9,46,0
1718.93,60,7.19,340.35,20843.5,11.02,2,48,0
6770.23,60,22.82,1445.46,60482.73,10.15,19,7,1
15748.04,60,13.08,1065.9,230021.64,31.39,24,8,0
27665.5,36,5.65,1042.1,144075.21,24.62,16,8,1
9908.32,60,16.13,1000.57,194677.69,29.43,19,17,1
17497.56,36,9.16,217.88,135806.53,32.65,2,19,1
22736.46,36,9.7,36.0,200725.77,35.73,16,11,1
35655.11,60,8.22,677.76,50537.9,5.88,19,40,1
13716.75,60,20.24,683.16,,35.0,22,15,1
6208.77,36,5.01,1223.35,220009.6,25.83,14,25,1
20081.62,60,13.78,296.9,81099.28,36.72,2,43,1
30122.14,36,6.74,434.41,104724.14,37.15,14,16,1
5284.53,60,16.05,145.02,155833.81,17.07,14,21,1
17562.66,36,11.92,617.82,219695.72,28.57,17,26,1
1693.62,60,5.57,406.3,228792.73,33.04,17,22,0
2308.81,60,14.22,416.46,142917.9,10.3,6,8,1
19835.18,60,16.41,403.46,171355.01,19.44,21,10,0
12629.69,36,9.95,370.33,220769.43,10.37,14,20,0
33959.18,60,20.31,500.1,73198.36,3.54,20,43,0
24484.02,36,12.42,818.93,209799.3,27.92,23,13,1
18703.39,60,19.99,673.43,80226.5,22.89,14,18,1
16909.48,60,16.58,123.27,153630.92,16.0,8,43,1
20392.57,36,22.39,656.01,234972.95,8.5,6,36,1
2577.11,36,15.94,1274.03,137643.81,7.58,7,16,1
35818.94,36,8.71,178.04,41484.38,11.18,2,11,1
39933.82,60,21.45,1418.21,226036.25,39.29,21,10,1
8078.0,60,20.66,483.63,154542.93,38.5,10,30,1
5694.94,60,24.45,51.37,36364.7,33.79,14,32,1
6599.52,60,6.87,402.14,22421.56,2.74,20,13,1
26780.06,60,16.82,132.4,80095.05,33.27,23,45,1
26796.19,60,14.83,862.58,47666.39,30.23,5,26,0
34069.04,60,18.42,495.0,164539.98,37.54,24,47,1
30321.23,36,24.6,1216.11,157244.61,18.67,16,7,1
18537.9,60,15.65,1106.96,213402.63,20.6,21,27,1
24901.36,36,18.71,718.84,138073.11,22.71,23,22,1
27843.1,60,11.94,854.08,78217.81,21.84,2,9,1
20996.72,36,10.98,924.89,31565.0,12.55,14,42,1
19550.39,36,11.71,427.94,22416.09,6.46,12,26,1
26158.8,36,5.77,234.88,232929.01,28.47,5,38,0
22741.51,60,10.69,583.48,53237.88,36.5,12,18,1
26113.75,36,8.46,169.44,134814.79,26.66,9,32,1
24901.34,36,14.15,492.85,202800.09,33.17,4,44,1
29048.67,36,14.22,842.33,233585.6,20.85,24,30,1
26069.34,36,20.3,823.97,66390.01,20.21,22,6,1
21269.96,60,15.05,207.3,73344.48,39.42,11,36,0
27590.08,60,14.26,42.26,61342.41,39.78,23,19,0
18529.8,60,9.63,160.75,56554.12,24.35,12,18,1
10425.18,60,22.05,83.14,124639.7,14.84,6,18,1
1055.31,36,6.82,618.69,166258.2,14.9,23,25,1
22838.6,60,24.65,602.93,182439.99,26.87,15,37,0
24035.55,36,14.52,385.17,95255.68,8.97,5,40,1
38909.91,60,8.72,346.7,163476.6,39.21,20,42,1
15097.66,36,12.09,612.74,20544.8,28.52,13,39,1
16371.2,36,5.31,157.26,224302.83,6.45,24,40,1
8870.18,36,8.33,345.03,220043.0,14.57,8,45,0
3750.84,36,11.71,626.37,145139.69,8.95,11,45,1
31139.38,60,16.09,169.4,75975.18,3.44,21,33,1
10737.56,60,7.59,1266.0,243612.33,25.79,23,5,1
24747.29,36,18.52,1023.75,206447.57,4.18,22,27,0
27823.15,36,21.89,593.19,23899.43,15.85,22,36,1
19378.23,60,16.45,251.09,128017.47,26.78,22,9,1
35177.73,60,10.94,315.46,43477.99,6.45,2,48,1
18308.0,60,7.43,206.53,50415.4,35.37,6,29,1
12111.44,36,5.31,265.32,20300.92,7.4,14,26,1
35944.61,36,19.64,651.1,,24.43,15,43,1
34601.01,36,17.57,391.13,78079.71,36.95,8,5,1
7397.56,36,14.53,1330.33,90113.82,3.81,5,27,1
2012.48,60,7.04,1442.57,30817.76,4.2,6,23,0
4509.44,36,9.14,1046.31,21827.24,5.03,8,12,1
12175.35,60,21.3,1218.88,202326.25,14.3,20,14,1
38918.13,36,14.6,405.03,172124.21,26.86,9,49,0
22782.13,60,24.26,1007.59,107933.25,21.55,12,42,1
15557.21,36,25.0,115.26,36076.61,11.93,16,17,1
35659.93,60,21.01,1441.52,198435.86,24.72,9,46,1
18672.32,60,10.16,1015.2,,17.86,22,41,0
13294.31,36,9.62,495.77,141309.19,14.11,18,16,1
37707.56,60,10.07,1166.37,51957.86,,6,32,0
34131.19,60,24.74,53.23,,14.37,19,49,1
33903.07,60,11.71,583.07,36448.96,20.47,11,23,1
20979.1,36,19.13,1346.62,58071.48,15.21,18,5,0
31788.1,36,24.18,416.9,128268.49,12.78,11,41,1
7994.78,36,21.39,1011.83,77277.61,12.84,19,24,1
23355.7,36,16.95,559.35,233949.26,8.76,3,34,1
39369.99,60,8.38,606.78,206040.3,8.39,9,12,1
12347.38,60,8.5,1126.53,83656.38,11.44,5,43,1
31979.74,36,14.85,1368.0,241672.67,38.89,11,46,0
20128.66,60,24.04,275.08,107007.85,8.17,24,44,0
2552.42,36,23.09,437.03,150725.83,17.78,19,43,1
30757.76,36,8.32,747.04,149722.95,36.34,13,30,0
7574.2,60,10.75,932.31,169404.8,0.46,24,40,1
25627.47,36,16.78,717.65,76034.57,24.19,21,12,1
4340.9,60,14.55,1214.13,232071.81,34.81,24,31,1
37927.83,36,7.39,1159.1,81105.76,6.7,6,32,1
12377.23,36,12.39,625.71,172913.4,32.51,4,27,1
9832.12,36,24.09,89.7,196124.99,25.84,19,29,1
6036.32,60,24.03,315.91,222747.63,32.85,11,45,1
37894.09,36,16.19,745.82,125095.3,2.84,10,47,0
28764.25,60,17.71,1393.45,,2.84,2,13,1
29924.77,36,9.44,864.33,39639.25,5.72,2,22,1
20476.78,36,19.84,809.68,,39.16,17,10,1
19514.38,60,6.05,1094.24,193801.11,35.18,3,7,0
5290.83,60,9.41,253.87,114439.09,22.89,8,44,1
22833.8,60,5.12,245.97,92095.26,21.14,10,31,1
10629.74,60,12.71,537.73,107445.98,10.2,11,35,1
39108.67,60,22.01,1492.43,40830.27,8.48,24,31,0
32066.66,60,24.65,1317.63,166695.3,9.38,5,29,1
17106.69,36,18.36,1029.77,229997.41,29.2,16,19,1
6902.31,60,19.9,605.0,173117.03,25.36,24,13,1
31627.94,36,10.25,845.37,153519.74,20.07,23,22,1
5760.1,36,15.41,476.22,247861.95,33.34,11,5,1
8384.02,36,19.73,1021.23,144622.77,2.37,21,16,1
9249.3,60,14.95,645.7,99541.16,1.45,13,31,1
22718.73,36,6.77,206.72,,32.83,8,11,0
31695.21,36,19.82,346.18,,16.65,7,22,0
13258.28,36,9.39,924.78,243580.57,26.62,16,38,1
4302.12,60,6.95,1051.01,226529.67,16.17,20,21,0
19117.0,36,14.56,171.15,237773.58,17.54,17,40,1
30176.3,60,6.49,1218.26,20235.05,0.9,19,41,1
9644.89,36,17.59,1241.79,96868.58,21.22,22,48,1
9577.06,60,17.81,1092.93,,1.42,22,6,1
37941.85,60,10.13,1034.88,90913.28,14.06,24,42,1
38212.0,36,24.29,370.85,170982.06,5.47,16,17,1
39628.16,36,21.49,1381.84,184438.88,8.71,22,47,1
32498.72,60,7.19,424.8,163355.29,36.3,2,39,1
8339.18,60,19.97,298.28,125400.02,38.77,22,15,1
9267.28,60,12.06,968.65,180253.13,1.32,15,37,1
14268.78,36,20.01,565.23,199486.57,36.56,19,31,1
13407.17,36,21.02,1401.55,180100.42,34.05,4,46,1
38304.58,36,8.03,706.57,206760.75,20.65,4,9,1
31773.89,36,18.24,270.67,237867.94,19.35,2,43,1
29236.34,36,22.25,1437.57,43577.6,15.48,8,19,1
8252.57,60,11.47,787.69,228476.48,26.14,14,41,0
36471.5,60,6.61,792.28,82909.32,7.3,9,10,1
33286.94,60,5.55,597.13,149666.92,2.97,19,36,1
7382.03,60,7.2,1258.91,236745.44,39.19,16,47,1
34975.64,60,5.08,452.84,162616.7,32.85,12,31,1
11617.65,60,11.54,50.15,39359.21,15.2,12,6,1
4153.92,36,10.99,761.0,134822.29,2.62,12,43,0
26616.07,60,7.21,1391.05,225700.09,38.29,21,26,1
26498.38,36,18.02,431.7,114781.74,2.06,11,26,1
4702.35,36,24.84,421.47,215030.32,0.11,18,23,1
13435.22,36,23.02,1115.01,202662.12,11.55,10,10,1
39719.76,36,10.06,1170.03,228479.39,29.81,6,25,1
27458.64,60,20.4,670.27,80506.91,33.81,7,35,1
29472.93,60,23.74,1255.46,134207.68,23.4,24,11,0
9303.77,36,23.13,282.74,97098.33,,13,32,1
4072.5,36,22.69,569.53,142881.72,0.6,7,8,1
11799.17,60,20.73,624.29,24398.26,,10,5,1
10707.04,60,10.86,489.81,75584.83,3.35,12,13,1
10147.22,60,6.67,350.07,244028.34,8.77,11,11,1
8517.42,36,14.76,527.08,158719.97,2.74,8,10,1
23415.47,60,6.1,56.46,59864.67,35.87,4,8,0
13796.04,60,24.97,1063.92,136913.1,28.32,15,49,0
32993.46,36,12.17,1035.42,180537.01,18.17,20,34,1
8173.95,36,24.17,691.82,158855.87,,4,36,1
19120.46,60,20.46,504.69,135442.56,8.34,22,27,1
1532.66,36,13.23,668.12,175011.03,38.14,24,17,1
19785.61,36,7.37,1406.69,58396.98,2.97,23,46,1
3177.69,36,9.74,917.24,120782.99,31.99,22,35,1
39131.22,36,18.46,1105.1,192560.06,13.15,21,26,0
31833.09,36,21.6,367.39,153274.84,5.28,6,5,1
20114.35,60,24.59,169.29,228444.27,26.46,15,19,1
4376.91,60,7.64,152.28,122065.02,25.42,16,18,1
24105.37,60,8.12,723.87,50401.17,37.37,2,20,0
30591.79,60,5.85,1083.53,31214.61,11.04,15,44,1
8437.97,60,10.21,1167.96,129812.24,30.65,23,48,1
23160.13,36,21.42,1089.0,120641.75,36.86,18,30,0
32754.23,60,8.97,1371.76,78997.96,18.25,8,29,1
30961.66,60,15.96,106.44,155818.59,16.68,19,19,0
32316.69,36,13.93,1287.35,77540.43,14.74,5,43,0
35293.61,60,11.52,1001.19,69753.83,39.35,3,16,1
37569.6,60,17.37,288.01,163110.14,24.33,14,12,0
16815.33,60,15.05,1033.1,237336.72,36.89,23,31,1
23181.99,60,11.7,782.29,66638.14,17.98,5,33,0
31835.72,36,18.78,557.79,62049.11,35.29,3,27,0
28188.45,36,10.6,394.5,139450.57,18.5,9,26,0
39825.29,36,17.86,712.31,47470.77,6.31,14,12,0
1533.43,36,24.14,381.52,87640.25,23.96,5,46,1
14850.2,60,19.58,151.79,247874.77,34.78,10,17,1
11960.09,60,13.37,1273.8,213440.01,1.37,10,29,1
11230.32,60,19.95,901.47,182408.22,11.34,24,37,1
9678.66,60,21.18,564.59,25985.56,37.85,10,9,1
28655.83,60,11.52,686.62,80966.91,10.81,16,29,1
4305.62,60,19.1,1301.3,151023.76,15.93,2,9,0
29922.74,60,13.69,500.17,183364.61,13.11,20,36,1
28043.61,36,21.37,588.85,173726.26,10.42,2,18,1
10781.36,36,10.91,1156.14,,15.68,6,31,1
10860.52,36,23.76,324.77,127245.85,34.07,7,48,0
25525.56,36,16.5,999.12,65656.49,13.2,2,35,1
30724.67,36,12.07,668.46,232421.12,28.13,23,39,1
35182.94,36,13.39,765.23,148205.6,9.84,20,13,1
34233.44,36,11.96,1186.71,109759.63,7.24,3,34,1
38630.44,60,7.92,1489.9,231144.3,32.28,23,41,1
23674.01,60,6.37,1252.32,227911.04,5.11,21,41,0
36437.57,60,11.44,266.0,135943.12,30.94,9,5,1
32532.02,60,14.17,360.09,177958.92,25.46,3,19,0
35892.04,36,12.24,632.6,93334.32,21.45,17,28,1
1453.44,36,5.28,1087.26,90762.57,18.42,16,11,1
38670.22,36,16.58,778.78,146399.3,21.42,7,49,1
19467.68,36,7.9,1355.65,214728.27,5.01,3,38,1
32129.14,60,9.22,101.55,157346.78,9.86,3,32,0
5960.96,60,7.41,410.02,125578.97,0.76,18,19,1
16441.7,60,15.41,352.33,172752.54,27.96,17,22,0
11586.97,60,6.9,1123.93,206827.35,31.91,21,39,0
12374.69,36,10.13,713.21,201088.77,27.58,6,15,0
5806.97,36,14.03,52.07,105237.14,28.35,16,47,0
32424.79,60,8.35,1166.95,235201.62,34.54,2,10,1
1360.45,60,13.92,561.85,23624.49,28.08,15,18,1
13187.71,60,11.85,412.88,123681.48,14.02,20,33,1
7802.01,60,22.21,298.59,228730.84,9.57,11,20,1
23972.52,60,20.9,1420.64,180081.4,16.42,23,8,0
10915.84,60,24.86,1414.8,181918.09,18.53,20,10,1
11100.94,36,15.58,142.53,55988.21,,10,24,1
20045.19,36,16.51,372.17,153872.8,11.75,12,6,1
26454.87,60,23.93,979.8,242398.26,28.39,4,23,0
5730.88,36,12.99,1015.52,68656.0,8.29,13,15,1
7844.95,36,16.11,643.98,95251.63,30.7,3,35,1
10639.82,36,12.58,865.71,109383.13,,7,24,1
38976.18,60,15.92,1062.87,102774.2,16.26,5,34,1
16488.95,36,6.62,1427.25,164221.43,11.02,13,13,1
24360.61,36,20.68,1095.91,73951.91,32.86,19,11,1
10420.17,36,24.71,192.1,136308.59,15.77,21,21,1
20127.92,36,6.31,1085.23,112055.0,39.14,16,27,1
3890.65,36,21.02,129.56,,24.03,22,44,1
2354.94,36,9.83,768.69,75646.41,0.67,8,14,1
19280.61,36,8.95,804.54,147218.69,32.61,11,49,1
16547.71,60,18.87,1174.05,190284.22,27.57,19,26,0
6338.33,36,5.88,46.99,179379.65,10.24,13,27,1
27816.46,36,14.26,1315.89,211884.29,10.74,8,37,1
39723.24,36,5.03,1005.91,239916.92,19.69,20,14,1
16430.23,60,16.09,75.85,216412.83,26.66,18,17,1
25357.79,36,14.24,265.24,235787.21,35.99,14,48,1
38556.06,60,23.31,88.09,24027.1,6.65,17,43,1
33429.86,36,19.41,1155.93,164654.23,6.69,21,31,1
19078.54,60,7.52,281.23,81576.91,27.89,11,47,1
29762.09,60,12.09,97.03,206068.92,12.71,11,48,1
5997.27,60,23.63,232.84,208378.74,9.08,3,10,0
20972.05,36,19.51,852.55,30986.8,27.5,19,28,1
11883.35,60,16.89,758.37,156977.71,2.42,14,11,1
7285.38,36,16.18,392.0,215702.89,21.25,8,32,1
17624.96,36,12.96,1416.11,155105.08,25.62,16,10,0
6109.57,36,16.7,1286.57,117874.21,15.39,5,35,1
28260.42,60,20.43,492.26,37659.38,5.03,22,42,0
18793.36,36,7.55,727.62,187962.48,13.7,21,16,1
21714.64,60,24.4,789.73,37167.5,17.25,3,44,1
6708.66,36,9.79,1141.58,157520.31,6.44,10,22,1
6451.09,36,13.95,659.08,231054.19,19.54,3,21,1
23753.2,36,5.45,833.31,116395.38,13.55,17,7,1
39415.38,36,16.01,636.47,197137.97,36.0,16,6,0
4753.77,36,12.64,1151.35,203956.51,2.57,9,42,1
12143.53,36,10.0,847.22,22378.43,26.8,24,11,1
34908.91,36,24.71,1246.84,230436.19,,14,34,1
3818.61,60,13.56,108.99,63419.39,24.36,17,45,1
35159.54,36,13.29,1359.33,85020.64,20.87,8,20,1
21447.15,36,14.26,1234.5,220278.17,4.61,20,5,1
16922.4,60,7.32,1233.2,177915.98,24.33,20,6,0
13077.54,60,12.86,236.25,105527.33,22.67,16,25,1
12587.57,60,11.73,417.31,40212.31,36.51,13,23,1
12926.3,36,14.3,1470.98,108833.52,34.89,21,26,1
35507.32,60,22.13,1426.9,242256.41,0.82,24,30,1
29228.01,36,8.86,363.02,44061.69,39.38,5,43,0
27119.2,60,17.15,666.37,214610.3,22.62,21,24,0
32151.22,36,5.75,259.24,94819.31,36.64,18,24,1
11027.47,60,11.34,416.08,170549.58,5.97,7,45,1
25103.67,36,14.45,301.55,165255.01,27.85,22,27,1
18942.58,36,6.49,148.98,94885.53,18.34,9,11,1
31515.22,36,15.88,881.83,32487.41,5.37,3,35,1
13060.99,60,11.21,383.95,54228.29,0.91,8,31,1
26083.97,60,24.86,1488.59,150145.22,8.65,5,15,1
35406.28,60,17.62,787.7,238237.34,0.67,8,5,0
16683.87,60,9.88,557.87,232926.66,23.91,10,17,1
3598.26,60,7.05,1372.35,46098.74,12.2,2,40,1
21125.98,36,5.81,942.5,221302.65,38.15,12,42,1
14492.93,60,6.82,216.81,73776.18,25.3,19,15,1
27216.79,36,18.6,761.8,229270.36,30.55,8,12,1
38090.28,36,22.1,678.39,194453.56,17.35,3,32,1
19938.72,36,8.13,1154.74,241090.69,10.69,6,24,1
19181.42,36,13.04,1049.85,121597.55,30.69,17,49,0
26528.81,60,12.08,575.06,188264.63,18.71,9,5,0
5036.4,60,17.89,720.13,189113.23,39.98,21,44,1
10886.74,60,8.65,792.62,134119.52,23.7,5,5,0
36840.19,60,24.07,651.02,244139.3,33.81,7,32,1
27127.76,60,19.57,188.35,76042.33,11.52,3,25,1
1524.32,60,24.1,1361.01,246829.23,17.07,16,15,1
8980.39,36,10.55,1018.66,206787.28,9.62,7,16,1
27630.65,60,16.75,720.49,161702.36,31.02,16,19,1
30811.57,36,19.65,867.29,37384.91,30.29,3,34,1
33754.52,36,19.22,343.35,79653.45,23.71,7,25,0
12394.9,36,5.43,809.92,213494.9,29.24,16,43,0
37310.12,36,24.97,1126.66,187475.33,14.42,2,27,1
22564.93,60,23.56,814.5,241419.28,35.12,5,41,1
28165.02,60,7.4,736.58,111261.07,36.89,5,49,1
24272.82,36,15.87,709.71,225724.41,26.56,4,39,1
5786.86,60,11.29,1149.59,218219.99,14.92,18,18,1
38561.47,36,22.58,1137.41,242210.9,33.67,21,49,1
5792.15,36,18.95,1132.6,82663.58,39.22,16,30,1
10940.4,36,9.47,391.87,133742.43,23.16,22,23,1
32731.49,36,5.68,938.31,38621.58,26.39,8,11,0
25125.28,60,10.83,1174.99,155910.86,34.03,13,36,1
33687.82,36,5.76,855.98,188434.14,26.91,8,16,1
21113.71,60,7.83,1175.1,74742.69,7.87,3,34,1
15702.74,36,17.72,1285.97,59020.02,16.92,5,44,1
36951.97,60,19.9,285.62,167092.06,24.48,6,16,1
2413.84,60,14.36,480.32,110419.38,18.55,20,49,1
34389.08,60,17.01,913.93,118109.79,27.2,16,17,0
10001.89,36,8.12,455.83,,11.26,3,42,1
34100.72,36,11.34,1413.84,137639.1,6.35,24,29,1
6428.67,60,19.26,315.38,64970.97,1.14,2,22,1
23628.54,60,12.3,554.71,152879.72,1.56,12,27,1
35636.21,36,11.98,1491.63,35892.3,14.27,6,7,0
19468.05,60,8.88,308.1,46107.45,,3,23,1
30116.1,60,16.9,689.76,183651.53,10.87,23,30,1
32382.19,60,21.19,491.26,188229.93,20.54,15,48,1
29723.27,36,14.39,1220.4,81253.79,29.77,16,41,0
37087.86,36,7.31,477.1,62480.13,23.56,19,30,1
18426.53,36,21.77,267.3,32418.33,21.38,3,30,1
7751.89,36,6.43,1401.71,116343.81,9.69,3,45,1
2864.63,36,14.43,496.58,137080.35,0.63,5,17,1
10611.93,36,10.22,1120.37,226875.62,5.19,20,25,1
6584.7,60,23.73,457.13,20565.79,39.27,12,27,0
22760.0,60,19.75,292.51,113348.08,37.11,10,49,0
8212.87,60,16.33,1209.55,116434.8,12.45,9,21,1
2518.41,60,18.36,111.71,223907.4,12.84,24,46,1
2403.6,60,15.65,518.0,65089.14,35.65,21,15,0
33431.21,60,7.95,1176.72,35223.11,3.14,5,21,1
24066.55,36,19.18,782.84,107770.33,6.86,17,20,1
14965.33,60,14.85,1043.67,160833.02,4.72,10,41,1
35874.89,60,17.69,128.22,217373.22,34.84,11,23,0
3737.67,36,5.9,1132.22,81875.19,0.26,23,24,1
39232.56,36,7.84,282.75,77801.64,0.58,6,42,1
25035.38,60,16.79,1218.79,94974.63,32.55,13,17,1
8155.11,60,14.19,859.34,47193.63,25.48,8,18,0
27483.69,60,9.54,1116.57,244759.51,22.53,23,18,1
30771.87,36,9.82,342.86,144342.09,36.91,9,14,1
17744.37,36,17.63,611.28,82611.34,19.33,8,14,1
34603.67,36,6.18,1209.04,103199.54,18.67,16,44,0
6878.56,36,13.69,1368.88,219169.91,16.83,11,34,1
11874.67,60,15.46,363.06,174956.63,26.09,13,8,1
4646.2,60,11.16,1196.29,147237.34,12.93,9,21,1
9224.24,60,21.41,189.58,,26.74,3,46,1
10310.42,36,6.14,655.85,193839.31,28.15,8,18,1
36787.69,36,22.32,1409.92,64668.48,8.46,13,26,1
4046.28,60,19.47,1419.35,56496.29,23.8,16,15,1
17669.19,60,13.93,466.12,242340.17,29.07,3,10,1
21763.55,60,23.49,313.58,62716.93,38.45,9,39,1
36049.03,36,19.04,249.74,126895.24,37.56,10,46,0
39910.15,60,23.62,736.89,246039.56,8.2,19,29,1
30382.14,36,14.45,165.35,115958.87,23.09,12,31,1
38860.85,60,14.06,554.57,138415.28,18.77,21,9,1
31696.94,60,15.61,55.01,203623.6,13.97,21,41,1
38564.9,36,6.31,411.32,98290.49,13.69,13,26,1
28583.56,36,23.17,1353.41,119137.78,38.84,18,29,1
4110.77,36,18.35,687.06,96399.87,1.46,7,20,1
16674.89,60,17.35,138.41,86101.26,34.1,4,6,1
26217.29,36,23.53,980.85,128518.16,18.14,24,6,0
14678.02,60,24.87,1434.78,191553.63,22.67,17,31,1
11661.97,36,8.27,711.21,219476.26,29.57,15,14,1
23518.57,60,19.98,947.7,128126.53,18.25,18,46,1
37406.57,36,16.6,1381.54,93830.84,39.49,11,43,0
2364.29,36,14.22,646.08,229666.31,34.71,11,27,1
31000.02,60,24.55,1006.94,97262.94,8.54,10,19,1
29186.36,36,22.01,677.84,198251.1,26.82,8,49,0
38594.18,60,18.93,1444.33,192182.48,19.01,2,48,1
37297.74,60,12.65,770.59,31448.43,14.44,9,42,1
30727.07,60,18.32,1331.91,60857.07,14.07,11,17,1
21295.94,36,15.63,775.58,151754.78,6.51,14,9,0
8966.43,60,9.99,1012.53,219554.29,18.31,11,6,1
22264.19,36,14.01,597.63,156618.41,23.83,17,40,1
30848.73,36,9.24,1378.81,190823.32,31.93,12,31,1
35931.1,60,15.01,981.0,,11.55,18,31,1
31798.77,36,19.4,59.27,133704.26,30.95,17,9,1
8615.41,60,5.73,52.99,148984.54,22.15,2,9,1
24387.77,60,20.31,1023.98,36394.76,10.32,18,11,1
13954.76,60,5.4,197.98,233378.44,31.48,11,17,1
1359.02,60,15.35,1082.76,175099.63,24.12,14,21,1
8808.62,60,16.47,503.36,55534.29,38.2,3,45,1
5415.61,60,20.22,822.21,76121.28,11.54,19,38,1
33866.05,36,20.22,286.37,21069.99,38.93,13,49,1
11081.74,36,13.35,391.95,80721.78,22.22,4,37,1
12103.22,36,6.33,672.27,92822.92,18.19,19,43,0
38437.53,36,18.87,1008.25,177122.08,35.0,23,12,1
15784.38,36,15.22,258.93,129631.21,6.32,9,42,0
1373.84,60,11.66,443.49,213839.07,18.48,19,8,0
12070.0,36,9.7,334.23,39961.04,5.02,8,44,1
5652.68,60,7.4,1298.13,182615.01,24.53,11,46,0
5009.53,36,10.9,982.57,221225.66,1.7,4,48,1
4022.0,36,14.17,718.69,116905.23,39.21,18,8,1
24137.12,60,14.55,1422.01,86408.71,0.33,10,5,1
8384.56,36,16.65,1111.66,122480.45,37.29,15,7,0
15088.47,36,12.25,1400.37,201433.76,25.77,10,30,1
34618.69,36,23.4,908.46,231379.51,32.91,11,42,1
17549.19,60,14.92,232.94,35085.24,14.32,24,25,1
36711.96,36,13.47,1022.88,141559.31,9.76,10,7,1
20419.58,60,5.96,326.19,167133.34,6.93,19,31,0
16554.63,36,16.98,538.57,24019.5,21.25,18,31,1
30265.17,60,17.06,779.14,61687.1,10.66,21,7,1
3853.83,36,16.67,261.33,34389.16,35.2,17,18,1
4489.66,60,22.75,60.55,86784.92,1.2,18,34,1
26426.97,60,20.26,510.82,67243.14,3.38,17,12,0
19990.69,36,22.35,1241.74,131964.07,8.63,13,13,1
31826.19,36,6.19,52.61,170728.54,3.29,3,30,1
36734.56,36,11.36,190.87,213710.04,33.12,16,21,0
16146.31,60,11.37,1216.08,89991.08,0.16,8,21,1
24259.99,36,18.14,479.6,31593.48,26.07,3,9,1
20527.17,60,13.97,1409.17,20885.08,18.22,9,47,1
39282.82,36,20.55,588.96,214246.89,30.91,22,25,1
33412.29,36,12.69,1201.15,221971.17,16.42,17,39,1
36557.77,60,9.43,410.42,43228.31,25.8,22,45,1
10919.26,36,10.82,120.89,22340.46,25.57,21,28,1
31128.53,36,8.65,1325.89,204061.06,14.55,14,43,0
11353.46,36,8.96,1393.13,167367.45,4.57,18,22,1
9140.96,60,9.34,1070.91,147913.23,17.32,20,20,1
37826.38,60,5.32,1162.0,,35.0,11,24,1
1752.87,60,19.32,40.48,197964.79,31.86,3,19,1
38650.16,60,12.99,1138.12,87462.31,14.86,9,36,1
6821.21,36,5.45,724.13,109496.37,34.69,21,40,1
32958.09,36,12.4,695.6,37905.76,17.55,20,35,1
11760.98,36,23.11,823.9,150209.83,7.85,18,31,1
14677.39,60,15.22,428.68,240986.65,34.56,21,11,1
9453.55,36,24.74,1053.54,85285.55,19.75,19,13,1
23835.05,60,15.8,464.52,233727.44,17.35,18,38,1
14575.73,36,24.26,851.15,187717.7,9.4,24,24,1
26638.33,60,9.04,231.28,73792.29,30.58,18,20,1
1610.25,60,10.8,1022.36,172456.5,22.01,6,8,1
3510.62,36,19.0,308.73,104233.82,8.29,4,46,1
4886.78,60,24.74,280.51,48129.46,10.37,20,30,0
17340.75,60,21.51,65.7,41325.99,15.3,23,45,1
32777.05,36,16.07,209.03,23962.33,21.37,12,5,1
35638.94,60,6.7,371.88,203495.95,32.21,4,34,0
10547.62,60,12.29,356.79,223515.44,8.29,14,27,1
23400.42,36,6.73,511.68,130983.81,29.54,18,6,0
30966.23,60,11.23,109.99,139582.92,36.65,9,35,0
12264.35,60,10.18,1404.74,179064.84,15.83,24,17,1
16951.3,60,12.77,205.19,181208.93,14.63,2,49,1
21434.99,36,21.75,1061.89,94549.38,19.11,8,42,1
6260.12,36,8.01,816.56,56611.83,32.68,6,41,1
2013.31,36,11.12,842.6,118995.96,3.7,5,40,1
6959.43,36,10.22,185.11,180313.12,15.49,21,17,1
25447.29,60,10.92,387.53,204967.89,1.17,19,24,1
3871.11,36,12.21,1176.43,40507.34,20.71,5,13,0
8398.16,36,9.89,711.62,155312.33,37.76,15,42,1
14176.3,36,23.85,701.89,32442.37,6.41,11,22,1
4036.93,36,13.4,832.49,209699.34,10.22,10,44,1
8476.27,60,7.28,667.69,173365.46,27.96,20,29,1
36539.52,60,14.35,1215.02,180223.93,27.62,8,19,1
1752.67,36,8.69,1130.6,195195.24,23.87,18,43,1
26483.85,60,9.32,496.0,133997.74,9.67,9,16,1
15991.95,36,10.7,1223.76,88746.52,2.66,2,18,1
27233.3,36,7.5,792.35,200702.73,8.89,2,11,1
23958.98,60,19.42,952.77,198794.99,25.56,15,28,1
9716.45,60,20.84,1303.28,51036.95,11.85,18,11,1
34041.17,60,12.89,729.71,227635.33,33.67,17,43,1
20185.67,60,18.78,1141.7,70878.97,24.65,22,35,1
33078.9,60,12.78,953.29,90485.65,,13,47,1
16834.49,60,8.28,657.32,69660.76,3.53,20,41,0
39402.74,36,12.94,1189.9,242087.36,11.22,4,37,1
31049.08,60,16.14,184.58,88876.12,22.94,3,10,0
38672.06,36,5.82,884.39,243422.6,37.48,17,37,1
21058.73,36,18.09,98.22,166725.91,4.13,21,42,0
19473.95,36,19.85,259.57,,33.23,13,26,0
30462.7,36,22.2,910.34,147383.83,22.91,23,22,1
35331.36,36,7.06,482.18,222920.79,14.56,15,15,0
38601.69,60,5.0,415.84,149185.2,25.72,10,18,1
13657.52,60,6.47,1435.08,50496.96,31.4,15,30,0
32149.48,36,23.48,567.88,85995.09,14.35,4,14,1
9215.18,36,20.31,860.17,71705.7,36.79,19,42,1
22277.4,60,21.71,815.35,48946.79,22.04,6,36,0
8014.08,36,15.34,121.17,95275.87,6.28,22,16,1
14548.5,60,15.53,1021.19,172044.43,21.87,10,36,0
37322.98,60,10.97,783.96,107977.26,30.62,15,43,1
6697.54,60,21.86,590.68,122074.4,23.46,13,40,1
25663.63,36,21.6,127.04,93751.72,23.36,8,37,1
24125.22,36,12.84,460.73,248728.52,1.11,17,17,1
5708.8,36,11.59,1329.62,154825.47,18.53,18,48,1
13713.18,36,19.77,285.36,211792.96,14.62,9,35,0
22956.28,36,5.52,352.42,121505.67,1.75,11,19,1
8299.97,36,22.2,331.78,58786.59,27.25,15,21,1
32224.32,36,13.92,1339.48,214765.76,7.32,12,28,1
38914.1,36,13.83,1058.99,195589.94,14.0,8,49,1
9375.62,60,18.38,1326.31,95856.06,23.1,22,18,1
8289.57,36,17.91,1373.21,159476.05,17.61,6,18,1
18742.47,60,10.32,1394.11,41497.66,28.07,3,29,1
30162.85,60,23.87,744.0,26054.15,33.79,20,40,1
11982.42,60,24.73,730.05,207624.62,6.77,13,46,1
1775.32,36,15.52,1248.52,236643.43,11.14,23,14,1
22107.6,36,16.23,517.93,99133.73,7.43,18,19,1
38307.42,36,16.09,62.65,157441.82,19.97,18,11,1
16259.8,60,14.72,517.38,184977.01,3.17,12,21,0
17385.25,36,23.9,1083.03,191589.78,29.65,23,19,1
38787.17,36,9.9,211.71,130646.38,5.12,14,8,1
28089.7,60,7.16,1183.63,161054.91,37.87,6,41,0
29047.7,36,23.59,1228.75,171122.13,33.61,12,14,1
22945.38,60,9.26,178.34,43748.72,38.77,13,23,1
39009.76,60,19.98,173.82,168375.44,1.62,5,44,0
27865.79,60,9.08,322.25,137497.27,8.21,17,23,1
35906.28,36,24.2,553.89,107054.89,38.44,6,14,1
28275.78,60,20.82,813.12,80199.33,39.39,11,12,0
29669.52,60,23.37,743.75,166721.48,11.23,20,36,1
12326.03,36,24.02,1284.16,58354.55,23.95,12,26,1
12835.67,60,6.69,239.08,206492.11,8.3,21,43,0
31536.4,36,13.67,1055.43,59513.4,35.79,3,13,1
12571.55,36,17.96,836.86,197471.98,5.47,19,11,1
22948.03,60,21.05,1113.13,208005.95,27.53,2,40,0
10724.74,36,9.83,532.66,236120.45,11.61,3,17,0
32862.35,36,23.29,722.93,,14.95,22,25,1
5309.55,36,9.42,72.03,34648.02,21.92,11,28,1
33348.42,36,22.32,200.68,175866.86,17.1,2,18,1
24506.46,60,15.25,581.24,85003.17,20.94,6,29,1
8289.47,36,15.31,737.44,41327.11,27.19,15,48,1
22139.38,36,12.48,156.05,216826.17,11.85,10,17,1
12017.45,36,7.07,1242.73,52139.6,29.55,4,5,0
13615.23,36,11.94,1420.7,136465.38,16.69,19,46,1
14709.59,60,13.53,906.7,201357.66,0.87,13,21,1
3469.45,60,14.58,108.5,65791.6,33.87,20,7,1
39452.51,36,19.78,1116.07,226226.15,11.26,9,30,1
2229.85,60,12.04,349.23,96265.07,34.41,2,18,1
26837.38,36,13.13,1108.47,111176.02,29.78,4,8,1
15477.88,60,23.12,668.49,50243.5,16.27,18,16,1
26194.4,36,20.05,108.54,168225.76,26.01,21,14,0
14893.68,36,5.46,439.76,133922.72,39.68,9,43,1
27276.28,60,21.24,657.73,244056.9,12.3,16,45,0
29440.18,60,24.8,1112.29,180615.86,18.02,20,15,0
27931.55,60,23.8,225.61,194568.13,5.94,12,8,1
5444.52,60,21.72,451.89,65789.45,34.85,15,19,1
26618.84,60,17.58,152.8,183937.43,22.12,13,48,1
11919.51,36,10.56,935.24,148200.74,4.08,15,8,1
2123.25,36,18.09,727.18,112881.55,23.9,6,21,1
17178.4,36,18.91,1395.64,200011.67,18.72,23,39,1
17908.18,36,10.63,1118.61,245065.9,12.3,18,33,0
19219.79,60,10.11,1173.49,41799.77,0.75,9,42,1
28488.14,60,12.94,271.66,201444.58,8.65,18,7,1
13044.91,36,17.82,421.94,231480.29,8.24,14,16,1
13295.94,36,10.86,784.32,92492.76,28.62,12,42,1
3361.54,60,16.11,49.82,,10.37,23,15,0
27786.03,60,22.98,1309.09,202797.6,39.14,4,40,1
23145.22,60,10.9,1173.28,239337.75,7.36,12,6,1
14627.58,60,24.32,115.17,235951.76,35.72,16,38,1
28502.37,60,14.47,1278.08,,14.61,7,9,1
21956.95,36,7.02,36.6,220428.49,39.98,2,34,0
19300.55,36,6.1,197.9,154884.31,32.15,13,23,1
20941.66,36,11.77,111.39,116859.11,24.16,14,49,0
25817.58,36,10.18,734.37,214472.85,33.23,18,24,1
26740.1,60,21.87,1182.55,204099.74,35.87,21,6,1
12269.35,36,19.75,292.45,137150.18,,2,35,1
6488.99,36,22.69,1164.09,,6.81,19,42,1
7108.73,36,16.79,301.84,128668.85,23.39,19,21,1
25936.24,36,13.71,1486.09,93222.07,15.47,11,36,1
35042.06,36,10.41,1284.61,176519.73,15.42,12,29,1
16970.35,60,16.66,1113.66,225167.72,25.29,17,5,1
7611.29,36,17.36,899.78,77615.01,20.17,3,20,1
30507.5,36,12.86,386.55,209866.8,32.42,14,24,1
33467.09,60,23.73,205.32,102971.19,13.13,16,7,1
35342.72,60,17.8,706.65,50320.64,21.2,15,17,1
24666.43,60,21.75,621.91,29313.86,38.62,11,26,1
34568.41,60,17.41,1021.49,130253.15,3.62,19,32,1
1601.18,36,11.33,280.03,150712.11,10.74,10,35,0
5182.2,60,19.73,856.33,21387.73,4.07,21,11,0
4610.47,36,9.61,1049.22,170104.14,2.51,13,38,0
28791.58,60,16.93,469.48,139261.77,0.67,20,45,0
3713.69,36,13.05,1176.62,,14.62,5,34,1
20358.21,60,8.0,664.81,44038.59,33.94,7,29,1
19435.57,60,13.26,269.07,182154.39,9.67,9,7,1
13117.44,36,11.21,316.31,69917.38,12.98,5,39,1
34945.8,36,7.24,439.98,67458.68,34.25,19,6,1
7646.89,60,21.48,262.45,24305.36,6.0,3,31,0
14746.05,36,14.97,857.49,21505.04,9.47,17,7,1
31192.69,36,11.93,1425.24,62923.22,28.48,21,32,1
2186.47,36,15.1,1347.23,60365.56,29.64,19,15,1
27245.07,36,20.09,505.92,20100.6,14.35,18,9,1
32839.51,60,5.37,1301.06,184944.28,0.42,16,21,1
37358.45,36,15.94,1432.41,135844.91,15.26,9,31,1
35175.57,60,14.58,462.43,111113.46,28.62,20,13,0
13455.98,36,22.86,1360.77,43872.69,28.59,3,37,1
23868.2,60,16.12,1496.22,96796.59,16.79,13,7,1
4014.45,60,7.75,1202.58,128235.57,13.95,19,32,1
11056.93,60,12.77,603.63,249551.01,28.08,13,24,0
4674.67,60,17.42,924.56,137437.89,37.96,24,44,0
13292.3,36,5.92,565.35,24486.93,31.71,24,35,1
35132.3,36,22.69,1494.06,67780.56,9.17,6,49,1
14539.51,60,6.36,129.74,101539.98,38.51,9,33,0
22914.03,36,5.61,1342.83,124863.09,24.39,2,39,0
17901.85,36,5.04,139.59,175084.36,4.5,22,32,1
18897.74,60,18.67,92.03,155836.38,13.47,8,10,1
38813.31,36,14.12,1411.71,137130.95,28.96,12,32,1
12550.02,36,7.06,1304.9,212715.71,34.79,13,40,1
25465.65,36,22.12,561.5,65137.28,21.18,11,40,1
17382.44,36,9.05,1437.57,37912.28,5.51,4,47,1
3384.7,60,11.53,1296.93,212787.04,4.94,24,43,1
20083.9,60,8.55,1355.91,126297.77,13.04,2,15,0
32720.39,36,23.54,904.82,147271.48,1.5,7,28,1
4851.37,60,20.16,1438.74,212598.45,16.74,9,47,1
3714.08,60,19.48,1220.09,237537.27,31.09,24,43,1
6991.63,60,5.88,1411.73,146960.16,18.44,9,29,1
30811.6,60,15.45,443.82,206819.0,33.21,22,38,0
29235.82,36,16.51,812.18,145300.13,26.29,20,45,1
23035.69,36,12.65,1305.46,,7.73,8,9,1
19260.83,36,11.44,882.2,239847.47,8.58,20,41,1
35644.71,60,22.04,1207.61,,13.99,24,49,1
30901.22,36,5.46,1460.45,193287.1,21.52,21,26,1
32665.75,36,17.51,1212.71,121619.92,27.13,10,40,1
32717.23,36,12.88,493.58,236785.38,6.92,6,5,1
26065.97,60,18.32,204.49,132664.67,6.13,3,20,1
18862.57,36,8.96,430.94,185780.93,0.5,5,41,0
34722.43,60,9.77,1004.3,43136.28,4.51,11,43,1
37114.29,60,16.74,46.09,70338.02,30.07,2,34,1
1928.44,60,24.6,308.89,117567.27,2.22,23,15,1
3010.64,60,24.49,510.55,153698.54,24.23,18,16,1
38390.99,60,9.98,1316.58,205277.57,24.04,6,35,0
11809.26,36,7.05,104.98,,39.7,24,23,1
35061.41,60,16.81,103.41,198101.83,27.11,6,28,1
16163.01,60,13.4,841.12,224698.2,27.97,6,29,1
5644.9,60,20.23,291.32,208243.56,3.59,15,20,1
4137.28,36,15.56,386.06,163155.06,35.05,21,38,1
7103.81,36,15.21,300.83,206298.28,12.8,7,22,1
10745.83,36,17.93,884.96,221825.47,12.5,10,33,1
20052.22,36,7.53,111.66,147673.03,18.63,15,10,1
28358.42,60,18.54,1411.8,206337.12,28.31,20,20,1
39469.54,60,14.77,211.01,116859.06,11.78,11,15,1
18218.76,36,21.4,1428.85,140170.05,31.1,17,35,1
21209.21,60,7.77,1173.85,32100.76,9.82,3,15,1
21350.81,36,11.01,1247.18,223202.72,4.91,5,41,1
22037.94,36,24.0,284.03,52285.27,27.87,4,14,1
21191.89,36,16.06,1014.38,83525.14,36.86,13,6,0
1342.22,60,23.59,1231.1,93016.48,36.39,11,29,1
1067.27,36,18.78,850.31,46657.17,2.5,6,46,1
4808.99,36,23.53,840.08,232003.29,15.67,18,18,1
4960.71,60,11.36,264.34,243107.74,11.49,24,47,1
28490.98,60,6.81,638.92,218995.27,18.19,8,6,1
8991.73,60,21.04,251.29,99663.94,2.02,3,33,1
35893.85,60,21.09,1460.1,32704.5,16.43,5,19,1
37215.65,60,17.38,1036.73,62065.04,38.44,11,34,1
39059.84,60,16.59,101.18,197582.98,22.68,20,45,0
37624.17,36,23.3,730.85,85774.07,8.69,21,38,1
11603.64,60,8.53,967.81,225299.21,32.37,17,16,1
20881.3,60,17.33,170.59,212079.86,15.89,14,33,1
7842.74,60,6.0,1007.53,74497.41,2.55,21,10,1
32442.18,36,7.82,290.64,179494.55,14.1,20,30,1
35648.84,60,13.75,629.58,121727.78,32.56,20,6,0
34200.26,36,21.42,949.56,69437.84,8.84,13,8,1
17901.31,36,19.66,566.63,155725.86,13.06,9,22,0
30588.28,36,24.48,589.9,212592.74,10.86,22,24,1
4805.59,36,5.9,1270.11,233162.45,35.92,16,16,1
2569.55,60,12.63,484.62,33507.67,11.77,23,13,1
30376.22,60,8.18,993.14,116309.03,9.61,9,45,0
17588.86,60,5.74,1278.25,159016.91,37.09,16,33,1
39826.42,60,10.29,254.39,97737.94,39.99,9,23,0
4792.91,60,9.89,97.51,93062.6,23.74,24,37,0
34369.48,60,13.4,1243.54,197544.74,37.39,10,10,1
19719.34,36,7.8,840.16,199976.77,30.72,7,45,1
33258.86,36,14.77,1246.72,187651.89,7.5,15,16,1
32867.96,60,23.4,343.16,226660.78,27.36,20,36,1
36723.69,60,19.96,1253.97,133782.84,31.6,8,47,1
12616.15,60,21.84,170.11,201196.71,29.72,4,21,0
38042.17,60,21.09,1328.31,22578.66,21.2,14,22,0
6915.01,60,12.79,1239.12,247108.8,20.61,18,44,1
4196.78,60,19.18,863.98,231423.66,32.87,18,29,0
17833.01,36,20.09,924.26,213510.26,27.56,9,9,0
33304.6,36,9.11,538.39,155186.33,31.72,24,42,1
19463.42,60,22.21,326.38,145155.5,8.3,16,39,0
33342.18,60,14.15,699.49,54529.94,38.66,23,33,1
29457.79,60,5.33,996.45,32411.54,29.31,21,28,1
9167.71,36,17.87,1497.74,78851.67,16.89,4,40,1
38006.38,36,18.54,1231.36,54725.28,23.97,23,42,1
3370.47,36,16.04,668.43,148988.84,25.59,18,11,1
36032.91,36,9.25,1122.57,96486.41,32.05,17,47,0
12873.29,36,14.65,188.83,109207.18,28.03,7,42,1
20505.78,60,13.0,640.1,26070.12,33.78,7,31,1
17471.72,60,24.49,654.64,146182.06,15.79,20,10,1
7701.55,36,21.49,1498.27,170917.87,16.85,24,38,1
14967.73,60,20.24,604.79,96913.18,7.54,18,34,1
8524.44,36,8.62,152.42,50188.19,20.63,13,33,1
8951.57,36,11.62,128.83,181857.32,16.06,13,29,1
8295.22,36,12.59,1056.63,49665.94,26.59,15,33,1
20071.68,60,14.85,454.97,207876.97,24.12,17,19,0
32119.32,60,5.6,1307.3,145585.16,34.3,11,38,0
23189.83,60,16.86,739.93,74612.15,6.73,15,31,0
35835.06,60,12.16,515.65,226707.68,36.62,19,26,1
25825.24,60,16.23,1145.9,52607.63,,24,6,1
27884.26,36,5.18,643.77,158272.24,28.83,13,30,1
27036.68,36,11.43,1113.95,162027.6,19.93,14,15,1
18528.91,36,20.37,1079.72,28580.7,28.11,2,42,1
27884.21,60,15.02,1093.12,160234.24,21.45,23,7,1
3718.6,60,20.78,1289.97,179669.81,26.1,20,36,1
34534.21,60,18.98,1277.15,229330.44,30.08,5,47,1
31334.67,36,22.1,1006.97,183054.91,7.72,3,24,1
10563.97,36,5.15,1436.73,131419.06,13.69,17,46,1
30953.27,36,10.23,60.47,216259.0,34.69,6,43,1
1493.06,60,15.98,1397.72,101370.69,33.44,18,24,1
9472.62,60,23.82,247.93,216768.43,27.24,17,12,1
3540.35,36,18.6,341.12,214113.18,12.21,22,27,1
31428.85,36,14.13,1231.58,158841.73,8.25,6,26,1
30479.09,36,7.6,618.64,99263.36,1.94,15,34,0
32731.8,36,14.86,655.21,155977.24,37.36,5,29,1
1174.79,60,13.82,414.0,228356.56,25.43,4,25,1
20548.08,36,20.57,359.93,,16.52,20,41,1
28488.61,60,13.27,186.17,213202.95,27.6,22,7,1
7060.64,60,11.38,319.25,99264.0,18.32,6,28,0
26341.84,60,6.79,863.12,87231.31,14.03,19,26,1
4280.29,60,5.93,1068.72,78844.8,20.05,16,46,0
8071.71,60,13.78,1116.09,132987.61,29.46,4,24,1
19556.08,36,11.94,574.08,119354.49,33.51,18,6,1
26489.04,60,16.11,1385.27,216470.81,3.98,2,8,0
6688.9,36,19.24,513.23,45898.51,2.59,24,21,1
8223.71,36,5.8,193.37,147430.79,13.61,9,32,0
8973.41,60,14.92,1419.48,112783.5,1.56,13,44,1
10309.33,36,22.24,824.8,235641.07,19.79,15,24,1
9835.6,36,14.1,1457.92,201329.58,32.96,13,10,1
16410.82,36,15.42,608.69,119670.74,13.91,6,30,1
26497.8,36,14.74,1143.37,167341.1,19.03,11,13,1
18083.24,60,12.8,191.61,191485.98,22.97,7,35,0
31262.98,36,7.2,1285.5,36362.55,36.55,18,35,1
29051.47,36,7.53,280.93,174955.54,37.07,18,8,1
5934.55,60,8.58,130.96,,25.27,11,32,1
2904.82,60,20.85,173.7,63458.02,0.41,17,27,1
35239.72,60,10.51,849.34,126078.66,7.58,22,7,0
4113.41,60,23.96,459.05,245274.11,8.07,16,31,1
6785.23,60,21.2,1442.6,238996.17,,23,42,1
1863.2,36,18.69,1283.43,227522.28,28.3,14,46,1
25505.12,60,19.41,1210.86,27895.71,3.56,3,8,1
23712.45,36,5.95,1220.17,216152.32,11.59,16,45,1
39489.24,60,16.37,1339.3,198518.17,20.29,23,46,1
35590.36,36,23.82,1301.86,134719.64,30.85,13,24,1
17022.88,36,5.78,1394.47,94847.99,13.78,6,8,0
15491.85,60,10.82,1403.52,193785.34,19.89,2,45,1
12577.23,36,6.03,468.53,44616.68,19.85,12,22,1
6943.87,60,16.39,352.76,169601.98,37.07,3,24,1
6385.26,36,7.32,975.35,174531.38,33.81,18,22,1
6159.06,60,14.59,211.3,147350.02,34.32,16,35,1
5450.48,36,19.4,340.38,221889.51,6.66,14,17,1
10379.97,36,8.29,1166.25,95867.78,36.03,15,10,0
12960.08,60,20.11,984.52,129977.08,15.75,11,24,1
38501.58,60,6.2,986.75,194492.34,21.79,23,46,1
23560.46,60,7.99,1427.44,184837.99,24.57,12,20,1
39516.24,60,10.6,1011.41,149365.87,17.21,13,7,1
15526.21,60,20.92,663.29,82591.03,13.73,22,40,1
18847.44,60,22.0,442.09,,9.92,19,27,1
13658.57,60,9.41,527.68,190477.21,20.54,2,39,1
8132.62,60,6.92,438.39,21321.13,33.51,6,31,0
6583.42,60,21.96,81.43,170128.92,30.61,23,29,1
37858.09,60,17.99,414.51,77102.86,20.4,19,30,1
39485.62,36,8.16,1257.99,174788.72,13.71,21,39,1
2751.47,36,16.15,1100.5,62995.71,0.51,11,33,1
6863.49,60,22.45,944.1,106580.96,8.31,18,42,1
17517.44,60,6.39,1356.24,193377.73,7.47,2,34,1
8267.01,36,6.67,418.26,193696.26,23.53,6,17,1
15191.34,60,10.47,879.2,68228.66,36.83,4,42,1
6034.76,36,18.05,76.05,106544.76,12.65,14,11,1
18803.96,36,8.56,1341.25,135576.36,31.73,7,17,1
11596.09,36,21.33,688.17,155092.58,13.19,10,43,1
14724.3,36,20.01,291.47,190759.89,38.57,9,5,1
4678.19,36,16.22,381.8,25436.48,7.79,19,36,1
17696.99,60,7.32,1276.91,46524.5,16.28,4,27,1
39347.05,36,24.76,189.95,56276.27,5.97,4,21,1
13824.49,60,14.8,1390.05,63852.43,9.05,10,24,1
35180.74,36,14.04,578.99,26962.88,4.24,2,36,1
33884.77,36,24.91,399.1,231708.39,4.38,2,15,1
38130.28,36,22.28,517.83,57304.83,25.14,5,24,1
31814.27,60,14.13,631.21,36936.98,31.35,16,49,1
26724.28,36,13.38,835.73,128496.84,3.24,7,32,0
34406.79,36,6.92,892.61,236472.14,8.85,7,35,0
3950.14,60,23.53,688.29,241808.74,12.84,11,8,1
19050.4,60,21.88,686.15,175572.65,37.47,4,26,0
39580.99,36,11.2,449.39,61020.21,23.92,3,8,1
31014.41,36,20.07,594.2,20873.04,4.29,11,42,1
38520.94,36,20.25,716.69,97057.41,14.79,14,30,1
31405.74,60,9.56,908.45,48854.9,28.61,10,7,0
35120.4,36,17.27,222.13,193671.98,39.13,23,44,1
28554.66,60,10.1,1153.04,242894.35,29.53,9,38,0
30659.58,36,20.8,1030.44,39256.24,7.25,6,25,1
21403.94,60,8.08,469.19,111294.92,32.77,12,19,1
37045.27,60,18.38,705.24,227567.99,0.13,14,30,1
33176.52,36,11.52,1421.99,187506.94,19.3,13,31,0
33911.51,36,5.72,60.1,,13.8,10,42,1
27247.35,60,7.47,1222.69,232284.98,37.85,6,32,1
12878.62,36,18.1,782.24,114901.82,1.84,6,34,1
2389.56,60,9.8,939.65,179542.29,10.22,19,27,1
37490.55,60,17.62,1036.26,183147.03,10.39,11,49,1
23858.69,36,13.3,700.35,165087.69,16.94,18,43,0
12627.58,60,18.85,312.03,94928.01,36.93,4,41,1
6816.27,36,14.86,1367.1,211398.83,26.1,8,44,1
33351.4,60,11.17,1118.08,196846.38,4.86,7,42,1
33624.29,36,7.92,852.6,122399.0,32.99,24,8,1
32765.81,36,11.82,689.23,116822.58,25.19,3,37,1
26158.22,36,17.7,764.02,22480.22,0.65,24,21,1
15274.6,60,19.81,1240.6,213992.19,36.74,16,47,0
12858.74,36,8.21,48.38,85316.32,1.9,3,42,1
1333.64,60,18.29,1302.04,128284.84,24.4,12,25,1
33510.69,60,8.59,98.73,114599.24,24.03,2,23,1
4409.88,36,9.44,935.39,175972.03,24.35,12,16,1
25599.44,60,15.63,519.69,109723.81,33.93,19,36,1
20658.92,36,10.78,1027.01,61339.41,4.95,8,41,0
21540.88,60,18.23,155.75,,21.39,24,8,0
37141.8,60,24.12,847.66,62215.6,22.94,2,12,1
2232.99,36,7.98,1287.19,26538.78,15.91,3,8,1
31162.3,36,16.41,757.12,65135.14,21.12,4,44,1
3030.04,60,23.47,153.99,124683.19,20.04,8,26,0
2487.99,36,8.53,84.95,,30.36,10,14,1
17762.89,36,12.34,943.17,203153.85,5.84,16,25,1
3459.93,60,7.47,132.21,64834.26,1.18,24,37,0
31776.61,36,17.84,134.79,198390.42,37.26,19,27,0
21652.96,60,18.38,655.4,42164.66,12.55,3,20,0
2132.51,36,18.28,337.98,128941.95,31.67,20,34,1
2579.53,36,15.84,330.17,219025.66,12.79,21,23,0
24894.07,60,19.93,737.04,114974.78,0.16,17,11,0
32438.36,60,5.72,442.78,241554.6,8.62,11,13,0
18074.18,36,24.15,352.32,165139.09,4.22,4,45,1
22628.65,36,9.44,786.19,194029.95,32.91,5,33,1
32193.35,60,7.43,457.6,137267.29,6.83,9,9,1
24809.74,36,23.82,147.92,118844.3,39.75,2,22,1
9765.65,36,21.61,1033.63,39475.87,24.51,4,41,1
24909.03,36,20.3,890.84,47588.31,12.92,13,41,1
25502.9,36,7.09,341.81,151491.87,20.19,10,6,1
29630.17,60,21.15,885.9,161135.76,38.47,20,45,0
25214.09,36,17.18,1434.72,246493.61,25.45,7,41,1
38800.44,60,19.64,1436.02,217280.95,30.14,10,31,1
8694.24,60,24.56,811.96,214231.97,19.75,12,12,1
38092.54,36,8.89,174.1,85918.87,21.31,16,29,1
21995.24,60,15.09,703.53,114709.85,39.36,23,26,1
27206.29,36,20.07,69.67,43489.68,24.18,5,28,1
4879.0,36,13.67,640.35,153753.38,21.68,9,48,1
15842.46,60,6.09,1366.85,,34.94,15,39,1
31005.79,60,7.23,717.14,122771.09,17.97,14,49,1
28569.53,60,17.04,839.22,150225.95,18.94,8,7,1
2565.44,36,10.7,262.31,72482.54,28.41,20,14,1
22317.18,36,7.76,53.01,198352.19,6.39,14,19,0
4442.85,36,11.8,1490.27,175214.96,5.21,13,25,0
39838.4,60,9.02,527.24,54008.98,24.73,9,23,1
35994.57,60,5.48,440.64,246246.52,7.34,15,25,1
1822.15,60,8.04,869.78,144670.46,17.42,16,41,0
34487.33,60,22.66,1125.62,26076.15,32.18,22,12,0
36857.75,60,5.24,399.57,100525.27,12.4,23,21,1
14788.38,36,20.48,800.46,245241.48,29.69,16,32,0
29060.56,36,20.07,518.97,227531.16,13.11,6,25,1
18242.05,60,16.28,737.02,54767.49,1.59,8,48,1
26554.07,60,9.17,267.13,216651.32,3.67,14,47,1
14272.38,60,22.56,779.87,,17.35,9,12,1
13579.81,60,14.5,99.6,24998.94,12.72,13,15,1
17552.92,36,8.46,1264.8,194208.95,18.76,15,17,1
6677.14,60,13.58,952.66,114952.36,20.92,2,19,1
33414.42,60,8.9,1413.99,111111.96,37.71,21,32,1
14599.22,60,12.52,911.61,108044.01,18.89,6,6,1
16605.83,36,14.93,297.78,157208.41,34.3,18,25,1
35868.13,36,12.2,741.55,184269.35,34.03,19,25,1
20368.33,60,18.14,1007.1,168957.78,35.5,24,31,1
22225.9,36,23.72,580.11,75605.24,21.52,11,19,1
38303.43,60,11.96,842.4,182564.51,11.45,19,32,1
35582.33,60,12.11,269.15,51169.06,31.45,12,37,1
7609.2,60,19.77,1172.37,243408.43,12.91,9,11,1
19455.39,36,15.61,1367.01,128931.09,35.83,23,36,1
38880.55,60,13.58,492.87,41009.63,4.19,20,48,1
15522.29,60,21.28,1196.2,152623.75,27.13,21,7,1
15491.35,36,22.82,165.16,152705.79,19.25,23,7,0
8606.18,36,16.81,392.66,28926.63,24.28,19,20,0
5458.6,60,8.7,708.95,22498.59,4.45,21,25,0
29871.89,60,14.33,598.02,249103.51,38.85,6,13,1
31031.19,36,15.09,940.85,109719.47,28.58,18,7,1
38791.51,36,13.64,857.59,76454.78,11.4,17,34,1
31163.31,36,10.25,158.29,145976.7,35.58,22,12,1
10490.75,60,14.45,223.59,21917.66,18.11,16,33,1
2564.55,60,13.93,106.02,22965.86,7.44,8,42,1
39432.06,36,9.19,1430.33,45939.31,17.22,24,18,1
14277.58,36,23.07,978.66,204580.83,12.77,20,27,1
13166.89,60,22.71,1287.71,77097.07,28.34,16,42,0
36332.25,36,20.19,825.66,135795.12,0.85,11,32,1
23818.9,60,13.02,314.94,71432.84,35.21,12,32,1
9379.98,60,12.41,951.1,145310.53,17.29,6,48,1
35674.75,60,19.33,772.85,137025.26,4.52,22,33,1
39741.07,36,17.16,630.04,112166.62,30.71,24,20,1
4380.46,60,17.01,576.55,119635.53,39.53,19,26,1
34627.81,36,7.48,985.61,170276.98,36.11,7,6,0
16230.11,36,17.37,938.11,213695.4,6.59,22,45,0
21438.83,36,23.04,252.8,93464.08,8.66,2,13,0
36677.82,36,6.72,1229.85,142393.46,39.51,10,8,0
38961.79,60,11.78,965.05,216460.35,8.11,7,27,1
11224.39,60,15.18,817.64,58622.87,12.07,14,28,1
9301.18,60,18.72,1130.91,245298.17,24.91,15,7,0
4140.15,36,6.79,255.89,192644.67,11.65,20,16,1
22910.12,60,22.46,1381.98,104206.04,15.25,7,33,0
1530.57,60,5.81,427.76,106291.18,29.65,2,49,1
17064.03,60,22.15,416.25,67230.04,23.73,17,26,1
3861.98,60,5.55,1227.91,81620.52,32.41,3,23,1
16803.81,36,8.07,520.97,155018.07,31.02,5,20,1
2557.36,36,21.01,1251.14,20859.76,31.97,20,48,1
33573.47,60,22.2,512.17,25326.79,7.11,18,31,1
9179.82,36,24.65,839.51,246889.66,10.28,17,18,1
13804.04,36,7.31,369.34,74171.9,7.3,14,33,0
34931.87,36,15.53,1105.33,210799.96,4.91,16,7,0
30104.38,60,6.54,275.4,160852.26,34.01,4,34,1
9542.5,60,8.13,1352.16,122575.46,0.15,6,48,0
3804.08,36,8.49,576.32,188401.51,25.1,11,37,1
28911.28,36,6.27,723.21,31504.91,34.92,19,30,1
16237.4,36,22.86,65.31,193898.06,6.7,9,7,1
30877.12,36,7.53,1464.41,217107.71,37.27,17,34,0
18366.5,60,17.59,1225.37,84452.62,38.3,9,20,1
14494.09,36,17.51,687.1,89371.67,23.23,8,9,0
18597.01,60,8.97,1382.78,43693.73,26.69,5,35,1
30193.8,36,24.97,1398.66,216855.6,7.47,21,40,1
36186.59,60,11.95,813.59,205819.2,39.37,19,47,1
2940.92,36,23.1,373.76,117798.73,29.58,18,30,1
21440.35,60,23.97,746.05,106875.34,20.65,17,46,1
2280.58,60,23.98,507.45,,20.04,3,34,1
19267.97,36,20.06,688.54,116679.61,24.72,3,31,1
35526.03,36,10.08,1369.75,118811.83,7.45,16,17,0
15102.02,60,7.41,444.3,53520.9,23.88,4,15,1
37365.57,60,16.4,1263.28,23099.72,2.8,22,30,1
25593.73,36,12.2,1404.89,195359.64,24.19,21,49,1
37432.06,36,21.62,1213.43,99062.45,22.99,17,42,1
30529.5,36,19.9,805.06,132904.45,14.3,3,37,1
5033.97,36,10.53,859.05,90710.5,3.61,17,33,1
10014.9,60,5.34,1234.86,107777.15,22.01,9,26,1
16372.65,60,9.75,95.42,37218.55,17.5,17,31,0
7634.17,60,16.34,1111.82,105165.99,12.5,14,37,1
20301.55,36,6.58,807.44,126516.59,17.12,7,46,1
19383.36,36,18.17,613.79,,2.44,18,45,1
38294.11,36,18.43,1157.38,94107.24,3.41,8,20,1
17915.39,60,8.39,421.38,40365.17,5.77,20,20,1
31639.45,36,16.93,1346.43,194614.6,22.14,8,12,1
37734.51,60,17.14,1042.08,106396.17,11.32,19,44,1
35202.56,36,14.56,926.93,230533.6,9.4,15,8,0
9138.04,60,24.06,798.99,240578.24,25.22,7,41,1
20345.17,60,7.16,342.75,220526.03,23.87,9,48,1
14561.85,60,13.13,936.91,72128.58,13.53,16,14,1
16594.49,36,22.66,1095.62,78376.32,37.49,8,36,1
15071.47,36,12.73,47.18,202648.12,15.93,19,11,1
33228.01,36,13.49,568.64,122605.26,7.58,8,46,1
18633.42,36,18.37,1253.72,88494.38,35.55,11,21,0
21424.08,60,18.31,959.35,87598.8,28.09,12,20,1
39315.45,60,5.46,934.45,152817.18,29.96,4,39,1
3339.19,36,14.11,366.06,225856.94,33.96,9,15,0
20030.35,36,11.67,959.17,162353.18,31.85,14,45,1
31188.41,36,17.55,1185.64,162664.4,33.91,22,14,1
6895.32,36,16.11,620.58,191796.91,9.11,24,32,1
24849.73,60,18.02,297.68,,24.63,5,48,0
10339.13,36,18.08,143.59,229173.56,27.03,18,21,0
34828.76,60,10.1,773.37,57285.81,11.71,22,44,1
13756.89,60,9.93,1035.27,246465.56,39.77,8,42,1
13833.45,60,12.41,269.08,95631.15,32.29,23,20,1
24329.56,36,9.84,649.52,84760.59,36.59,24,25,1
8158.95,36,18.66,865.91,137250.98,6.08,15,42,1
12110.66,36,17.06,259.11,80802.84,1.51,4,48,1
17248.64,36,9.33,426.74,73569.7,1.14,13,22,1
14791.88,60,22.68,924.37,242365.55,34.67,9,8,1
21470.21,36,14.21,1095.79,43918.67,21.86,15,43,1
24385.97,60,7.54,964.91,247686.88,12.31,18,9,0
23100.03,36,9.26,1079.04,163169.94,32.22,2,32,1
26512.56,60,15.8,884.81,240473.32,25.76,5,43,1
13002.23,60,11.77,1258.67,226402.22,24.77,11,41,1
5930.62,60,22.02,1245.3,169131.82,31.9,12,24,1
30671.49,36,14.89,1200.48,155662.78,18.77,23,14,1
34180.43,60,23.31,875.92,248305.29,6.47,12,14,1
11023.24,60,7.04,1491.37,138498.84,36.7,12,22,1
16876.59,36,18.37,87.49,61114.5,34.61,24,5,1
20444.2,60,22.72,317.61,248377.06,9.95,14,41,1
21799.75,36,10.86,1219.05,94410.29,13.15,13,35,1
26720.12,36,7.71,1244.65,40105.28,32.81,10,49,1
2622.53,60,14.13,1233.57,184885.44,38.89,12,43,1
29137.61,60,24.23,1312.89,122591.32,31.02,17,22,1
3416.87,36,17.67,651.23,109245.52,2.09,18,27,1
19263.25,60,17.88,1399.8,165269.85,16.33,8,20,1
33279.17,36,18.43,337.48,32156.0,31.04,5,30,1
18597.4,36,5.8,1407.31,180591.06,18.64,14,39,0
6814.5,60,13.91,848.32,135793.09,27.04,18,19,1
39416.32,36,6.55,270.91,132755.57,1.45,13,45,1
35682.13,60,11.32,1112.03,227007.79,8.47,2,39,1
31081.23,60,21.43,464.94,211178.48,30.36,13,18,1
17048.95,36,18.13,354.07,142264.86,7.7,22,36,1
8169.98,60,24.91,282.95,153018.43,38.85,17,48,1
37715.04,60,8.44,73.23,205601.63,14.67,11,49,1
21761.69,60,12.94,1154.04,114595.93,7.77,3,45,1
34241.86,60,21.19,745.16,174383.95,7.77,12,20,1
14341.71,60,9.31,1468.74,144378.44,7.0,4,9,1
14076.24,60,8.07,675.73,134914.54,13.9,9,34,1
39436.08,36,13.55,1269.73,,23.26,17,20,0
21351.49,60,12.67,1453.1,24026.79,35.33,16,40,1
6487.12,36,24.6,63.02,115363.77,37.34,10,7,0
9567.31,36,14.13,184.82,233940.92,23.99,15,36,1
19795.83,60,22.22,541.36,233474.08,25.31,15,5,0
2656.37,60,22.76,1309.07,191974.28,20.84,20,24,1
19038.83,36,8.16,1261.79,156138.45,13.47,23,37,1
17338.69,36,19.31,569.1,178894.55,21.36,7,35,1
31394.11,60,10.55,323.86,78172.99,6.62,19,24,1
14842.74,36,6.89,1209.41,132330.95,12.91,7,11,1
39319.4,36,22.49,907.46,143294.02,7.98,13,25,1
8050.03,60,10.85,76.45,34655.92,33.59,22,44,1
24048.48,36,11.91,1212.2,219230.66,6.52,3,11,1
4498.27,36,11.48,1436.73,125038.23,29.88,8,43,1
29620.7,60,9.01,91.87,226747.4,2.66,21,33,0
39795.39,60,13.69,450.23,109690.81,26.39,11,22,1
32946.41,60,13.57,1234.61,114039.44,30.62,16,19,1
22672.44,60,13.18,889.44,76169.71,4.02,17,27,1
19904.91,36,23.33,1484.35,168194.23,,3,23,1
33566.17,36,11.8,1375.79,146154.41,23.44,3,19,1
37502.99,36,5.61,292.06,229982.86,27.45,8,22,1
39579.05,36,8.57,1020.82,118724.51,28.93,10,11,1
16465.03,36,19.43,990.33,169057.22,6.53,22,39,1
39645.78,60,16.82,192.96,182739.56,31.92,19,22,1
7081.12,36,24.03,161.59,93566.82,31.27,11,42,1
10888.44,36,18.89,867.08,222590.0,25.87,19,20,1
4471.63,60,8.88,622.37,107595.78,20.19,9,29,1
11597.8,36,7.41,831.81,166592.64,34.0,15,47,1
30949.56,36,15.42,381.08,161643.31,35.23,15,31,1
34264.05,60,18.31,848.29,116923.81,13.39,7,27,1
31376.81,60,8.31,593.59,62168.29,21.32,9,22,1
25611.57,36,17.03,1334.68,156274.49,17.99,11,17,1
21044.69,60,22.3,479.95,106372.94,17.01,20,7,1
28639.47,36,19.55,1310.13,,33.11,8,33,1
16242.51,36,18.28,603.29,133371.97,26.54,5,15,0
33811.03,60,20.79,879.9,175765.4,18.96,21,34,1
27410.41,36,7.08,450.97,187812.44,31.54,23,6,1
28214.38,60,9.08,1219.36,118226.64,37.72,18,28,1
21901.5,60,5.76,1270.16,47572.52,16.31,19,42,1
35523.93,36,7.9,1219.3,202094.32,5.42,13,9,1
10828.57,36,23.26,970.56,173965.17,36.79,15,30,1
15864.76,60,9.44,478.03,204159.32,38.29,14,17,1
31328.06,60,18.24,965.64,92654.27,16.36,9,22,1
20217.21,60,18.83,1440.48,229097.52,25.94,16,20,1
35679.35,60,17.91,983.13,80428.09,3.62,3,32,0
14509.57,36,16.08,1435.9,86645.65,1.86,6,18,1
15403.88,60,14.72,477.73,143366.5,3.78,8,6,1
35660.7,36,13.4,1273.62,249388.75,30.98,19,47,1
19110.44,60,23.34,1086.15,66495.11,18.36,20,10,0
21128.86,60,5.19,1234.23,212855.93,26.22,16,9,1
13977.78,36,6.07,1074.82,20541.06,22.18,23,19,1
11790.13,36,14.85,736.13,74629.97,7.75,18,22,1
26582.0,60,11.61,1039.27,99612.59,32.57,2,37,1
5673.79,36,13.16,1400.17,169179.75,8.57,4,39,1
35291.63,36,24.96,643.79,46164.44,7.29,12,29,1
31388.92,36,20.5,1429.07,49601.1,24.71,24,44,1
8439.18,36,22.55,102.62,53662.15,34.77,11,30,0
28066.78,60,12.37,50.83,172387.46,34.65,16,26,1
24502.68,36,9.79,755.89,46367.62,17.54,8,40,1
8196.87,60,20.36,1277.31,111591.79,27.42,9,15,1
11654.94,60,21.15,394.32,56035.6,33.01,23,15,1
16950.47,60,16.0,1049.33,107876.25,8.65,20,43,1
28270.47,60,22.92,833.95,184230.09,15.8,19,25,1
25910.21,36,24.35,457.47,83876.41,25.34,19,49,1
21757.16,60,14.42,450.12,162058.63,33.58,23,29,1
30968.01,60,9.45,137.72,77156.11,13.44,14,30,1
30559.57,36,15.34,818.23,189641.95,24.85,12,32,1
25096.51,36,24.79,691.71,198725.05,2.34,14,17,1
31692.61,36,10.86,455.45,91390.56,37.3,8,27,1
14036.27,60,17.35,1456.54,25471.63,35.84,3,22,1
35368.73,36,18.88,1233.16,49689.66,36.89,14,36,1
24981.49,60,9.28,801.68,132919.77,38.73,4,29,1
33072.18,60,16.77,796.91,107872.65,33.83,8,35,1
22304.89,60,11.29,314.61,99478.8,8.44,2,16,1
9519.09,36,22.08,984.22,153239.7,23.25,11,9,1
22154.0,60,19.3,1431.84,57145.21,7.19,13,17,1
15473.35,60,21.53,1350.49,125036.7,0.82,19,29,1
28202.46,36,8.99,154.61,66778.29,5.73,2,43,0
19555.96,60,5.69,108.05,245643.76,33.67,18,13,1
33608.4,36,22.01,1443.03,31183.61,29.75,16,45,1
27444.83,36,12.74,323.86,23629.91,30.39,8,43,1
27697.23,36,8.59,839.11,149761.62,16.24,16,42,1
9469.06,36,6.84,139.82,34404.74,1.07,21,8,1
39385.74,36,15.33,1269.65,206527.84,12.71,18,30,1
33825.33,36,8.0,203.26,208507.09,18.21,22,20,1
31771.19,60,16.33,976.32,119419.55,14.32,9,31,1
13878.39,36,19.55,113.24,212825.51,20.05,13,44,1
21889.63,60,15.7,260.31,190317.13,24.49,23,8,1
6347.02,60,23.07,782.85,51145.5,4.72,10,33,1
22000.56,60,8.11,97.16,217708.31,36.31,14,12,0
6689.68,60,14.88,317.55,221084.11,22.4,4,22,1
22568.48,36,8.26,230.17,94223.98,34.25,12,37,1
26300.15,60,22.52,89.65,198248.41,18.98,15,47,1
16217.64,36,23.64,1457.37,226393.13,29.25,23,35,0
20443.25,60,13.0,691.74,191498.06,35.8,4,44,1
35150.48,36,11.11,1292.64,,24.04,22,28,1
5233.96,36,10.59,556.59,41767.99,16.35,12,43,0
31877.58,60,22.19,92.61,245950.02,23.03,5,42,1
7659.43,36,18.65,1052.61,,6.68,17,40,0
2431.61,36,22.61,86.97,168222.68,28.1,24,8,1
8237.41,36,7.35,842.59,229819.63,1.5,23,36,1
30836.68,36,14.52,234.49,21710.51,18.1,16,36,0
16799.92,60,18.52,1016.1,118139.07,21.84,15,29,0
35028.3,60,22.94,1342.27,150271.88,16.11,14,46,1
21463.59,60,12.64,1434.97,20492.72,19.31,15,24,0
1867.76,60,11.26,805.83,,7.03,17,28,1
28951.83,36,23.26,813.07,215715.67,3.13,14,46,1
5299.08,60,5.95,86.27,32628.79,17.73,22,48,1
31785.81,60,14.59,1161.72,204971.88,37.35,20,25,1
7556.0,36,14.17,1435.63,244831.83,7.19,8,20,1
14472.41,36,7.92,674.2,231666.16,11.33,14,33,1
30689.59,60,12.9,1196.73,143513.14,35.16,16,15,1
38215.02,60,19.45,1202.26,217906.25,10.7,19,13,0
15485.92,60,12.34,1184.98,197246.42,15.43,19,21,1
33346.61,36,11.19,1145.26,208063.1,4.07,19,42,1
8440.9,60,20.64,346.19,111551.6,1.87,12,12,1
32480.01,36,24.77,1134.59,129392.79,26.42,8,5,1
26642.27,36,20.59,242.26,74998.35,5.95,13,48,1
8517.0,60,21.93,1077.38,31861.0,22.34,17,8,1
12797.65,36,23.79,35.2,157363.0,17.21,22,23,1
6139.06,36,21.04,1380.67,91202.52,3.77,24,16,1
15935.71,60,24.61,1246.26,135622.77,17.16,11,38,1
8942.3,36,19.95,1033.96,241419.18,9.93,3,12,1
26115.92,36,18.23,168.87,34524.12,34.34,14,26,1
39785.7,36,18.87,1242.73,220901.91,10.52,24,28,0
1468.36,60,23.0,1316.51,39955.5,27.94,12,13,1
22095.87,36,18.66,1041.34,170322.74,27.39,2,30,1
23373.0,36,20.22,1464.55,98949.93,7.73,6,16,0
36654.14,36,9.32,166.53,43033.91,22.23,22,26,1
20734.21,60,23.25,1071.71,194096.0,33.66,23,18,1
22204.36,60,13.94,801.45,180674.13,4.02,18,12,1
19394.46,60,8.22,244.04,167259.27,24.42,13,32,1
11487.27,60,21.0,997.87,241922.9,6.78,5,13,0
3185.14,60,12.13,1205.31,25445.83,9.63,12,43,1
16937.65,60,8.68,272.18,119972.47,25.93,22,43,1
3051.07,60,10.13,1196.43,149412.48,25.53,18,5,1
22469.21,36,5.7,166.67,102271.3,26.58,16,38,1
12984.45,36,6.81,899.36,173984.37,21.7,13,30,1
21810.49,60,16.85,1203.75,226816.65,31.36,16,9,0
6237.58,60,22.32,244.56,180306.18,25.94,18,27,0
37372.57,60,13.97,870.13,150956.23,8.53,15,45,1
35886.33,36,17.52,654.57,189703.34,4.05,8,14,0
8409.86,36,21.19,922.69,45215.1,0.41,24,47,1
14394.33,36,12.14,653.61,164898.73,0.28,16,11,1
24926.22,36,18.09,398.84,113666.07,4.25,13,37,0
4731.76,60,12.01,403.1,93322.94,17.37,3,14,1
14828.15,36,17.85,1301.11,136634.95,0.23,16,14,1
10793.38,36,9.35,259.99,205088.57,15.31,23,10,1
36705.15,36,24.56,210.98,114891.15,31.09,9,36,1
34247.91,60,6.52,172.71,181563.34,5.14,17,6,1
23613.48,60,15.1,139.01,,31.52,4,18,1
21293.51,60,10.73,51.3,230715.76,7.6,19,13,1
37298.31,36,17.02,265.8,122313.67,9.12,14,22,1
37364.68,36,13.57,313.31,208581.6,9.76,19,15,1
38803.87,36,11.13,426.49,213654.64,12.95,20,21,1
5889.78,60,10.0,212.34,126760.37,20.04,6,31,1
7261.75,60,8.65,168.41,132375.52,27.23,21,9,1
27392.73,36,20.66,825.97,96685.26,31.04,2,40,1
22115.94,36,9.44,1086.47,133977.12,0.86,2,38,1
1720.17,60,20.47,956.38,77328.39,5.82,7,31,1
3417.03,36,14.7,848.36,217401.35,29.93,24,22,1
35635.13,36,6.44,677.63,77480.05,30.9,11,45,1
34885.96,36,8.31,961.95,79253.35,37.77,13,5,1
14933.57,60,22.86,1355.74,226001.48,11.65,4,20,1
35750.97,60,17.06,952.31,142396.86,9.02,16,49,1
24153.33,60,8.69,119.47,44181.71,22.95,10,43,1
32430.32,60,19.08,868.52,99516.73,3.15,12,23,1
17669.81,60,21.47,800.6,182238.88,29.01,12,48,1
5422.53,60,11.61,694.47,113334.99,19.13,7,37,0
17915.36,60,16.13,866.13,117330.54,28.4,5,34,1
18834.69,60,10.87,1018.75,134698.27,6.35,20,31,0
22486.82,60,6.6,84.77,71176.24,18.59,22,36,0
5117.73,36,12.99,735.9,117532.57,13.81,7,33,1
39664.67,36,20.03,1231.33,69528.67,18.85,24,12,0
10521.34,36,14.17,810.24,100671.38,22.32,13,48,1
8743.54,36,13.11,129.75,142445.08,27.39,8,46,1
21545.31,60,12.32,1169.35,179556.43,34.67,8,39,1
21951.12,36,14.18,1413.76,165802.72,9.32,14,39,1
18153.01,36,11.36,1282.21,152370.68,17.07,5,18,1
31103.79,36,17.24,562.98,156972.79,4.53,8,41,1
21149.52,60,6.27,816.19,137513.57,13.37,16,42,1
24778.12,36,21.15,899.23,161361.17,15.2,10,44,1
29226.11,36,8.46,1082.22,106369.32,17.65,16,44,1
1975.98,36,17.67,1009.12,226872.97,37.07,23,42,1
23255.12,60,14.0,322.64,155828.88,36.4,12,36,1
35483.58,36,20.47,1269.27,235416.03,2.76,4,14,1
1678.16,60,21.52,1278.3,113053.87,16.55,18,33,1
16802.1,60,9.08,624.4,110738.39,12.8,10,35,1
37122.87,36,18.54,222.44,241954.57,14.44,3,48,1
14773.02,60,8.8,924.59,187682.87,30.02,15,12,1
18890.42,60,7.48,555.17,139310.12,7.89,20,27,1
39280.11,36,23.61,1119.84,185256.44,30.23,9,10,0
8773.63,60,8.29,494.02,111246.42,36.68,23,25,1
3544.95,36,9.56,416.61,194525.76,27.75,13,9,1
34517.48,36,7.61,1305.53,68202.95,16.46,5,41,1
34870.15,36,14.41,935.26,238702.36,2.51,8,9,1
19411.04,60,23.39,156.41,125996.54,4.16,23,10,1
21054.08,36,10.28,1043.36,41368.49,,10,9,1
33596.45,36,15.84,1136.52,214352.95,4.54,3,5,1
29803.82,36,13.23,375.75,225702.43,16.57,22,31,1
11340.81,60,11.72,1452.45,187890.36,34.86,19,16,1
1658.84,36,16.44,578.1,164831.92,21.45,2,7,1
19708.31,60,16.18,1412.64,233536.36,13.47,15,10,1
34497.58,60,12.19,461.62,163072.87,9.24,18,5,1
35937.55,36,22.01,925.52,202025.51,21.6,3,14,1
38292.82,60,6.06,790.83,128386.41,13.61,24,14,1
35302.97,36,6.7,1488.47,187257.33,38.36,16,12,1
23621.7,60,24.82,630.28,249765.95,0.54,21,16,0
18339.62,36,19.95,293.56,107976.18,37.81,8,29,1
31219.14,36,21.08,1254.82,185624.54,8.45,17,38,1
29853.04,60,17.05,91.8,54245.14,22.97,5,28,1
21987.59,36,13.4,1330.89,166072.68,10.55,16,5,1
4405.77,36,17.58,192.57,94264.24,32.7,11,8,1
37117.17,60,6.85,870.86,219317.3,27.96,11,17,1
18768.5,60,20.16,1078.72,,9.37,11,27,1
15170.02,60,15.81,524.4,122383.17,22.6,23,48,1
25553.13,60,24.13,1271.77,245471.37,36.34,17,15,1
27279.68,60,17.75,902.75,69535.3,8.96,8,40,0
9216.83,36,8.03,610.88,149895.01,32.55,9,45,1
33640.61,36,14.55,508.28,218664.42,31.72,20,23,1
12307.55,36,6.16,194.65,92410.16,15.31,12,9,1
8280.67,60,19.91,971.33,23512.82,1.53,14,23,1
16849.59,60,15.04,565.14,226158.42,6.68,8,7,1
29491.84,36,12.39,501.22,162515.39,18.96,14,10,1
38652.87,60,24.37,1426.42,72997.79,18.82,11,9,1
32561.97,36,23.81,431.01,83556.97,4.23,8,41,1
37673.59,36,24.06,1318.55,203905.07,11.47,5,34,1
6483.63,60,9.42,1463.1,167682.54,15.11,17,37,0
3775.9,60,19.57,1239.43,188498.11,32.67,13,42,1
22750.49,60,23.91,58.69,152761.14,35.93,21,14,1
12321.6,60,16.42,1306.88,201709.32,24.14,4,31,0
33294.14,60,9.28,343.72,208845.28,10.95,8,43,1
27207.53,60,21.36,549.32,108986.25,27.43,2,10,1
38858.4,36,22.6,1487.63,227221.16,37.79,17,26,1
10936.9,60,19.06,625.32,136195.89,4.4,23,27,1
19945.58,36,10.87,992.61,56838.08,11.23,14,19,1
20548.38,36,8.81,486.76,70249.14,21.87,5,11,1
10327.89,36,17.49,573.06,188779.7,13.64,3,8,1
24013.64,60,14.66,908.51,106788.39,34.58,23,5,1
18288.15,36,18.38,1423.98,80361.12,10.46,15,49,1
18422.14,60,7.23,445.21,159097.56,35.32,4,24,1
15146.73,60,7.72,393.63,199922.15,33.3,7,6,1
1660.24,60,12.26,68.62,45122.08,6.72,14,7,1
21361.71,60,10.18,327.1,123298.99,3.76,3,41,1
14074.67,60,17.39,415.75,197438.2,27.08,23,20,1
1051.47,36,12.35,122.43,227834.63,15.97,13,16,1
13009.8,60,18.68,858.5,23116.57,9.29,9,30,1
11866.5,36,20.38,216.34,170900.68,36.6,10,39,1
16344.48,60,8.74,781.28,157395.41,3.55,11,42,1
6142.23,60,23.4,307.8,139080.42,33.24,4,26,1
20799.67,60,20.74,1405.52,56845.32,22.45,18,34,1
28005.17,36,17.54,481.43,190611.17,4.88,11,34,0
25577.24,36,23.18,166.6,110343.07,15.0,21,21,1
32346.44,36,10.32,1259.15,73963.77,21.37,22,10,0
18628.32,36,13.43,620.99,215505.78,6.89,7,34,1
21244.58,60,6.72,1235.58,90616.91,5.11,23,16,1
32605.68,60,14.12,489.36,65635.58,10.92,4,23,1
17680.35,36,15.13,765.06,91770.7,22.44,6,27,1
28362.37,36,17.32,684.68,61642.13,30.88,24,12,0
17949.49,36,6.28,850.12,,38.47,9,43,1
17291.71,36,5.65,620.43,61876.13,5.93,16,12,0
30648.02,60,13.4,760.3,184833.67,0.34,4,27,1
7818.64,60,8.78,1028.61,57375.11,39.28,19,42,0
14204.85,60,20.18,639.58,72050.48,5.48,13,38,0
9742.72,36,18.37,1036.07,98779.58,30.08,15,30,0
15005.29,36,11.52,1080.02,238513.95,30.95,23,13,1
9984.62,60,5.92,1130.92,230177.73,3.38,10,7,0
23596.82,36,8.65,722.28,39576.62,32.45,9,9,1
32128.66,36,18.83,35.57,97239.29,9.98,20,26,1
31677.91,36,24.8,1137.66,99659.27,31.73,3,35,0
15215.54,60,11.53,1366.36,68659.71,12.74,17,20,0
39561.66,36,21.04,989.35,120191.88,30.02,5,47,1
24160.32,60,22.34,801.08,192038.91,33.6,18,39,1
16576.61,36,5.96,852.6,42848.47,0.18,20,28,0
33586.03,36,23.32,971.99,174479.78,20.93,19,22,1
29465.09,60,14.32,1497.83,79975.61,13.68,18,17,1
30221.74,60,24.28,121.22,167761.15,33.76,15,30,1
8649.43,60,15.77,61.14,176835.51,19.31,16,38,1
19264.65,60,9.7,1447.33,187471.61,15.29,18,30,0
34611.3,36,24.49,677.5,218193.22,5.91,7,48,1
20657.48,36,9.87,930.16,226912.55,11.33,7,13,1
27654.66,60,22.65,1137.56,194599.95,39.76,14,39,1
23929.42,60,8.46,1120.88,130652.6,34.27,13,37,1
33851.91,36,18.5,981.38,30162.02,12.26,14,20,1
12097.87,36,13.23,723.68,235534.73,24.72,7,14,1
23443.54,36,24.44,876.84,158305.32,39.92,10,12,1
5806.15,60,8.7,1102.58,142951.33,27.57,15,13,1
27918.22,60,13.18,1280.7,75081.7,13.56,23,48,1
29546.75,36,17.8,217.14,177374.32,1.62,24,32,0
2670.66,60,24.55,438.6,248788.12,31.97,4,47,1
27355.85,36,11.08,614.46,95906.7,11.42,3,8,0
17172.92,60,12.94,1008.28,203903.41,5.75,5,32,1
5839.78,60,14.24,611.64,86958.28,4.61,3,23,1
17376.39,36,10.05,381.16,132178.15,4.29,5,31,1
8575.08,36,21.35,78.72,69055.83,4.56,14,43,1
17206.82,60,6.84,1268.49,137940.48,20.64,6,9,1
15989.22,36,19.1,645.83,125639.18,30.54,10,25,1
29797.27,60,15.68,513.97,28950.67,35.71,9,16,1
31194.41,36,9.84,810.31,107815.28,,19,17,1
24674.12,36,14.86,210.69,34426.16,3.83,2,45,0
1884.79,60,21.6,614.12,123643.9,37.88,2,22,1
37309.87,36,13.91,1135.13,245439.4,0.23,18,14,0
27763.1,60,7.44,1112.09,87384.69,30.09,4,24,1
2333.62,60,5.82,1164.69,138597.13,39.29,23,40,1
32934.48,60,20.56,717.1,49945.16,35.77,14,38,1
8810.38,60,11.61,572.3,55413.7,28.64,17,38,1
23589.63,36,23.62,1252.22,101757.98,21.0,23,8,1
19198.74,60,17.34,284.74,132639.62,39.98,5,44,1
17373.71,60,13.73,1095.95,181324.06,25.01,20,5,1
35698.84,60,16.29,1335.28,125039.32,33.22,23,21,1
18057.09,36,14.14,450.64,25608.64,7.26,10,31,1
3938.42,60,23.12,320.76,82320.54,25.6,21,40,1
37918.91,60,14.16,783.41,25697.86,0.53,4,34,1
36900.87,36,7.08,348.09,231126.6,32.33,17,11,1
27692.87,60,16.94,1310.03,26678.07,16.51,22,23,0
19247.81,60,17.46,389.29,31405.79,10.32,7,16,1
4621.52,36,20.31,491.53,88603.36,10.36,17,32,1
31839.18,60,23.67,1335.98,165435.63,39.19,8,28,1
3943.64,60,13.86,332.26,102330.07,34.64,21,19,1
3675.44,36,12.04,1330.63,34160.15,31.55,14,7,1
21957.97,36,14.82,338.41,212337.78,20.21,19,32,1
7245.0,36,23.0,1370.35,181050.72,15.96,12,23,1
1301.48,60,24.6,496.93,111165.57,23.64,7,29,1
17501.42,60,24.42,391.96,175688.61,21.81,16,12,0
6351.47,36,9.59,731.47,83154.99,35.48,14,36,1
7260.1,60,14.94,572.76,141409.59,38.92,8,43,1
3999.51,36,10.19,326.57,222516.92,37.24,8,12,0
8998.66,60,12.36,527.38,44766.65,30.72,20,43,1
28903.88,36,5.63,1078.45,214785.54,16.22,21,37,1
32548.16,36,8.21,1252.89,201366.12,30.45,13,10,1
18648.81,36,12.94,1236.52,238293.2,31.2,16,40,1
20755.6,60,12.29,1142.52,138168.66,6.8,19,26,1
2273.55,36,10.58,37.99,83229.52,32.76,15,14,0
3703.33,36,9.61,657.11,101212.85,36.49,15,44,1
11045.14,60,19.98,278.39,167156.15,30.05,19,8,1
22212.04,36,10.89,138.01,52382.93,27.24,22,44,1
29842.49,60,19.13,1111.75,,8.7,2,33,1
24595.12,36,12.37,1196.42,187079.59,25.51,16,29,1
16292.99,36,21.04,1227.49,151961.86,25.24,23,24,1
5614.64,36,8.34,1338.76,34433.02,15.0,22,23,1
31450.16,36,8.15,897.37,134276.49,4.51,12,16,0
15187.66,36,18.59,1497.25,140569.87,17.36,19,38,1
29706.11,36,23.3,741.07,181185.44,36.83,4,25,0
21006.17,36,7.86,1328.74,22450.66,31.25,21,5,1
29807.82,60,6.47,196.02,118532.72,14.17,3,28,0
36384.29,36,23.69,248.92,223921.76,7.84,21,32,1
36920.15,60,7.35,897.81,25784.15,18.42,12,12,1
21869.16,60,10.01,212.48,174654.36,30.32,3,26,1
20948.83,60,23.59,140.69,71331.9,27.41,4,24,1
11361.46,60,21.06,318.22,109121.67,35.32,2,24,1
37496.19,60,11.86,1187.68,223345.65,12.46,4,34,1
18858.85,60,24.09,1393.36,103381.36,19.78,2,39,0
5976.06,36,16.36,520.2,145453.79,10.29,13,6,1
17875.49,36,6.44,1462.89,40617.53,30.93,17,39,1
5955.08,36,19.06,1220.04,94682.28,16.8,6,42,0
20598.74,36,15.75,362.38,52579.69,17.13,15,40,1
22889.75,36,16.45,891.59,149158.16,32.59,15,17,0
14172.47,60,24.88,1473.24,125750.92,29.2,21,40,1
3794.37,60,8.05,1277.72,80852.64,18.87,13,20,1
37796.64,60,18.14,564.14,249913.34,15.06,16,16,1
31160.77,36,14.17,480.29,55253.11,27.54,2,17,1
33716.36,36,10.44,1234.3,209860.72,37.7,8,21,1
15307.87,36,18.87,837.27,28225.03,16.98,12,28,1
30672.41,36,18.36,270.26,214772.62,1.56,6,32,1
19929.54,60,22.13,511.91,129708.38,35.15,19,44,0
8842.26,60,22.58,1002.87,210483.73,6.66,6,21,1
5852.51,36,16.24,255.14,191853.55,36.06,19,31,1
14456.98,60,11.51,1057.11,151705.89,33.18,5,26,1
6364.53,36,15.59,1073.6,105460.33,26.39,24,37,0
39932.49,36,12.19,428.0,173067.82,33.84,11,16,1
2918.37,36,10.55,615.1,211486.06,10.39,15,11,1
18204.6,60,16.03,1405.11,135760.4,34.23,22,32,1
18631.65,60,18.16,1131.29,115419.62,22.47,24,17,1
12724.65,60,16.81,1188.08,52865.63,7.09,16,32,1
23282.71,36,24.09,788.91,226137.0,10.18,22,49,1
6849.1,36,10.97,343.32,81479.79,31.59,10,48,1
31572.58,36,12.45,899.15,48409.82,33.71,10,14,1
13965.46,60,18.35,1164.99,35230.93,34.99,13,30,1
24062.36,36,17.01,35.71,192679.52,7.38,19,12,0
28909.93,36,5.04,197.25,175249.09,36.08,7,33,1
35672.64,60,11.25,727.21,47705.43,19.75,16,44,1
33595.71,36,10.08,672.68,141932.73,39.73,23,30,1
24724.05,60,21.8,1473.96,55119.98,19.06,14,33,1
16147.33,60,22.32,165.46,108221.59,,24,31,1
20624.98,36,10.68,505.82,200059.73,2.39,8,16,1
30980.66,36,7.04,1228.21,72402.26,26.6,13,30,1
35224.28,36,9.1,930.27,26374.43,0.2,5,5,1
5047.5,36,8.53,855.57,64467.53,33.44,9,22,1
16009.39,60,9.75,1119.57,112113.83,12.43,11,8,1
31268.55,60,9.69,88.78,75586.93,26.63,12,19,0
17834.42,60,14.6,1422.81,186111.2,19.99,17,46,1
13956.88,60,11.39,311.16,201511.25,26.29,3,37,1
17041.59,60,16.2,150.3,75315.73,2.13,20,34,0
24510.95,60,11.88,528.26,81783.19,7.87,11,37,1
39992.4,60,21.29,1062.46,148816.7,35.73,13,30,1
20226.7,36,24.02,370.28,193078.56,16.7,9,24,0
9131.28,36,13.08,103.3,240654.86,22.61,16,17,1
7351.02,36,5.99,114.4,89126.84,18.28,4,6,1
2651.64,36,9.79,407.17,229546.35,36.43,23,11,1
22793.87,36,7.04,228.85,61804.78,7.98,11,7,1
22238.31,36,11.9,577.48,29443.79,33.56,15,43,1
9004.12,60,17.9,284.42,202273.51,2.4,13,21,0
28117.85,36,15.38,536.14,130081.26,34.29,17,40,0
29903.17,36,9.86,683.4,37676.87,36.12,10,35,1
11104.83,60,20.35,1121.53,36354.4,31.59,19,16,0
14419.89,60,7.63,364.28,23132.26,11.09,19,24,1
39628.4,36,9.56,728.34,90454.77,4.56,20,45,1
15596.31,60,18.52,1228.57,189133.57,20.03,21,37,1
30671.27,36,8.94,1479.97,173022.19,26.63,14,23,1
18656.29,60,18.58,849.24,249923.59,32.77,20,12,0
31940.45,36,24.54,665.51,156604.25,20.24,18,6,0
30991.91,36,21.63,958.35,45408.62,21.87,9,13,1
27042.48,36,8.2,744.85,245055.1,37.44,20,37,1
34336.36,60,15.41,272.19,179383.45,1.91,21,32,1
37629.52,60,13.45,705.39,106028.23,12.76,2,8,1
23619.35,36,24.83,1469.28,76808.81,17.53,12,35,1
10261.29,60,24.29,971.43,71098.34,25.58,22,24,0
16546.53,60,7.54,446.65,239933.63,3.8,18,30,1
30573.92,36,23.17,1422.3,116466.82,34.99,2,18,1
26384.46,36,8.87,601.22,131965.54,12.66,10,46,1
7934.14,60,11.39,603.48,212464.5,7.4,2,6,1
2998.34,60,12.07,936.4,241688.75,23.66,11,8,0
27635.5,36,10.74,866.39,21010.47,5.62,4,21,0
10792.08,60,22.06,456.94,247755.95,13.2,6,8,1
20487.14,60,11.6,716.61,37356.15,34.47,18,43,0
30123.12,60,21.33,518.79,212472.05,31.57,21,8,1
22944.0,36,24.89,1114.54,238573.27,11.24,15,14,1
4248.8,60,21.82,210.08,149056.13,16.79,21,32,1
8237.63,60,11.92,1132.87,146894.1,20.31,17,14,1
9553.8,36,19.23,266.92,173873.2,22.68,5,39,1
11056.71,60,15.68,479.79,101151.24,12.02,19,29,1
23050.73,36,20.73,520.0,58134.78,21.36,14,10,0
20654.67,36,8.06,1485.91,35275.47,30.93,8,18,1
8923.24,36,17.76,897.04,222653.27,27.44,5,28,1
3634.64,36,20.47,1173.0,145885.34,38.04,14,34,0
7685.86,36,20.22,846.41,179636.24,9.55,23,8,1
39390.87,36,24.27,1475.24,96372.0,27.13,22,29,1
19273.33,60,6.17,290.75,205611.96,37.99,14,49,1
34826.47,36,11.92,919.16,100481.89,3.84,22,39,0
34101.35,60,14.53,1202.15,26845.06,22.48,16,43,1
20949.26,36,11.2,953.98,97488.02,39.38,6,33,1
28560.82,36,11.2,1348.5,215574.96,2.46,22,12,1
8517.33,60,8.52,913.04,221454.35,14.52,22,21,0
27847.47,36,21.26,1244.86,234985.29,3.4,10,39,1
11623.0,36,23.16,288.42,134880.05,23.43,19,33,1
33450.42,36,6.65,415.23,240016.45,34.11,14,15,1
4265.24,36,8.1,682.78,134811.06,9.68,10,12,0
31152.41,60,9.57,1281.88,55400.55,8.17,10,32,1
4897.54,36,15.18,657.04,135468.5,21.2,10,41,1
35366.38,36,20.82,952.36,219781.27,14.22,15,46,1
12863.98,36,6.43,611.84,200708.66,33.04,23,39,0
26521.34,60,17.74,1214.41,119832.23,5.36,5,30,1
20012.59,36,7.99,324.42,68884.97,36.58,12,31,1
15285.82,36,24.43,902.84,153657.51,32.43,13,45,1
26172.23,60,22.98,879.5,234181.83,,6,19,1
37953.4,36,23.99,622.77,60823.21,11.14,17,24,1
2609.52,60,7.12,1066.54,210219.25,36.54,16,14,1
36835.26,60,14.76,71.86,53884.66,34.21,9,9,1
24754.18,60,8.3,1267.0,231508.2,19.72,11,31,1
32485.26,60,17.01,541.51,179448.92,21.89,16,30,1
15971.12,60,9.65,1195.74,45111.72,3.23,15,19,1
19401.88,36,20.41,478.44,66557.71,31.99,2,29,1
34885.18,36,17.88,306.22,233192.0,3.05,9,48,1
17179.07,60,16.43,602.55,,25.76,10,22,1
21851.72,36,21.5,1202.13,124302.88,4.56,14,27,1
1787.6,36,15.01,1064.17,33402.55,17.35,22,41,1
7185.32,60,10.4,619.52,39329.15,14.4,21,35,1
26025.77,60,17.41,1408.67,179079.18,16.59,10,5,0
28962.1,36,24.14,630.9,198694.79,23.1,14,31,1
23721.44,36,17.02,545.61,219411.5,5.62,2,19,1
6589.09,60,17.59,242.74,135646.27,8.92,23,5,0
18370.81,36,23.7,133.31,95571.93,4.22,11,18,1
14848.7,60,15.31,544.36,163870.2,26.12,16,42,0
20330.79,60,24.93,165.24,162342.43,2.12,23,37,1
34942.83,60,8.19,710.07,27973.27,26.34,20,6,1
31258.6,36,15.74,1294.21,235924.64,38.92,15,40,1
4275.59,60,9.26,729.89,167788.86,35.57,13,45,1
35722.06,60,14.07,736.45,21487.77,13.05,17,24,0
19398.92,60,8.41,402.56,,8.59,22,23,1
30010.62,60,9.45,274.45,239109.72,38.41,8,15,1
6461.53,60,9.22,356.82,237561.54,17.75,22,5,1
27158.06,36,11.4,864.94,224446.72,14.1,24,19,1
10216.71,36,7.69,899.94,62466.29,5.04,11,6,1
18096.85,36,21.19,353.68,244749.77,6.66,3,6,0
1657.65,60,9.41,616.41,195244.46,29.67,12,10,1
6912.81,36,13.33,865.96,167374.12,8.06,9,36,1
4591.14,60,5.32,1147.88,236814.24,7.16,8,13,0
10350.02,36,7.1,500.06,107650.07,12.89,19,22,1
4900.71,36,22.93,428.89,234214.87,36.53,7,9,1
27984.49,60,21.74,1103.79,159307.44,23.57,13,26,1
2132.56,36,21.82,785.3,153238.39,31.0,3,12,1
25091.88,36,13.23,1289.42,168568.83,28.76,17,18,1
6487.61,36,7.83,340.17,193456.88,38.0,19,7,1
37861.3,60,7.16,1163.29,122331.62,27.62,2,29,1
37390.67,36,17.11,268.19,245538.99,5.01,11,29,1
9794.62,60,21.56,889.61,40359.32,8.08,10,9,1
24962.43,60,23.0,446.94,230179.53,28.11,7,33,1
2092.21,60,10.77,178.6,171207.31,8.6,7,27,1
37339.75,36,11.42,936.64,229280.79,33.07,23,37,1
21396.51,36,7.02,774.99,104814.81,35.19,18,17,1
2685.7,60,20.49,744.39,210669.71,16.58,14,40,1
14357.5,60,10.51,901.0,161677.26,15.29,17,15,0
3997.13,36,14.62,577.48,211155.04,4.83,5,21,0
16324.83,36,23.58,1015.15,94755.15,37.51,18,37,1
27127.13,36,20.04,222.34,230979.27,19.48,18,47,1
19325.71,36,6.05,1081.01,232575.4,28.32,2,49,1
15965.16,60,5.16,882.33,129209.36,6.31,8,31,1
5647.12,36,20.75,745.11,112072.42,21.58,23,9,1
10552.62,60,16.05,217.65,152294.64,31.09,24,38,1
4905.59,60,19.41,439.05,66042.41,23.92,24,9,1
32492.45,36,8.14,464.09,134128.21,15.19,22,20,1
6274.35,36,22.44,373.7,226268.78,24.6,16,11,1
24219.56,36,20.47,1432.64,103990.48,39.82,16,5,1
14366.88,36,22.82,1375.99,189291.22,27.31,24,30,0
9813.16,36,11.82,832.82,163318.23,20.12,3,18,1
25939.27,36,10.51,332.34,80119.73,34.22,2,45,1
18823.09,36,8.03,1369.37,142306.04,18.83,11,41,0
16605.67,60,23.6,1131.63,216095.97,18.09,22,44,1
24121.23,60,8.54,86.99,147631.34,22.3,18,9,1
20159.44,36,7.39,751.35,180274.21,12.81,24,41,1
12835.88,60,8.85,919.27,198339.52,2.86,19,25,1
22803.39,60,20.43,127.72,31361.91,15.08,17,38,1
27110.44,36,22.79,103.25,31788.51,29.21,6,37,1
2041.03,60,21.22,711.38,,19.5,13,27,1
19169.0,36,16.26,32.87,57490.08,34.19,17,10,1
3249.65,36,24.88,98.85,,7.29,20,30,0
8269.81,60,6.38,272.75,120184.79,8.88,14,37,1
22859.84,36,22.34,1367.66,62610.43,25.77,18,17,1
34781.37,36,13.55,1156.44,142314.51,32.74,11,47,1
35429.42,36,14.1,692.13,195568.25,27.82,20,27,1
3727.82,60,7.55,734.43,52214.65,17.76,21,39,1
17345.1,60,5.67,1038.46,99212.59,35.33,21,46,1
23737.25,36,11.33,727.35,64705.07,27.02,24,38,1
6735.73,36,8.5,123.97,168666.23,33.39,7,25,1
30851.86,60,14.67,1115.94,51472.03,36.15,2,8,0
30025.18,60,7.95,114.89,199652.0,21.2,6,26,1
36230.3,36,7.76,744.56,67799.29,23.53,22,24,1
1330.95,60,22.54,1296.71,33478.46,26.68,11,22,0
9450.69,36,23.43,202.55,229499.78,38.89,21,11,1
33260.28,60,24.28,1068.74,96638.83,32.24,19,22,1
27152.62,60,18.61,98.1,135631.44,1.4,2,35,1
35881.2,60,20.42,1489.8,43228.2,17.17,15,8,1
3230.01,60,21.72,1032.67,130276.18,34.75,7,13,1
24281.59,36,18.18,1454.41,71189.44,1.45,13,36,0
23192.82,36,11.6,1012.29,,25.21,21,11,0
2391.3,60,8.13,386.16,184163.52,37.8,14,48,1
21027.36,36,9.75,1391.76,172560.38,12.48,4,44,0
24771.29,36,21.81,951.21,199690.11,28.89,5,22,1
8460.43,60,18.92,876.63,87555.18,12.46,19,36,0
11659.85,60,14.12,660.79,124339.22,25.6,12,18,1
25973.55,36,5.59,448.35,39911.25,37.46,19,30,1
19263.74,60,10.32,809.2,35590.42,14.76,8,49,1
34462.53,36,19.58,568.1,95691.05,38.41,6,6,0
14352.89,60,15.25,1285.42,209231.4,15.29,18,38,1
11399.73,36,13.71,72.33,157462.96,15.67,5,46,1
39409.77,60,11.27,809.23,117637.35,30.57,4,23,1
36534.3,60,17.14,1259.75,242407.75,14.43,18,46,1
2130.72,36,24.33,70.58,121698.98,13.11,22,38,1
31058.42,60,23.02,444.98,127842.23,7.42,4,42,1
5303.06,36,5.61,105.74,248281.83,3.56,5,42,1
2071.92,36,14.62,904.66,50213.42,33.51,20,36,1
11674.13,60,11.59,495.6,78791.2,19.04,19,28,1
11504.49,60,15.21,1440.8,124260.58,26.04,6,29,1
32953.43,60,17.12,935.95,151397.19,19.12,14,29,1
28716.02,60,9.0,855.85,54058.97,14.97,4,43,1
39282.77,36,20.63,1378.34,95629.19,16.34,8,33,1
28749.0,36,14.5,358.66,70660.68,3.18,20,37,1
17311.97,60,24.84,856.5,215476.09,26.96,6,26,1
28258.18,36,5.5,827.89,211962.58,20.49,16,31,1
39978.9,60,8.79,150.71,75162.56,2.65,18,31,1
28695.53,36,18.79,1400.13,120033.03,25.14,20,38,1
30705.57,60,18.9,1059.35,169877.76,8.39,16,33,1
37596.24,60,16.64,1335.52,31077.53,5.54,12,45,1
5432.4,36,24.44,1474.33,223229.87,39.08,17,22,0
28486.59,60,13.31,735.09,137535.45,3.16,18,14,1
34181.43,36,13.34,1211.38,72103.95,29.2,23,41,1
38220.77,60,23.21,879.01,111253.65,27.88,24,41,1
9227.8,36,15.77,1466.37,227384.2,20.87,18,9,1
20653.23,36,12.07,393.42,25700.13,3.42,23,20,1
27541.64,36,19.38,50.31,52841.83,11.69,16,41,1
10651.24,36,17.39,303.34,64329.93,6.45,4,33,1
24418.44,60,11.13,218.19,33825.82,39.34,13,36,0
11045.57,60,10.96,672.32,71808.83,3.96,14,49,1
14004.82,60,12.91,143.79,207945.87,0.5,20,32,0
18219.23,36,6.43,353.69,141227.65,8.75,20,38,1
21638.41,60,23.85,171.51,159249.55,31.39,21,31,1
18525.27,60,8.66,745.53,55853.56,33.76,21,44,1
20234.63,60,8.88,422.16,84012.5,28.06,10,37,1
12644.96,60,17.94,722.38,231022.29,17.33,22,8,0
7199.64,36,19.48,160.67,68401.21,31.64,5,23,1
2846.65,60,19.74,789.8,228551.03,27.08,16,26,1
8643.17,60,12.5,221.2,172539.15,39.75,10,27,0
23695.8,36,22.47,176.04,135637.72,17.57,11,28,1
31658.5,60,15.88,485.73,60008.34,7.51,17,40,1
7600.66,36,13.77,1315.39,174928.09,2.66,5,7,1
5233.66,60,21.21,1189.13,223871.38,24.96,2,9,0
30222.32,36,9.87,1439.95,56749.6,37.38,24,34,1
12901.17,36,22.2,706.49,21421.23,31.44,11,13,1
38108.48,60,15.78,489.29,190214.06,29.29,14,18,1
28858.4,60,23.0,1457.23,158105.98,20.7,5,5,1
13743.49,60,9.03,591.2,135710.11,7.21,5,37,0
12292.17,60,23.72,43.38,124890.55,10.97,15,15,0
21424.24,60,18.76,1235.56,134447.19,11.28,15,24,1
4086.64,60,17.37,278.74,106154.13,26.6,18,19,0
5589.38,36,13.44,1085.33,38936.3,34.25,16,38,1
7858.46,36,24.13,52.23,198416.51,5.48,7,31,1
31214.22,36,13.88,193.16,127601.8,1.33,3,23,1
21040.44,36,14.97,740.84,209739.5,20.46,2,39,1
1412.12,60,20.63,129.81,245910.77,35.91,24,24,1
27267.14,36,10.7,1336.29,59502.51,38.45,12,31,1
17523.92,36,10.83,1132.31,202501.28,19.14,9,12,1
20923.24,36,20.51,512.43,,9.99,6,44,1
9350.53,60,7.57,908.36,186620.51,30.68,15,46,1
22519.51,60,21.46,1081.82,76572.85,6.77,2,42,1
39186.98,60,17.5,1140.44,226191.73,32.96,18,12,1
3864.34,36,15.78,611.64,202441.24,34.77,22,35,1
12072.78,60,9.58,1351.24,123341.17,12.45,2,17,1
10476.91,36,20.73,1414.42,151690.56,7.34,10,26,1
10693.42,36,21.1,317.7,186042.1,4.45,11,28,1
15769.55,36,14.66,1369.52,48639.76,24.39,10,36,0
32906.28,60,12.78,1077.64,233206.31,39.27,10,44,1
36601.49,60,9.92,1335.56,,17.89,24,11,1
8886.39,60,20.08,654.39,96022.47,10.54,11,18,1
22175.05,36,17.79,1001.96,184469.54,33.1,24,22,1
25839.06,60,9.13,376.01,116900.09,28.53,12,19,1
21351.27,60,20.89,1134.12,26379.08,2.95,12,31,1
17928.98,60,22.64,885.15,240504.88,10.42,18,41,1
8487.04,36,6.18,736.99,52734.0,14.93,22,5,1
20040.56,36,20.45,1048.24,37237.01,8.66,20,19,1
16647.38,36,22.06,841.95,212553.51,35.32,2,26,1
32026.97,36,24.83,1155.07,27789.53,7.48,10,14,1
30780.57,60,9.75,1291.9,178214.02,31.72,20,30,1
6225.95,60,12.42,1206.89,233917.49,29.66,24,28,1
4452.24,36,24.32,482.03,113422.92,0.49,5,19,1
36418.0,60,6.88,1464.9,35720.84,11.16,11,49,1
21884.83,36,15.47,985.12,70207.27,20.43,24,19,1
34454.24,60,15.13,505.5,238114.55,8.77,9,18,1
3267.89,60,17.13,92.59,127038.79,32.72,3,14,1
21534.11,60,11.62,1482.5,144512.8,5.38,19,37,1
22037.63,36,23.52,910.56,55894.05,6.66,2,49,1
34567.38,60,10.4,364.48,231143.89,23.54,24,30,1
4806.79,60,17.99,751.95,138939.98,0.94,19,21,1
10377.38,60,14.92,614.38,141637.95,39.72,4,20,1
16854.99,60,10.33,1428.51,152490.87,21.21,23,21,1
34767.82,36,8.78,754.21,196496.27,26.06,19,15,0
37616.45,36,24.13,742.46,66679.19,10.11,17,34,1
39716.26,36,16.23,1198.06,236735.8,38.18,10,16,0
38408.55,60,17.08,604.64,60343.16,13.37,2,18,1
1231.73,60,20.66,318.88,65405.45,5.11,17,20,1
2860.63,60,6.62,1159.55,22853.88,18.2,8,20,1
6756.67,36,19.28,1367.86,24527.37,5.09,20,15,1
14605.62,36,8.3,97.22,118633.58,38.49,5,38,1
33366.8,60,19.81,1294.05,62083.5,20.2,6,7,1
35813.59,36,7.83,673.66,68737.41,24.01,21,41,0
8286.54,36,21.65,455.03,247223.52,19.38,2,36,1
25166.9,60,18.62,87.6,233742.23,9.31,10,27,1
36777.12,36,12.72,332.12,94164.3,6.81,16,21,0
19085.54,60,12.18,519.32,98926.29,38.62,13,46,1
5038.2,36,7.98,133.91,87182.63,12.69,19,16,1
18854.73,36,23.08,307.52,222913.15,2.33,11,39,0
15656.0,36,7.37,1113.16,42605.76,20.19,17,34,1
23528.66,36,14.44,1039.69,154339.79,9.76,10,36,1
18107.69,60,9.73,1161.66,62849.58,28.26,7,6,1
1676.49,60,24.93,272.93,194375.21,15.12,19,38,1
39765.91,36,16.72,93.25,165212.74,37.34,9,24,1
22198.07,60,7.99,718.83,109204.03,17.42,11,13,1
19471.6,36,18.35,533.89,42565.08,27.05,14,45,0
38230.08,60,24.83,1171.8,196504.02,33.97,2,39,0
7078.55,36,17.1,822.08,37718.35,34.54,17,26,1
8380.27,60,14.15,1398.84,82960.8,22.15,11,34,1
32512.58,36,10.87,119.97,78338.4,32.14,14,32,0
11172.41,36,6.84,564.6,153060.74,9.91,4,8,1
32169.86,60,9.56,625.7,138158.6,24.09,22,49,1
11589.81,36,16.07,215.06,84340.84,1.33,2,46,1
2294.32,36,20.08,887.03,118986.29,13.35,23,32,1
21163.57,36,22.56,89.1,120364.32,13.83,15,38,1
8670.77,36,20.87,1077.71,151918.69,34.95,19,23,0
30556.01,60,7.51,85.04,226594.91,18.94,16,37,1
26006.79,60,20.47,1314.0,52644.48,29.63,7,40,0
37020.5,36,16.63,125.59,148270.24,18.85,16,23,0
31536.55,36,14.38,700.83,24227.22,12.56,15,26,1
8050.26,60,16.46,258.42,180590.75,37.58,9,41,0
32206.17,60,5.16,225.69,167290.6,24.98,12,36,0
26027.74,36,6.35,1090.19,179623.61,25.64,15,27,1
27089.11,36,15.52,1168.15,129236.84,19.65,22,33,1
33458.25,60,8.47,1116.62,62977.43,7.43,8,34,0
23379.14,36,15.91,623.87,123058.64,33.4,24,18,1
19174.14,60,12.08,1486.46,25427.55,29.54,5,31,1
25829.0,60,23.15,529.75,,15.27,16,27,1
12620.34,60,23.99,390.56,212872.28,37.48,8,5,1
8121.29,36,24.6,1494.86,97874.89,13.76,5,39,0
25046.93,60,22.98,1466.6,156103.47,1.56,16,36,1
10120.09,60,24.72,900.0,80056.47,10.44,5,40,0
4116.69,36,19.12,337.29,50870.06,14.75,11,17,0
1021.61,60,24.21,380.59,139812.18,32.81,13,33,1
24724.46,60,17.84,795.7,28225.76,31.51,2,20,1
15123.8,60,21.18,1170.87,228030.43,17.3,16,24,1
30340.13,60,7.64,143.86,198751.85,28.04,17,45,1
15631.88,60,18.65,1040.88,249521.39,9.13,2,43,1
19954.13,60,23.62,181.57,248432.5,35.63,2,44,1
16876.31,36,15.8,1270.84,187666.79,2.45,14,44,0
26372.42,36,8.74,812.21,198638.92,15.95,22,41,1
14889.43,36,15.54,1484.85,141461.05,32.37,16,31,1
38586.94,60,19.14,1136.88,70265.0,20.43,21,36,1
37509.73,60,20.4,760.93,205933.84,32.55,4,15,0
34073.09,60,15.47,237.53,82029.53,6.65,7,24,1
36891.71,36,9.35,827.32,169496.56,10.08,8,27,1
18516.45,36,23.53,198.23,188101.69,15.96,19,38,0
21920.79,60,20.47,1360.59,149787.01,34.37,19,24,0
29941.61,36,10.41,368.2,172427.33,38.29,6,11,1
28149.69,36,21.24,1302.09,87369.62,2.27,6,11,1
35736.47,60,11.96,476.74,194918.57,37.62,8,22,1
28936.91,36,11.25,356.19,237016.06,27.93,22,44,1
39917.5,36,22.26,477.23,131321.3,,7,20,1
14591.73,36,22.46,1070.1,47824.84,9.75,10,31,1
33486.91,36,12.97,802.07,162535.21,11.35,10,15,1
28207.76,60,5.18,187.98,98524.97,26.57,16,33,1
27964.07,60,8.73,231.48,116394.28,16.82,10,44,0
13707.59,36,23.19,586.44,54873.79,1.25,7,7,0
31638.47,36,22.97,527.66,163931.16,38.64,14,47,0
36114.66,36,14.07,1282.05,201067.43,26.63,13,10,1
9523.39,36,11.08,871.21,196281.19,31.56,16,25,1
25394.38,60,11.05,304.47,248592.8,25.73,20,37,1
16293.26,60,22.94,71.66,68805.27,28.56,23,34,0
39592.38,36,11.49,180.47,230252.75,1.57,12,21,1
19674.48,36,15.23,1059.61,188502.29,15.57,15,44,1
9904.49,36,19.62,1275.23,182721.67,37.42,3,41,1
15892.45,36,9.19,1180.33,177264.44,38.28,19,24,1
26499.7,60,10.08,1191.12,143823.85,36.78,14,23,0
3967.49,36,12.16,413.61,107089.43,39.95,18,42,1
24540.47,36,18.08,1483.96,236969.51,2.82,4,18,1
37317.77,60,21.35,157.02,54749.99,2.55,18,6,1
34164.15,36,15.93,1237.01,60475.88,37.31,2,11,0
3639.27,60,7.66,172.32,23844.37,1.22,24,15,1
39742.21,60,13.92,423.27,190058.56,35.41,3,5,1
28250.35,36,7.55,758.26,225616.57,35.03,19,11,1
7328.95,60,6.77,108.41,62790.24,21.65,3,32,1
1484.23,36,16.79,609.43,27916.6,35.21,3,37,1
7680.02,36,24.12,544.67,76143.91,27.51,7,19,1
33688.86,60,21.75,981.34,223243.69,6.86,23,13,1
1843.93,60,20.49,1085.48,23722.15,33.76,11,33,1
10092.74,60,19.54,163.03,43266.01,16.04,19,18,1
30534.92,36,22.94,85.96,25747.34,8.69,5,30,1
23858.31,36,20.06,1170.56,236924.51,39.09,7,25,1
31526.69,36,17.54,806.15,51165.72,27.39,23,34,1
30099.87,36,12.29,815.92,227096.2,7.41,23,43,1
2973.45,36,7.02,1471.65,128890.88,34.82,21,23,1
35807.95,60,14.22,673.48,110817.37,32.99,11,39,1
9854.24,60,23.5,318.4,118097.79,4.12,24,33,1
22582.31,60,16.66,1030.54,116293.92,5.07,18,38,1
26127.24,36,8.69,1229.05,98598.18,8.95,17,33,1
7576.5,36,17.98,768.47,206483.84,35.99,4,10,1
39073.02,36,14.31,1046.97,136839.01,29.01,2,13,1
20038.08,36,23.63,785.48,247925.57,36.06,21,12,1
3248.07,36,8.22,628.81,139087.45,33.79,21,20,1
37553.22,60,19.24,80.39,208249.09,21.32,16,38,1
23864.45,36,18.63,285.4,191372.29,2.04,19,10,1
28268.53,60,24.67,735.26,112253.61,28.84,17,46,1
21481.86,36,16.3,612.9,201386.14,24.68,17,15,1
33554.78,60,22.43,1269.04,55642.61,9.29,12,44,1
2292.21,36,5.49,189.42,66768.65,36.98,16,5,1
11466.76,36,7.46,103.69,162342.29,27.48,19,10,1
19316.29,60,11.92,158.09,183659.71,32.1,22,39,1
3987.54,36,17.39,1026.8,168080.63,31.04,17,28,0
28530.36,36,13.98,903.88,137172.07,5.08,15,21,0
16352.87,36,9.05,959.36,51649.68,11.18,6,24,1
11634.05,60,16.78,260.67,105734.85,30.46,15,29,0
1131.78,60,16.33,789.04,159124.95,23.34,7,27,1
29073.38,36,15.49,1158.47,71996.13,5.0,20,23,1
33518.56,60,6.81,1035.3,166702.28,16.94,24,17,1
16406.58,60,23.54,674.87,73884.58,9.57,17,18,0
23004.5,60,16.85,182.15,42507.44,29.89,6,13,1
9879.78,60,10.28,1309.86,94597.81,5.5,15,34,1
25265.71,60,18.75,803.52,82733.34,24.53,7,15,1
1473.36,36,11.36,1337.8,206402.55,1.12,16,10,1
20057.11,36,15.12,674.89,131231.18,27.64,13,47,1
26124.01,36,11.82,378.41,34729.68,3.57,7,8,0
36809.48,60,22.61,481.9,207580.41,5.14,8,25,0
15872.1,60,24.88,644.68,81798.3,19.18,8,22,0
30842.42,60,8.22,932.91,150611.06,0.43,21,22,1
24309.79,36,5.47,1160.3,144550.65,39.12,18,17,1
37153.47,36,9.39,386.68,243465.15,10.81,18,10,1
16536.73,36,16.8,305.95,78635.11,0.19,2,25,1
13444.72,36,8.48,327.91,53392.43,34.57,20,6,1
35598.54,36,21.23,1403.71,79437.41,2.66,14,25,1
2920.53,36,13.17,271.0,152586.14,34.98,3,16,0
6319.03,36,17.21,538.24,70034.94,31.95,16,44,1
4213.77,36,14.11,744.23,98308.24,4.84,13,22,1
33881.29,60,23.07,847.62,171352.62,4.52,14,5,1
1413.69,60,5.7,1291.39,46790.39,29.7,6,19,1
34604.63,60,19.59,195.94,237419.98,31.41,22,27,1
18599.44,36,18.04,188.78,142441.03,15.03,6,29,1
1156.99,36,17.99,495.12,131227.25,35.06,4,24,1
16664.16,36,13.28,637.41,103500.24,,5,19,1
8285.23,60,5.31,579.45,76502.89,24.43,14,7,1
25351.62,36,18.78,606.1,131182.17,16.62,11,47,1
27494.99,60,21.59,1281.64,131842.65,13.35,22,45,0
20013.58,60,6.7,1259.9,32908.06,21.5,16,11,1
2580.26,36,13.83,1214.09,214899.05,12.11,20,47,1
26589.02,60,8.25,1140.26,208775.39,8.91,23,5,0
33839.51,36,17.22,89.37,122995.52,21.62,9,17,1
29092.65,60,20.71,249.6,97453.91,21.1,23,17,1
33368.36,36,18.33,1106.32,134754.36,,24,20,1
8819.87,36,11.36,904.42,70929.92,26.02,15,40,1
35666.63,36,7.79,1020.7,20193.75,13.38,4,42,0
13565.54,60,20.89,1083.89,101489.43,27.5,19,31,1
1522.79,36,11.48,1369.71,24141.2,4.67,3,26,1
33892.27,36,5.44,963.66,29361.57,7.26,2,12,1
37731.03,36,16.43,435.08,26778.13,23.45,8,20,1
26566.77,36,9.93,152.03,222413.61,22.28,2,36,0
10026.03,36,21.82,665.16,53029.63,21.21,2,20,1
10818.03,60,7.87,1073.48,78497.82,25.37,18,41,1
19197.12,60,13.7,444.4,132761.12,6.17,14,10,1
36015.41,60,10.06,206.52,141741.48,32.05,2,29,1
6834.31,36,18.79,1498.15,48075.75,35.02,7,46,1
33212.97,36,15.97,645.75,229188.1,20.84,20,27,1
12360.81,36,20.82,347.98,73148.85,27.39,19,23,1
32534.86,60,14.17,271.9,236795.42,32.79,4,29,1
36890.58,60,5.1,1298.29,79081.43,26.01,12,5,1
17672.26,36,9.3,1234.82,20596.6,17.38,5,13,0
15236.98,60,24.98,931.58,243528.11,27.33,8,36,1
32286.63,60,13.11,834.36,131254.75,37.23,19,49,0
21649.83,36,17.4,1428.62,222112.59,11.46,3,21,0
27693.51,60,23.1,365.55,188898.88,32.05,8,17,1
25290.34,36,5.41,640.63,61174.31,39.9,3,28,0
6962.66,60,18.19,66.26,214411.81,30.52,4,34,1
33946.82,60,10.77,645.33,31748.02,12.43,18,47,1
8635.23,60,10.58,594.8,136738.38,4.88,5,44,1
37359.0,36,9.5,1425.76,78446.04,21.78,10,25,1
10772.28,60,21.45,556.6,103164.83,4.65,13,48,1
29621.36,36,12.46,1257.14,194116.52,18.47,7,40,0
12101.56,60,6.34,1156.89,177178.2,13.47,9,18,0
13393.63,36,6.94,246.49,121219.21,19.03,17,27,1
13090.07,36,7.97,1445.19,30561.23,12.59,8,20,1
30167.8,36,22.98,957.52,29180.62,33.8,9,28,1
22715.79,60,13.55,906.93,181507.04,17.48,2,18,1
35435.15,36,23.32,47.21,238230.8,4.19,18,37,1
12987.54,60,21.35,1057.84,214871.45,25.83,9,21,1
27987.71,36,21.76,111.77,48102.33,31.14,23,39,1
30365.0,36,10.74,302.51,47882.18,16.99,11,7,1
6907.8,36,10.43,174.97,160421.54,24.23,23,37,0
16622.98,36,16.2,585.96,171250.84,17.85,9,32,0
19829.88,60,13.36,1199.7,161792.5,8.04,21,32,1
14871.81,60,15.18,1069.85,223640.32,23.88,2,9,1
13562.39,36,6.06,186.84,73131.07,28.05,8,12,1
27770.38,60,24.43,1203.74,59627.74,9.97,19,49,1
9418.79,60,6.16,707.45,230258.54,28.39,24,11,1
28666.24,36,8.58,77.97,186094.41,34.4,9,39,1
37466.72,60,18.56,359.02,183697.25,36.68,23,14,1
23042.7,60,8.11,1184.22,97137.14,6.9,15,22,1
24845.94,36,7.14,1107.95,164410.56,6.69,11,10,1
3688.38,60,8.07,306.88,187141.47,34.77,19,41,0
34714.6,36,6.24,85.86,158063.4,27.39,24,20,1
12132.46,60,10.03,463.95,189330.79,5.19,15,43,1
24987.0,36,10.42,1198.54,155711.59,19.8,11,35,0
39185.37,60,14.97,1409.43,245867.34,30.39,18,42,1
24224.6,60,13.77,872.14,133160.76,7.96,7,41,1
29263.67,60,14.47,163.92,22867.87,36.42,8,25,0
18367.47,60,17.32,768.07,57568.78,34.64,21,17,1
3354.27,60,9.62,1498.22,241756.42,23.74,24,38,1
32106.37,36,7.69,1409.84,127989.71,31.11,20,13,1
2364.95,60,22.58,1490.02,47719.93,5.95,11,38,1
28325.66,36,17.68,1058.14,55838.64,9.93,15,37,1
1893.94,36,6.21,656.35,26658.4,30.97,10,14,1
34629.9,60,24.22,1342.9,72058.09,17.78,18,34,1
7147.81,36,18.86,1345.92,246928.4,7.24,14,19,1
21056.59,60,8.03,242.22,95627.5,11.6,5,11,1
24288.88,60,24.38,1169.82,77557.98,24.89,9,45,1
18844.27,60,12.31,1381.38,173552.86,1.64,20,11,0
14289.78,60,24.69,1350.82,,5.93,23,19,1
19244.76,36,7.07,1069.05,242601.72,8.1,20,30,0
13145.21,60,8.2,819.92,187807.48,35.5,3,46,0
18086.77,60,18.15,1171.82,45292.35,35.51,13,23,0
14997.61,60,5.44,788.75,246687.55,8.5,21,49,1
23081.99,36,5.37,502.21,192554.57,23.93,24,23,1
10279.04,36,20.84,410.64,79619.79,14.41,24,42,1
39557.61,36,8.36,824.77,80075.07,2.01,24,43,1
20533.93,36,23.38,700.25,240799.36,6.14,17,22,1
8572.32,60,13.52,801.01,64306.4,0.21,14,5,0
19605.6,36,22.47,413.22,72345.14,39.37,21,10,0
34790.19,36,13.36,898.16,102554.2,25.99,2,46,0
1850.46,36,15.6,1003.25,176278.43,5.3,14,24,1
27502.61,36,11.33,1216.07,118836.53,29.34,16,35,0
22370.74,60,18.16,897.28,91590.76,24.49,4,49,1
7612.76,60,11.36,1141.42,81553.56,8.29,5,22,1
32881.58,36,9.46,279.0,48772.07,19.72,17,21,1
15386.5,36,6.62,207.96,145638.79,24.43,19,36,1
12458.28,60,6.15,294.07,,14.48,12,29,1
33296.88,60,11.12,1274.01,96241.11,38.35,9,46,0
25902.48,60,19.73,847.54,21793.14,3.79,9,18,0
36032.1,60,9.11,699.31,142185.14,5.04,18,9,1
25565.46,36,10.98,1150.37,180177.36,34.26,18,11,0
29891.89,36,23.1,212.39,233332.8,10.01,5,20,0
33621.39,60,17.78,39.13,65339.21,5.21,8,11,1
3134.85,36,23.39,487.12,231453.37,15.48,18,24,1
31265.91,36,23.22,395.87,103060.03,6.73,15,12,1
24934.55,36,6.27,481.78,204550.34,20.17,22,21,1
3710.8,60,24.1,1461.15,226264.47,29.35,9,13,1
20834.54,60,6.02,864.59,241113.84,30.22,6,46,1
4215.87,60,23.51,895.99,94852.09,12.13,23,19,1
29701.94,60,15.93,993.83,79904.34,27.6,18,15,0
22313.57,36,15.66,614.66,121099.79,38.62,21,17,1
38189.37,60,19.27,1469.09,147570.28,0.3,9,40,0
8142.28,60,22.58,1460.69,178849.24,25.86,7,28,1
24635.3,36,17.34,1160.79,179131.83,19.98,4,9,0
9251.7,60,13.51,341.19,46829.41,15.77,19,32,0
24948.53,36,7.24,1323.89,160718.04,8.37,4,27,0
29183.34,60,20.78,178.35,58609.8,4.96,10,6,1
29169.87,36,7.57,955.95,183614.69,36.84,14,37,1
32787.89,36,19.53,702.11,244613.54,1.22,21,17,1
34288.46,36,15.56,87.65,197306.96,18.8,16,18,1
4013.6,36,12.72,1358.74,179789.08,8.19,21,27,1
14387.42,60,17.26,1442.81,37821.46,5.89,12,28,0
27797.78,36,20.45,1363.87,62465.6,14.1,3,12,1
20444.87,36,23.82,312.93,101705.34,12.64,17,5,1
8436.36,60,10.29,519.48,234699.85,18.47,24,8,1
22555.67,36,23.94,1434.93,96105.09,19.73,18,27,1
16889.99,36,24.22,186.44,207167.5,20.17,22,18,1
16211.49,60,21.27,887.46,43862.81,5.28,19,30,1
32580.39,60,22.63,743.72,172260.51,6.83,24,48,1
16896.34,60,18.85,253.29,199195.04,12.97,13,24,1
2031.73,36,5.78,1333.27,144872.01,3.23,12,21,1
3264.47,36,16.5,227.21,,33.33,5,34,1
34393.52,60,19.94,901.28,186443.0,3.91,14,43,1
38463.43,60,23.83,497.73,129705.57,9.13,12,19,1
27847.96,60,16.41,644.43,219069.39,25.49,15,33,1
15210.36,36,20.88,340.7,98574.74,37.21,20,10,1
37605.41,36,19.1,948.26,117844.05,5.39,23,44,1
26849.32,60,10.62,1483.36,144168.03,17.56,23,44,1
33929.01,36,8.09,1255.31,50060.69,11.88,20,22,0
30868.24,36,20.02,1034.31,138523.07,19.2,20,36,1
15786.43,36,9.68,1141.88,94546.69,17.53,22,24,1
19669.39,60,9.89,1263.75,79033.08,23.1,11,5,1
8259.15,60,17.88,724.64,152672.05,1.71,4,48,1
12388.55,36,20.78,863.55,95808.69,33.16,18,33,1
31346.9,60,16.65,1346.36,216766.77,1.32,21,9,1
35865.16,36,22.7,1053.04,114295.25,22.9,20,40,1
29253.96,36,9.23,229.95,114998.65,32.56,12,8,0
19141.77,60,10.05,1175.92,,4.61,23,41,1
4373.86,60,17.74,63.38,98551.2,27.27,6,35,1
3220.97,60,21.59,1275.86,50241.77,8.42,3,42,1
15598.7,36,15.79,1188.8,221614.15,7.95,19,26,1
19089.05,60,5.21,1251.2,230909.62,1.78,11,6,1
24755.7,36,18.54,64.68,72083.51,14.73,3,39,1
1253.09,36,21.27,1459.5,222877.72,35.71,19,23,1
39599.19,36,10.53,932.77,133748.07,28.17,18,15,1
15193.62,36,6.08,1206.07,29989.28,22.75,7,29,1
34075.69,36,15.36,862.84,146231.14,32.74,22,46,1
21863.7,60,5.84,529.43,215217.8,33.42,20,46,0
6087.14,36,13.32,465.34,111229.37,,5,5,1
32105.06,36,5.36,132.8,146730.01,12.41,3,36,1
28683.26,60,9.5,827.5,52341.29,35.22,6,11,1
21570.01,36,12.78,241.08,213705.3,13.99,22,16,0
21067.57,60,7.23,864.25,44584.76,6.92,13,39,1
4411.7,36,7.28,948.63,41718.68,22.37,21,6,1
26578.11,60,21.54,679.86,234718.43,3.38,19,38,1
36538.56,60,5.83,259.8,220898.77,8.44,6,22,1
4636.55,60,18.78,666.08,152221.21,33.9,2,44,1
11276.95,60,21.29,1321.65,44415.4,16.69,23,13,1
36190.01,60,7.61,703.33,145576.81,19.54,5,7,1
12089.41,36,8.91,533.81,231724.81,21.55,17,31,1
26503.8,60,17.83,955.75,160841.63,19.72,7,33,0
21857.91,60,11.31,939.73,65594.77,8.72,7,18,1
24256.78,60,14.53,163.21,228341.07,36.64,23,12,0
17215.77,36,21.72,377.64,219054.94,27.17,13,45,1
12699.67,60,7.76,756.77,145715.11,26.04,14,36,1
2892.8,36,17.39,568.51,216015.95,33.47,8,28,1
30026.96,36,23.85,500.34,32963.29,27.06,17,30,1
30097.65,60,6.15,685.2,126071.69,4.84,2,15,0
27158.3,36,6.2,456.76,60960.5,13.58,11,9,0
26101.72,36,16.09,540.78,212634.43,14.94,11,38,0
10504.97,36,24.2,1167.24,243373.99,26.89,24,43,1
1871.45,36,9.41,780.04,234060.84,28.21,7,12,1
32539.9,36,11.62,1313.1,135770.14,22.26,10,49,1
20154.4,60,6.97,1424.38,137529.36,15.99,3,19,1
12966.69,36,12.24,1385.45,228892.59,35.05,8,19,1
4975.34,36,5.89,402.96,186001.74,22.2,3,40,0
3446.14,36,12.78,725.14,37159.19,32.95,13,29,1
14605.8,36,16.11,816.53,49518.26,37.08,12,45,1
32384.75,36,24.5,1282.72,238896.17,16.91,24,41,0
36830.23,60,21.37,851.76,104154.56,11.63,14,46,1
35973.3,36,21.44,401.49,63092.7,14.88,21,25,1
36880.03,36,9.56,834.88,189173.01,3.31,17,10,1
36401.29,36,6.74,95.1,222328.32,14.02,14,37,1
21561.77,60,17.06,1256.18,67507.61,20.25,12,22,1
9557.21,60,15.42,862.02,77830.29,8.23,9,11,1
32123.82,60,15.33,988.02,226986.41,7.12,6,31,1
9334.81,36,7.18,325.38,23029.4,12.68,18,28,1
11421.08,36,14.88,850.46,228828.55,4.03,21,40,0
10096.92,36,8.01,810.04,29030.32,19.72,21,44,1
21084.31,36,13.44,940.86,41942.71,25.42,12,22,1
13551.27,36,6.24,1275.71,218323.33,23.53,16,27,1
7012.09,36,22.14,1153.87,77136.54,11.21,15,6,1
18673.76,36,5.26,833.91,71679.84,34.43,18,11,1
35082.38,36,23.79,1343.3,214149.56,4.39,11,41,1
23251.56,36,22.26,556.87,144704.55,0.06,20,24,0
35255.09,36,20.05,754.05,100642.37,5.38,14,42,1
8639.02,36,24.65,984.67,184273.41,28.96,12,14,1
7511.98,60,6.08,677.93,206241.51,31.55,15,5,1
23447.51,60,17.83,561.28,218436.79,30.66,23,13,0
19069.83,60,21.99,195.22,47450.96,12.97,10,39,1
26746.73,60,7.53,964.77,153985.35,34.99,23,45,1
31990.44,36,16.7,313.13,175990.37,35.58,14,46,1
30300.98,60,12.88,233.23,46789.11,32.8,3,5,1
37748.19,60,13.72,297.76,160328.91,29.48,19,37,1
16532.0,60,23.25,1042.07,27345.84,33.64,18,40,1
9049.08,60,15.77,233.39,98561.27,26.33,5,45,1
22485.59,60,6.87,1465.07,59563.68,38.57,12,38,0
5318.98,36,23.74,1145.06,149077.49,25.2,18,44,1
12265.19,60,8.7,607.32,63951.35,6.61,8,11,1
9107.63,60,22.85,902.13,201503.12,7.3,9,27,1
16465.98,36,24.42,41.21,47863.6,17.23,14,22,1
5337.45,60,22.56,1271.46,194300.67,28.78,24,5,1
2241.83,36,18.54,428.68,42749.0,5.62,19,15,0
26614.97,36,19.87,135.67,121750.61,7.79,19,24,1
24799.71,36,19.0,1144.43,180662.88,3.09,4,24,1
28626.0,36,14.21,514.49,57137.64,6.7,15,36,1
26755.07,60,10.49,864.29,193039.13,8.8,19,36,0
5457.49,60,10.7,1270.73,239284.58,22.34,11,24,1
12352.08,36,19.62,1170.62,105882.3,15.54,19,31,1
6051.54,60,17.52,525.15,20041.47,3.75,5,45,1
33875.92,36,16.7,1306.98,,6.34,7,8,1
30129.24,60,18.05,601.61,227561.46,20.8,12,37,1
8859.55,60,20.5,765.04,172951.37,5.28,3,25,0
14311.06,36,19.97,930.31,181755.8,29.16,2,27,1
38697.98,60,7.11,134.34,202267.37,3.81,14,39,1
24172.21,36,12.26,907.83,228886.85,7.61,2,9,0
32245.07,36,10.28,878.8,48704.92,35.04,17,10,0
11319.05,60,15.76,1314.04,155748.19,21.34,18,36,1
9192.06,60,6.23,549.89,224638.38,39.57,24,10,0
31572.76,36,20.25,386.02,198454.48,6.1,6,46,1
27749.03,36,7.13,730.48,77256.62,3.1,7,30,1
27558.14,60,10.43,1040.38,221159.46,3.03,21,13,0
22552.75,60,20.65,855.98,87643.8,37.41,3,5,1
22979.56,60,6.03,233.16,,25.73,4,25,1
29692.2,60,18.2,541.4,62697.26,13.48,11,26,1
11530.1,36,23.49,123.77,223602.13,15.36,3,28,1
14757.97,60,17.35,1116.81,41393.35,28.01,24,41,0
34993.83,60,19.25,1327.93,248645.04,24.67,13,25,1
13045.74,36,20.85,97.14,95596.52,14.23,20,19,0
22306.07,60,9.44,802.38,183486.02,27.6,12,14,1
28402.94,36,16.62,861.99,49607.05,13.7,3,30,1
39997.07,36,11.18,675.08,132208.5,18.1,21,14,1
17976.36,60,9.99,769.02,29230.36,34.03,8,47,1
17695.62,60,8.85,1074.22,222031.9,4.73,22,30,1
33860.95,36,16.71,741.08,122678.75,17.3,18,11,1
32414.62,36,20.89,1381.89,190833.43,3.68,4,13,1
29511.96,60,22.52,825.08,225738.35,1.55,3,17,1
19065.96,36,13.57,135.54,35776.91,38.64,19,36,1
13633.63,36,12.46,1431.39,137631.47,22.5,8,40,1
24740.49,36,18.75,245.81,63594.46,39.08,15,28,1
35172.71,36,20.61,1183.16,35871.62,34.35,6,21,1
35467.32,36,10.07,804.55,163067.62,39.41,3,43,0
5231.44,36,10.95,1119.11,46242.26,37.38,20,6,0
17705.66,36,15.67,784.74,133145.08,35.17,3,36,1
19124.16,60,13.89,116.69,65291.24,28.97,6,10,1
39127.0,36,19.12,581.14,65475.92,29.39,6,48,1
27441.92,60,15.09,942.41,140288.68,37.71,6,30,1
16882.61,36,7.23,954.46,147739.63,39.08,20,46,0
2016.26,60,8.32,1460.38,20800.24,37.76,20,22,1
23050.02,36,23.04,921.3,135176.93,19.33,21,20,1
4746.96,60,9.55,451.07,174042.56,35.08,20,9,0
33543.55,60,6.0,93.84,176057.71,20.41,18,39,1
30348.23,60,19.63,1188.97,215472.43,22.57,14,37,1
18959.86,60,18.68,1337.26,225919.09,32.96,9,24,1
17739.22,36,17.0,932.05,163258.13,33.2,20,47,0
35996.22,36,15.05,739.09,130821.36,32.95,18,8,0
12249.88,36,24.39,1295.65,66944.52,33.14,17,38,0
10711.78,36,7.4,383.32,49155.09,17.08,13,38,0
37628.7,60,15.2,616.14,160092.92,21.22,18,11,0
32560.59,36,16.28,776.26,237714.12,10.11,4,38,1
33004.4,36,5.45,102.58,83989.43,18.54,19,36,1
8612.56,36,13.24,1042.21,42874.27,38.43,15,30,0
6588.54,36,20.66,307.18,117488.15,32.66,12,33,1
2015.15,60,14.42,519.74,20110.99,14.51,4,22,1
10244.62,36,22.51,639.3,147322.14,25.32,13,42,1
31193.43,36,17.9,968.61,31380.24,10.14,8,29,1
10361.5,60,20.32,126.26,234122.09,8.29,8,47,1
29435.03,60,21.09,531.07,220084.59,16.7,19,32,1
10824.42,36,18.79,433.31,46427.38,6.87,18,5,1
16416.41,60,19.99,32.23,53786.2,22.19,13,8,1
39343.33,36,18.91,1046.73,239292.92,16.99,24,20,0
10547.66,36,16.01,376.82,207117.12,5.53,8,11,0
15678.45,36,16.33,274.66,236665.65,28.02,3,18,1
12742.4,36,8.8,1203.01,96935.33,28.84,18,6,1
5275.37,60,21.55,87.62,45520.16,35.62,20,23,1
20105.87,60,11.24,1353.35,161538.98,28.48,4,17,1
15768.94,60,15.71,1039.75,242342.19,8.69,17,15,0
28100.6,60,9.99,282.47,49891.63,26.52,6,5,0
32886.19,36,18.92,544.65,208345.8,39.05,9,39,1
22225.74,60,24.5,1426.48,102710.96,34.1,15,24,1
2255.66,60,21.04,939.7,46566.92,17.36,15,33,1
25137.97,36,17.38,924.81,125578.56,27.84,18,44,1
3160.24,36,16.35,990.01,132408.68,0.65,4,36,1
25037.9,60,14.8,710.22,22089.19,8.76,16,38,1
27716.17,36,9.1,275.94,129123.5,15.96,23,17,1
8712.94,36,11.96,251.81,168919.96,16.43,13,43,1
32954.5,36,13.13,1040.35,195872.18,35.14,5,19,1
36532.32,60,23.89,1329.39,42668.22,39.56,13,48,0
32710.39,60,13.51,471.31,221603.7,18.19,3,32,0
12899.26,60,16.72,770.0,58581.55,15.61,4,17,1
23879.08,36,23.45,1488.59,171406.01,5.26,3,9,0
36677.79,60,15.37,408.03,147105.48,9.36,3,29,1
13505.92,36,10.03,603.61,222401.98,5.59,14,29,1
32981.09,60,12.62,564.38,28888.4,,14,45,1
1369.53,36,12.51,77.9,64059.4,29.89,11,45,1
1142.22,36,19.29,778.99,48052.12,0.88,21,40,1
30628.75,60,10.92,336.76,95336.77,34.86,13,34,1
30696.46,60,19.61,219.04,97935.15,28.91,4,48,1
31770.11,60,22.78,1074.31,40380.87,14.74,23,41,0
37271.05,60,11.72,1155.67,138294.74,21.01,18,13,1
5598.35,36,7.71,1336.67,46735.92,4.36,17,6,1
10047.41,60,17.77,1403.17,37100.57,31.16,7,12,1
36245.27,36,12.22,1307.53,27629.59,31.27,20,31,0
7912.21,36,15.68,210.07,233702.64,15.13,4,10,1
27606.94,60,17.68,358.73,111249.92,10.43,5,49,1
21688.06,36,13.15,210.04,85247.86,23.39,9,11,1
4244.55,60,23.49,549.68,130923.03,12.91,8,44,1
12125.28,60,12.99,212.39,56268.93,28.17,4,35,1
21294.52,60,11.15,990.32,113416.25,28.51,2,9,1
34241.65,36,22.71,1083.57,63825.5,39.14,23,6,0
28594.0,60,7.73,264.6,90010.33,14.11,17,40,1
25253.44,60,7.48,943.72,232569.64,2.23,15,44,1
20345.28,36,23.71,63.79,54200.78,35.4,2,46,1
12648.68,60,9.18,668.52,128984.32,0.38,17,26,0
5650.55,60,7.97,449.45,171997.61,17.9,6,30,1
16953.97,36,15.7,1497.79,231139.35,10.29,17,35,1
2112.22,60,5.94,1386.49,,16.41,5,42,1
9231.18,36,17.4,246.92,76869.54,6.98,7,40,1
17866.85,36,14.06,1378.54,236925.59,26.98,19,28,1
17325.6,36,17.81,645.62,96219.55,22.46,19,32,1
2727.52,36,10.68,877.67,225831.92,16.17,6,15,1
23973.35,36,23.11,814.63,41436.88,26.58,2,36,1
22437.69,36,10.41,1097.45,65620.62,3.34,13,36,1
4046.07,36,17.75,522.39,38169.46,34.32,20,21,1
37783.36,36,23.9,132.43,88776.19,18.17,15,27,1
4875.93,36,13.02,643.91,220986.18,24.63,7,24,1
34338.53,60,8.23,830.42,56632.06,11.07,16,22,1
1012.08,60,6.37,845.72,71714.69,38.88,17,17,1
35408.96,60,24.26,1195.12,69722.75,18.05,2,41,1
1769.07,36,20.27,95.01,83180.59,7.44,12,15,1
30554.67,36,23.38,1482.5,24296.58,6.36,19,46,1
15105.94,36,18.98,1486.13,117484.91,11.11,19,14,1
29790.46,60,11.85,175.55,244547.42,30.91,15,35,1
16668.06,60,7.46,535.71,123059.49,12.32,10,20,1
3765.41,60,23.59,897.76,207068.22,3.29,24,46,1
30932.76,36,14.79,578.79,151428.79,17.88,3,23,1
3778.85,36,12.93,746.81,23423.08,8.57,18,22,1
36962.7,60,16.56,509.11,154666.82,36.84,18,47,1
2987.99,60,7.13,1076.84,237698.12,14.92,22,45,1
19693.69,36,11.18,565.11,147307.43,12.61,9,36,0
29198.34,60,17.76,661.93,141424.57,17.93,22,31,1
16336.61,60,7.0,876.58,174151.86,1.15,3,39,1
9472.11,36,7.7,1454.73,220304.18,21.24,12,11,1
30604.55,60,15.21,973.45,149893.96,39.47,2,26,1
31587.49,36,17.47,172.47,113480.34,13.73,17,25,0
36985.1,36,8.74,498.78,28528.43,37.41,24,30,1
15670.44,36,5.66,646.98,45545.05,4.87,8,47,1
20743.82,60,24.17,1118.06,169205.91,23.6,23,42,1
15162.01,36,5.55,686.91,162355.87,6.78,23,14,1
11026.19,36,5.04,998.88,74976.31,35.17,18,30,1
30290.29,36,11.47,1264.06,185352.29,29.0,12,22,1
14246.42,60,9.45,183.38,84323.12,35.0,3,12,1
17697.83,60,16.47,1155.64,90144.07,27.7,4,9,1
16743.27,60,22.88,1126.0,34121.42,26.9,13,40,1
28793.79,36,14.62,1234.98,146564.71,21.14,13,42,1
36794.03,60,20.47,1435.42,86169.93,21.82,18,43,0
27003.49,60,23.18,485.11,208355.93,31.32,11,32,1
19391.72,60,8.79,660.66,204337.41,22.91,6,43,1
31389.0,60,14.77,416.14,49541.79,17.31,14,8,1
25997.88,36,17.84,510.85,56798.43,28.3,11,9,0
3363.8,36,11.64,514.84,93827.8,38.56,9,11,0
4730.88,36,19.8,1308.57,153596.52,36.38,23,27,1
2478.76,36,19.11,122.46,98778.28,13.02,9,45,1
18815.84,36,13.42,327.97,100558.87,15.48,9,27,0
33208.28,36,6.76,927.52,52213.96,38.3,15,24,1
13210.24,60,5.23,1154.84,97187.64,9.31,9,48,1
15982.25,60,12.39,1055.14,128193.51,5.11,22,31,1
36469.61,60,6.64,98.47,246485.44,19.06,7,44,1
33639.23,60,20.63,697.08,212731.92,17.84,7,5,0
26936.88,36,11.69,301.18,202385.76,21.91,10,17,0
11405.35,36,18.32,1482.57,148758.75,1.28,23,15,1
5564.62,60,11.93,1498.37,102820.67,8.25,4,5,1
1626.29,60,20.92,104.82,217097.67,32.11,21,17,0
5173.42,36,22.77,1011.55,99908.8,14.42,20,48,1
12411.26,60,21.75,1225.21,156343.08,36.66,9,12,1
22519.81,60,14.69,507.43,79150.42,22.75,8,38,1
3496.0,60,6.68,1049.65,198574.23,0.85,14,39,1
6312.88,36,12.43,305.87,138342.62,39.13,23,28,1
8062.15,36,13.49,218.1,225888.76,12.68,12,7,1
25647.3,36,24.21,1390.19,150847.03,14.76,16,44,1
25015.8,60,16.31,974.53,57790.08,36.43,20,14,1
22479.86,36,17.82,1230.91,248377.98,35.12,22,39,1
10769.56,60,20.64,813.09,135452.17,27.4,4,45,1
15473.67,60,16.36,257.45,77662.85,0.41,11,40,1
4770.9,36,16.97,583.68,95735.11,0.14,14,48,1
9831.96,36,9.91,1326.04,47883.86,7.13,6,49,1
36010.5,36,6.18,52.94,37006.24,30.5,15,46,1
39207.98,36,19.43,334.55,,33.4,6,18,1
26258.72,36,21.97,402.33,238930.82,8.99,7,40,1
36756.11,36,13.24,416.6,48284.85,3.15,24,28,1
26066.93,36,15.98,174.92,227626.57,,13,45,1
2294.66,60,11.15,1276.88,203248.92,37.16,2,43,1
39873.74,36,14.0,264.49,205478.09,20.98,9,13,1
4859.14,60,9.18,1249.62,183289.27,29.32,3,49,1
27623.03,36,20.2,551.94,156122.2,28.34,9,11,1
10860.61,60,14.84,702.26,47919.1,34.17,12,46,1
16287.26,60,15.94,710.39,152400.12,39.37,5,47,1
26191.43,36,5.74,1078.33,100954.85,39.21,18,43,1
18023.01,36,17.45,1105.01,44220.0,21.6,14,45,1
10771.3,36,9.05,971.81,204880.43,13.34,24,39,1
14043.4,60,12.67,1167.44,145706.18,31.53,10,17,1
14320.38,36,13.25,42.21,191339.71,28.1,10,44,1
38413.63,36,13.97,772.07,130287.32,31.35,5,46,1
32145.91,60,9.55,800.32,146894.95,12.0,16,30,1
18883.4,60,22.0,381.83,183838.94,23.33,9,9,1
8793.02,60,13.56,847.87,76797.78,7.41,8,21,1
32629.63,60,17.24,716.72,214821.15,8.78,21,49,1
7130.12,60,17.28,724.01,116818.12,14.77,18,15,0
9208.03,60,17.14,204.12,182952.55,28.42,21,26,1
15274.52,60,16.19,669.84,94998.44,12.18,18,48,1
35333.58,60,21.45,1156.65,181569.21,13.14,14,48,1
6139.68,36,21.25,632.69,30009.87,31.97,13,21,1
5767.13,36,13.34,746.62,233730.22,36.53,13,47,0
20265.02,60,17.72,1452.26,,33.6,3,5,1
11780.01,60,7.06,1311.52,172905.28,7.39,19,36,1
23180.39,60,6.82,1395.19,94492.89,18.31,13,19,1
18613.83,60,14.6,144.18,213795.13,28.13,19,20,1
17963.41,60,23.0,939.31,196567.77,28.49,23,17,1
5366.95,36,18.0,358.42,124209.43,15.87,9,28,1
6500.94,60,18.38,624.24,65413.46,16.82,4,39,1
33022.06,60,8.15,1029.23,60368.22,23.09,15,13,1
35549.43,36,14.07,881.0,132285.06,27.12,4,18,1
10152.66,60,13.02,773.43,200183.86,2.94,5,8,1
5424.96,60,20.66,1227.24,184327.0,25.79,3,44,1
3083.25,36,7.76,1033.42,133519.79,20.49,15,38,1
24723.61,60,15.78,1236.94,67018.27,1.52,19,6,1
28898.78,60,23.23,1399.94,75023.01,2.38,10,28,1
15539.59,60,22.85,1076.6,33256.62,7.98,3,39,1
27507.36,36,22.05,611.23,60663.11,14.22,23,18,0
28805.39,60,12.5,342.78,22934.64,30.43,6,28,1
37478.35,60,23.82,428.25,175133.79,12.59,4,5,1
3530.07,36,21.11,613.05,155295.1,30.54,16,20,1
8499.38,36,22.02,1117.93,247229.96,19.91,7,5,1
3672.51,60,23.65,89.03,195437.81,8.37,17,32,1
34851.76,60,23.74,1226.99,76635.32,31.08,4,8,1
31910.9,60,9.8,1144.46,182815.23,28.89,10,28,1
23411.04,60,7.55,764.14,22799.5,1.44,23,19,0
4262.87,60,18.82,617.51,246816.26,29.4,22,28,1
11659.18,60,16.26,195.66,161320.12,26.74,8,5,1
12611.07,60,11.55,455.86,47524.14,15.02,23,43,1
22868.98,36,18.69,191.15,134659.42,25.18,12,35,1
11063.71,36,6.24,1233.76,236341.3,6.06,14,11,1
3845.43,60,5.94,778.73,215431.01,23.51,8,15,1
29499.73,36,12.09,392.78,88751.36,6.91,18,9,1
12664.13,60,8.88,56.59,111113.67,4.51,5,34,0
18642.59,60,19.37,800.16,216318.37,8.03,22,48,1
5979.0,60,23.96,1135.57,227002.67,4.86,12,46,0
32299.38,60,18.23,1156.75,230357.32,4.95,19,41,1
23055.74,36,18.1,345.21,238014.59,35.33,21,15,1
36161.84,60,5.13,1492.74,135124.67,35.96,18,38,0
20323.39,60,15.25,866.11,218149.38,29.36,10,36,1
37715.6,60,21.34,518.05,99803.86,31.29,21,27,1
35782.86,60,18.08,607.43,212764.55,14.4,10,46,0
23481.93,36,9.56,212.92,99916.89,21.76,20,6,1
37421.84,60,21.97,755.23,159913.12,32.59,22,49,1
13600.46,36,24.29,1137.34,127746.94,19.57,7,13,1
15260.04,36,10.58,631.83,225376.02,29.48,22,40,1
2773.64,60,9.14,1304.27,35299.8,16.94,3,22,1
23978.84,60,11.77,730.83,238222.42,13.85,2,16,1
29155.03,60,6.26,1353.9,126281.73,33.87,2,5,1
31167.25,36,22.47,1063.71,130720.39,13.31,21,38,0
6842.84,36,23.59,110.86,210397.91,19.02,9,8,1
18322.2,60,17.67,128.52,173221.85,4.33,15,10,1
7897.67,60,20.29,1206.16,239353.29,20.4,7,28,0
26822.97,36,18.37,554.53,145721.72,24.23,15,36,1
7159.91,60,12.55,308.19,148489.92,15.63,11,41,1
36262.38,36,17.64,1302.02,243491.61,25.87,7,32,1
9994.75,36,21.73,1475.46,233081.24,17.65,12,14,1
12364.69,36,21.2,1218.86,67999.38,17.05,23,18,1
34185.35,36,6.62,1095.94,90597.3,16.91,15,27,1
18880.24,60,14.25,31.41,163827.93,34.38,22,43,1
1935.84,60,12.95,185.78,236056.25,29.11,24,42,1
20288.86,36,20.04,1016.29,149572.07,18.27,3,32,1
4297.19,60,15.03,632.06,188549.28,25.55,19,45,1
39428.44,36,11.99,58.63,41619.7,32.95,20,45,0
23936.35,60,19.13,1119.08,140203.56,18.24,11,49,1
11004.77,36,14.47,645.58,53948.38,33.77,23,5,1
22984.99,60,10.13,998.47,79945.39,7.08,24,40,1
3997.82,60,22.81,718.45,58250.05,23.72,17,34,0
32195.76,36,7.26,68.95,58159.77,14.4,2,32,1
37087.79,60,5.36,964.81,248092.73,3.97,20,19,1
35103.33,36,7.88,1188.49,88596.43,35.67,8,33,1
14328.55,60,8.27,259.29,150061.53,19.59,16,43,1
13704.96,36,15.76,1339.89,24619.65,21.62,14,43,1
2368.42,60,17.5,296.9,205468.82,20.7,7,25,1
26404.61,60,13.97,651.57,176452.38,21.71,10,37,1
21861.29,36,9.08,804.96,72619.06,23.44,14,21,1
18914.51,36,7.64,491.38,28293.82,34.86,17,46,1
36397.61,60,14.84,765.67,83153.63,37.91,7,31,0
7547.28,60,16.31,1085.98,164573.49,24.78,20,29,1
1376.98,36,11.08,1080.25,23496.66,15.04,16,49,1
3859.34,36,9.41,1385.76,37332.52,20.6,9,36,1
9711.49,36,6.61,1297.27,114149.88,28.12,12,46,1
2298.14,36,5.52,1478.11,60479.8,21.17,10,19,1
20610.9,60,7.11,905.21,165316.31,10.42,3,6,0
13249.53,60,19.84,618.76,60171.59,24.28,3,15,1
8038.84,60,11.88,382.94,248531.42,35.55,6,7,1
30253.28,60,5.55,388.63,120236.96,4.26,7,21,1
8973.6,60,15.16,251.86,54112.84,2.84,24,29,1
27816.6,60,15.72,1098.2,36981.82,39.0,8,46,0
14621.33,36,13.57,991.74,116728.88,32.13,6,29,1
20961.28,60,7.21,459.67,206091.21,16.5,12,40,0
37420.81,36,20.1,1341.44,120932.07,1.15,4,19,1
2456.71,36,18.78,841.86,52448.46,37.35,3,45,0
20510.32,36,12.89,131.46,132403.08,31.77,2,35,1
34322.5,36,12.62,120.33,97595.25,24.3,22,46,1
23931.0,60,8.12,240.48,135429.77,31.69,20,27,0
11797.95,36,20.07,340.56,109961.56,25.14,3,29,1
16509.56,36,16.99,1334.53,169014.49,26.95,23,23,1
27530.36,60,6.72,1174.32,204833.65,36.18,3,40,1
35741.66,36,12.56,326.53,223884.23,16.27,20,49,1
2601.59,36,23.07,395.28,190496.73,21.13,21,5,1
3790.01,60,14.05,966.08,101655.29,31.24,11,20,0
13677.01,36,11.5,1311.14,123145.35,10.84,4,12,1
10078.41,60,17.88,495.59,167606.06,24.06,11,32,1
11332.3,60,9.06,802.48,70560.56,14.0,13,28,1
9629.53,60,15.48,1338.85,181405.45,2.03,5,8,1
8637.18,60,18.39,1162.83,169451.65,6.18,12,27,1
6094.33,60,22.1,1340.52,170992.04,4.54,13,22,0
37424.21,36,18.85,438.77,96665.19,21.96,19,19,1
6623.39,60,12.69,1045.67,158360.38,4.8,14,22,1
8971.75,60,20.36,197.6,65478.35,21.71,10,38,1
10604.36,60,22.97,935.83,63630.07,29.36,2,47,1
37387.58,60,14.56,476.92,196759.78,25.28,15,46,0
30472.85,60,5.09,1061.18,107298.88,29.96,18,12,1
31798.28,36,22.62,238.56,145257.73,19.66,9,16,1
5085.57,36,8.31,1008.4,87330.7,29.53,17,44,0
33616.09,60,7.53,1071.52,74246.65,31.66,12,17,0
16919.53,36,11.15,1290.02,199369.36,10.03,6,28,1
11250.1,60,12.6,1040.0,,34.26,13,5,1
23454.25,60,20.99,798.61,212345.59,37.45,16,15,0
33065.13,60,12.78,1182.71,216522.41,29.25,13,16,0
31367.43,36,5.98,448.12,114617.31,38.85,12,20,1
35709.9,60,17.72,1025.88,206062.48,2.59,22,38,0
37197.16,60,18.42,1095.06,99564.91,6.01,5,49,1
10286.76,36,21.28,607.04,32079.14,36.11,22,20,1
17530.46,60,12.98,1483.78,178547.63,1.24,14,25,1
1570.51,36,6.72,553.45,65760.67,23.52,21,42,1
35293.54,36,16.06,154.2,123838.57,10.75,24,31,1
7028.31,60,7.42,476.11,57689.96,18.2,23,19,1
34597.52,36,5.34,176.17,110053.34,,17,20,1
13846.11,60,20.57,528.78,223519.25,7.53,9,27,1
15357.21,36,13.07,217.97,161025.0,23.43,21,39,0
2526.16,36,15.5,676.12,54071.99,8.1,24,29,1
13748.27,36,18.26,1173.62,186865.27,16.29,13,32,1
35646.18,60,13.02,129.14,215003.99,30.82,6,48,1
1996.35,36,6.02,857.77,58270.3,26.78,18,28,1
16846.77,60,10.05,94.43,191142.22,25.98,4,8,1
2224.59,60,8.89,1330.38,,20.01,2,46,1
15466.01,60,24.55,1384.43,158980.68,7.55,17,10,0
7732.98,36,19.79,753.77,235975.73,17.81,4,18,1
10836.52,36,14.03,1160.77,28408.97,18.79,18,7,1
35226.34,60,6.27,901.58,166921.59,8.12,5,25,1
18005.92,60,7.32,530.77,38743.29,24.06,22,38,1
11678.12,60,21.26,390.36,201604.83,20.53,4,42,1
23984.2,60,23.91,1145.14,226110.75,13.09,2,6,1
6542.17,60,5.63,662.07,39901.84,8.29,7,48,1
11116.27,60,23.21,1382.75,25943.06,5.69,12,11,1
22303.67,36,12.61,1464.27,239803.8,35.23,9,39,1
10263.4,60,9.27,339.28,233101.08,37.56,7,27,1
27485.98,60,7.04,854.76,232461.9,32.76,6,24,1
20168.16,60,20.43,819.29,236127.59,23.76,6,37,1
31107.57,60,14.38,1306.11,135022.29,38.47,19,29,1
37981.54,36,21.65,1045.75,244686.91,18.69,11,41,1
5516.39,36,9.52,922.84,225231.87,1.79,15,48,0
14051.94,60,18.57,1028.17,42462.54,14.94,24,8,1
13462.41,60,7.36,602.5,206923.08,7.16,16,40,1
6896.13,60,6.8,1441.63,183862.16,27.66,16,11,0
32601.82,36,7.67,114.71,50842.54,11.84,6,22,1
30635.27,36,21.18,72.82,189722.29,18.78,3,20,1
19892.59,36,18.11,640.92,131532.22,37.38,7,15,1
21973.06,60,8.32,257.23,216379.49,39.7,11,17,1
3322.22,36,12.7,830.86,208323.3,21.4,9,6,1
22664.79,60,20.27,43.24,236736.09,11.02,19,49,1
31862.32,60,10.71,705.73,37314.2,17.58,22,28,1
23379.28,60,23.43,463.54,,35.01,14,44,1
11346.95,60,23.29,327.47,106726.77,9.52,8,40,1
27034.38,60,16.06,683.63,198478.54,2.5,20,10,1
15098.05,36,17.64,1286.19,158589.35,32.72,5,44,1
22250.06,36,18.06,993.43,133983.54,21.2,10,32,1
20015.05,36,10.17,265.11,,35.88,8,29,1
15865.83,60,12.31,763.34,159648.83,27.41,11,25,1
29036.24,36,7.72,1399.56,116687.49,1.42,21,16,1
35471.17,60,23.5,675.66,96481.29,31.49,6,44,0
1203.29,60,19.48,721.7,247417.18,7.63,8,47,1
37411.04,60,5.93,1413.8,181084.27,5.07,3,18,1
20949.09,36,15.99,229.64,144173.5,22.5,10,48,0
28328.54,36,11.86,1110.51,219806.2,17.63,21,25,1
34369.36,36,21.31,469.77,72232.6,12.07,13,25,1
19217.04,36,11.88,1302.86,162578.79,23.55,9,31,0
33563.99,60,17.88,109.91,218012.63,29.73,7,42,1
7927.17,60,8.31,1485.89,48424.69,19.73,12,29,1
7207.53,60,16.18,1159.85,74300.49,31.52,10,11,1
26641.38,60,10.88,447.97,39005.41,16.74,7,15,1
34935.58,60,8.3,1148.46,248261.98,19.95,22,15,1
35804.62,36,17.39,1386.77,153609.95,21.78,14,30,1
26105.88,36,17.77,195.99,132581.73,12.62,23,29,1
21494.08,60,24.67,1372.96,97840.09,14.54,21,12,1
13924.33,60,18.38,559.46,123373.54,20.46,11,30,1
39220.02,60,15.31,39.5,198447.12,35.33,13,46,1
13468.13,60,23.25,195.26,230845.09,22.01,6,12,1
30023.26,60,21.57,1330.65,44137.4,4.35,6,18,0
21747.29,36,15.97,1474.52,88914.77,29.24,5,28,1
24731.98,60,15.23,1346.2,63499.46,20.65,21,14,0
16345.74,36,23.84,679.06,120161.74,15.98,9,48,0
38628.1,36,17.34,1443.27,142011.36,27.66,12,26,1
23295.61,60,19.28,628.07,185894.39,6.67,15,19,1
37573.72,60,6.73,197.13,,31.41,24,7,1
1296.07,36,19.37,531.18,144689.85,28.65,17,39,1
23334.15,36,10.29,1497.68,132416.78,7.42,22,41,1
28970.29,36,7.31,950.14,152423.17,33.86,22,33,1
30058.13,60,21.99,529.8,224334.35,7.71,22,9,0
36294.1,36,18.82,947.54,169165.57,27.1,8,31,1
1171.66,60,13.15,660.83,201095.65,14.72,23,48,1
1012.88,36,13.63,102.84,185483.46,30.23,18,6,0
19418.27,60,8.94,325.66,232407.0,2.32,18,26,1
2142.45,60,5.19,58.28,207895.63,9.99,19,25,1
39006.77,36,11.99,404.54,98476.96,18.82,7,14,1
9660.54,60,7.97,1117.16,216504.78,28.59,10,20,1
19433.92,60,13.43,314.18,127512.56,24.62,17,10,1
3384.37,36,21.68,806.24,214861.22,38.16,9,42,1
21359.89,60,7.3,1061.36,228321.62,22.36,20,43,1
15818.29,36,6.84,836.56,177611.96,12.07,7,12,0
2741.74,36,23.04,52.59,185343.11,17.35,17,35,1
14069.85,36,19.9,564.11,52454.93,3.02,19,5,1
16266.0,60,6.06,679.2,94484.34,4.68,23,30,1
39606.94,60,6.59,533.85,148278.47,20.7,14,37,1
9107.55,36,18.7,833.01,20808.48,39.03,6,30,0
22246.4,60,12.41,784.34,214873.92,9.78,11,12,1
39505.31,36,19.48,305.55,104980.29,31.09,24,16,1
31888.75,36,13.09,1135.4,186381.61,14.66,3,10,0
39741.33,36,24.36,266.91,196938.45,1.27,9,22,0
38763.63,60,18.89,704.68,146059.1,6.55,19,24,1
20092.04,60,5.93,1141.76,201752.1,24.86,15,39,1
28158.66,60,11.61,1054.98,,9.16,7,49,1
5307.28,36,16.27,665.31,102764.24,34.06,5,31,0
18204.8,36,7.84,1189.71,207715.89,14.68,24,43,1
32551.72,60,5.05,1079.22,166292.76,9.02,9,18,1
20708.08,60,6.59,595.27,56847.09,31.16,2,36,1
28405.26,36,15.49,1346.4,197749.55,6.35,17,34,1
30084.3,36,17.65,238.68,175523.01,38.11,5,41,1
10885.3,36,6.86,556.97,85469.72,9.51,12,48,1
35152.28,36,18.3,1055.78,213654.97,32.61,24,49,1
18933.07,60,17.34,1313.28,106021.73,20.67,18,28,1
9197.22,60,23.8,504.19,147130.04,29.56,5,21,1
34751.22,36,21.81,855.03,98926.71,5.52,17,29,1
17294.93,36,23.86,47.4,186604.39,8.33,21,7,1
30262.19,60,24.32,575.14,153669.6,7.93,14,42,1
22373.29,36,13.82,516.47,128167.41,5.37,13,20,1
15893.0,36,14.76,1268.43,24673.47,10.6,23,46,1
32585.18,60,10.63,138.75,159652.45,33.6,8,9,1
23794.33,60,15.17,121.31,163140.99,29.9,14,42,1
16231.92,60,8.01,680.77,61684.13,12.26,8,9,1
5274.32,36,18.43,628.86,96431.12,14.63,7,5,0
35922.37,36,5.5,267.49,222121.22,29.38,18,29,1
2383.31,60,9.71,417.12,146308.12,32.95,24,37,1
34664.31,60,9.16,1462.07,120068.33,16.96,15,7,1
15038.5,36,23.76,784.38,235271.2,29.63,8,11,1
25934.21,36,7.9,159.14,206747.47,22.76,19,9,1
36965.79,36,22.82,103.13,42418.56,39.69,2,41,1
6916.56,60,7.49,91.65,217553.3,27.62,18,44,1
23111.07,60,18.01,601.86,54439.18,29.52,21,32,1
30812.88,36,11.4,1302.46,60204.54,33.71,6,49,1
30545.77,60,11.32,1254.39,37329.94,5.7,12,29,1
21499.64,60,24.97,570.79,130710.75,14.7,16,19,1
25364.84,60,9.52,1168.4,168278.54,19.66,22,35,1
30543.55,36,9.05,1135.81,193354.56,6.11,14,39,1
33800.08,36,16.79,740.0,26146.81,14.48,5,17,0
30710.71,60,19.82,624.45,60908.11,27.43,3,23,0
14806.19,36,24.65,295.41,162881.22,10.02,22,18,1
39872.33,60,19.03,439.79,140884.21,19.26,8,44,1
17945.61,60,16.24,527.88,31811.4,5.46,16,24,1
1954.12,36,13.18,1224.7,235144.29,4.56,11,42,1
15142.06,60,16.9,842.84,194457.39,14.69,21,25,1
5983.54,60,17.02,325.34,102523.15,29.08,24,19,1
5736.26,60,9.35,170.87,143371.62,21.04,14,33,1
11979.87,60,18.42,760.1,106078.88,25.13,2,31,1
3081.64,60,9.09,1009.49,124716.54,16.12,11,31,0
27851.98,60,14.8,1233.76,157122.35,23.45,5,45,1
3885.57,36,10.2,1202.05,111647.51,19.36,4,11,0
8928.29,60,11.26,1241.51,162765.1,15.89,4,45,1
4623.09,36,17.28,688.34,126983.77,0.96,11,49,1
3463.54,36,6.29,1302.52,171170.03,33.82,16,41,0
11442.31,36,5.24,683.57,80310.95,38.09,14,36,1
23304.06,36,7.61,277.14,59374.18,21.2,16,40,1
38622.74,36,8.37,614.15,23123.92,17.88,15,39,1
35146.71,60,8.96,529.84,158455.43,30.58,20,23,0
35161.42,60,20.48,606.5,245579.68,0.51,3,45,1
7866.61,36,13.94,998.17,116689.08,,8,32,0
11331.38,60,14.4,995.67,68904.47,11.1,13,11,1
3979.34,36,17.89,360.61,23015.05,3.36,21,24,1
31360.27,60,19.58,494.42,137940.31,1.84,23,44,1
3722.84,36,5.07,905.17,248322.06,37.55,3,28,1
22711.13,36,22.13,153.67,246268.33,7.39,4,33,1
10667.15,36,24.77,1042.34,43311.15,23.72,17,18,1
10494.38,60,7.44,292.97,207773.62,21.55,9,31,1
39638.28,60,18.02,1280.55,59863.73,11.45,17,39,1
30514.41,36,5.05,620.33,206150.85,25.9,10,42,1
33640.63,36,5.98,354.58,216316.34,13.02,20,9,1
23307.32,60,10.7,1011.7,21778.87,18.3,19,21,1
34969.56,60,21.93,844.43,74570.12,15.23,22,42,1
26174.13,36,18.05,282.75,33006.89,36.43,4,16,1
37900.77,36,13.92,1245.93,134749.21,37.22,23,8,1
11972.2,36,13.77,696.33,26144.72,14.96,22,17,1
24217.46,60,14.32,253.8,163999.6,9.88,5,11,0
27915.12,36,11.22,1200.39,148415.85,29.46,16,41,1
16324.55,60,22.55,226.15,107260.43,12.6,2,48,1
35308.61,60,16.36,1453.02,126214.4,19.24,19,41,1
39212.32,36,14.68,679.46,247721.85,21.75,6,48,1
20257.01,60,14.3,1100.49,58560.1,39.48,21,37,0
16234.99,36,23.72,694.39,188138.73,15.32,17,19,1
19405.58,36,19.47,305.72,168421.23,16.39,3,23,1
34256.73,60,7.9,1144.43,172650.7,2.73,6,29,1
26173.27,36,13.74,455.35,99514.28,26.52,21,22,1
2746.12,60,10.77,1033.15,69788.18,7.64,18,22,1
22144.63,60,24.74,408.34,169689.29,24.54,21,49,1
1674.7,36,13.31,384.43,229926.67,9.68,7,35,0
31362.88,60,6.36,702.45,244477.12,37.78,18,45,1
13804.18,60,13.22,1229.87,130609.35,3.22,13,37,1
19408.29,36,11.43,932.04,117890.68,37.19,21,49,1
32148.45,60,16.99,125.06,100256.74,22.03,12,7,1
2811.5,36,9.52,1108.78,206294.33,37.49,19,7,1
7183.12,36,5.72,882.26,78741.87,19.73,23,6,1
16520.45,60,6.92,946.64,137996.3,1.8,9,8,0
9967.08,60,10.66,549.76,99362.51,7.91,16,49,1
14178.16,36,11.97,847.56,221411.19,14.06,12,16,1
39928.81,60,21.69,576.68,85015.06,37.5,10,11,1
33191.16,36,10.4,149.81,177892.2,30.37,4,31,1
35472.17,60,5.63,1271.31,155412.15,24.07,12,49,1
37545.13,36,20.61,1026.7,95525.35,17.59,10,39,0
14296.5,36,22.38,1015.55,78599.78,17.87,7,14,1
12586.0,60,14.85,314.71,204871.31,26.1,13,5,1
10128.44,60,10.7,1005.49,137415.2,28.81,24,35,1
33374.56,60,20.44,371.09,160636.53,19.1,2,49,1
27502.52,36,5.18,1040.68,241280.18,31.93,23,13,0
10210.71,36,23.48,520.29,111543.78,20.98,17,29,1
15702.76,60,22.31,261.55,207284.16,20.59,14,33,1
20761.76,60,15.9,1362.21,166915.46,25.94,20,38,1
21597.46,36,10.55,183.84,156512.99,31.77,22,8,1
35660.38,60,5.66,1149.83,32549.13,23.88,17,43,1
15842.08,60,25.0,179.61,229842.31,36.91,19,31,0
36432.44,36,20.24,1036.54,72577.96,35.06,15,44,1
18213.33,60,11.77,192.27,128833.28,30.8,20,38,0
30108.53,36,5.39,777.97,192963.06,18.49,9,48,0
37279.92,36,17.79,306.35,140134.38,24.51,23,25,1
36395.45,60,24.74,1303.87,20997.35,20.27,13,5,0
3221.16,60,19.14,620.18,238278.73,0.25,12,25,1
9022.47,60,6.67,52.68,24711.58,26.52,6,39,0
19599.31,36,13.05,953.4,40679.86,36.62,17,37,1
17830.62,36,7.18,684.35,71550.5,20.76,20,12,1
25994.77,36,23.24,1293.82,157760.83,6.82,7,44,1
37843.65,60,11.61,666.72,243361.59,18.38,10,38,1
5383.78,36,19.67,634.38,232211.47,0.12,3,36,0
18622.49,36,6.69,697.52,169807.36,29.6,6,28,1
8504.03,36,7.57,1293.99,190588.27,26.74,12,31,1
35870.2,60,18.59,892.63,183732.96,26.07,23,7,1
38618.63,36,21.87,1013.96,177997.89,17.36,22,36,0
19669.37,60,9.03,1089.0,206850.77,15.68,17,46,1
5056.4,60,13.37,1408.15,98174.62,10.91,9,9,1
31626.49,36,17.39,1261.16,70857.92,36.65,3,41,1
28188.51,36,20.93,1393.11,99958.69,14.75,22,9,1
14832.16,36,17.56,534.66,31178.87,22.19,2,30,0
35608.89,60,6.91,345.81,242418.38,18.29,10,47,1
39057.44,60,15.86,328.98,190086.11,26.43,9,28,1
22756.3,60,22.69,1290.97,69089.71,39.27,21,25,0
23063.39,60,22.36,1250.97,78831.85,23.2,18,24,1
12603.03,36,16.7,986.11,248299.95,16.29,14,13,1
23795.74,36,24.91,122.53,196664.68,24.25,14,19,1
18146.05,60,7.1,497.53,117901.66,1.36,19,7,1
12785.45,60,14.57,1109.28,67529.65,36.18,21,31,1
3620.22,60,20.5,395.4,29298.48,6.73,8,8,0
10855.61,60,7.82,947.37,173941.9,21.61,8,22,1
8716.33,60,24.45,827.83,199394.98,15.19,10,49,0
22139.64,60,12.08,416.13,44781.36,34.03,14,35,1
24465.13,60,12.0,1403.48,20549.67,38.51,6,48,0
24734.3,60,9.26,407.41,102207.82,2.48,20,30,0
16139.06,36,10.76,1345.34,,8.27,11,25,1
17427.96,36,16.55,825.17,232473.09,33.97,11,44,1
33535.3,60,13.59,164.99,,18.16,16,25,1
19573.08,36,8.87,1255.43,178361.12,25.3,20,46,0
39523.16,36,21.18,1193.41,207231.99,14.84,21,46,1
18145.07,36,6.24,1251.53,101848.66,21.37,15,39,1
26333.66,60,21.69,968.08,76374.09,10.68,19,30,1
2964.16,60,10.5,1076.07,48568.85,23.6,19,48,1
26480.26,60,14.92,1363.38,61775.39,17.32,15,36,1
34205.63,36,12.62,217.72,241474.06,27.26,16,19,1
37755.86,60,16.41,152.07,233890.2,24.33,20,32,0
39895.5,36,20.92,213.86,30791.42,5.35,17,13,1
12004.97,60,24.79,1309.01,128086.37,7.62,4,9,1
23439.43,60,11.12,857.51,105866.5,0.93,5,11,1
18578.0,36,16.08,288.82,169909.93,14.33,2,26,0
22988.88,60,14.32,238.32,95531.62,10.92,8,25,1
7140.67,36,24.98,684.77,84540.2,3.29,6,23,1
34389.83,60,21.18,1229.13,206109.27,27.12,18,21,1
36473.19,60,12.94,1213.61,237836.55,28.64,22,15,1
18536.8,60,14.54,1281.34,66643.02,26.49,21,35,1
11936.76,36,9.92,1160.35,74117.88,9.32,8,12,1
6492.5,60,20.1,120.58,116396.81,25.13,3,38,1
27666.83,36,21.9,1088.65,182449.73,15.19,11,7,1
13177.04,36,24.3,792.87,58424.39,0.41,18,44,0
36472.0,36,16.32,1097.83,127624.68,38.7,11,22,1
27169.49,60,18.41,741.9,213395.24,28.71,11,40,1
26181.73,60,13.92,740.8,73835.32,9.55,23,43,1
22816.68,60,17.18,215.42,30962.11,12.38,10,25,0
2785.28,60,11.97,1360.68,228570.33,35.92,16,8,1
37344.97,60,19.75,580.69,201132.27,10.2,15,32,1
25489.56,36,5.45,886.09,180725.72,3.69,17,40,0
39768.42,36,5.57,334.52,40085.95,33.64,10,48,0
21956.9,36,19.32,572.27,226846.66,27.91,2,31,1
28694.32,36,23.61,1309.75,90211.06,,21,13,1
3192.17,36,17.64,338.11,68642.98,22.17,8,13,1
25637.71,36,19.53,332.98,132124.72,27.51,5,32,0
30821.33,60,21.48,412.93,232243.9,36.43,10,23,1
31362.06,36,12.23,874.75,,32.9,3,42,1
31034.35,36,7.16,795.41,161245.03,9.33,16,10,0
9825.02,36,23.66,287.72,239766.9,25.75,19,44,0
39040.54,36,23.77,1047.19,124266.9,26.85,8,26,0
39812.1,60,13.84,1364.08,26822.95,32.87,21,39,1
3948.24,36,9.34,322.28,83399.87,36.44,13,35,1
37521.41,60,22.85,1019.24,89420.31,2.34,10,30,1
12288.52,60,19.17,891.99,200022.74,3.78,17,49,0
27882.08,36,5.16,513.54,48576.19,3.81,13,28,1
14186.33,36,7.15,938.21,60228.0,27.69,12,9,1
38742.42,60,24.66,338.57,161282.01,,4,25,1
4958.65,36,5.76,1255.91,50041.32,23.28,19,48,1
20412.13,36,10.65,62.65,133968.84,22.72,17,26,1
17693.86,36,15.97,863.58,28065.32,33.59,24,28,1
13714.91,60,8.69,498.61,173842.52,,15,39,1
26175.83,36,9.64,1325.6,228925.87,37.67,20,9,1
6111.17,60,12.06,764.07,221226.52,24.27,2,19,1
28949.83,60,10.39,1209.66,,39.9,11,43,1
39243.09,60,21.07,1388.02,155930.92,28.93,24,42,0
32377.79,36,15.01,521.49,43883.28,,11,10,1
34540.65,60,10.57,1324.1,32310.58,3.91,12,23,0
15025.83,36,11.26,1097.63,160388.56,11.88,6,21,1
13670.58,60,5.8,189.02,151665.48,23.33,22,6,0
21164.89,36,5.99,182.76,41582.14,27.91,23,33,1
2783.34,36,19.36,1231.5,102767.32,8.06,5,29,0
37868.97,60,7.26,718.42,92830.04,32.36,9,39,0
6607.62,60,14.52,757.87,,35.03,9,41,1
36217.51,60,21.85,1340.13,96633.84,34.07,21,49,1
4259.71,36,12.37,1358.59,209670.94,21.5,2,24,0
33082.37,36,11.92,195.68,101329.95,13.59,14,19,0
6926.54,36,22.46,579.26,95999.92,33.68,9,14,1
2487.13,60,22.3,1345.98,26811.95,29.68,23,36,1
29060.09,36,22.6,1235.19,201793.72,1.51,21,12,0
11930.35,36,16.44,1089.88,171772.08,20.05,12,37,0
28865.35,36,24.05,179.89,98529.76,32.92,4,5,1
22648.32,60,21.38,943.16,123923.2,22.77,2,30,1
5243.49,60,13.31,885.32,202636.83,10.73,6,46,1
37353.07,36,17.59,275.74,99170.19,0.66,19,9,0
18640.25,60,7.44,1167.57,128875.0,9.07,11,6,1
29643.44,60,16.03,488.61,24550.91,24.47,6,22,1
20539.8,60,10.26,942.32,231212.96,10.12,19,37,1
24570.1,60,10.67,561.9,105385.49,0.45,10,14,1
12808.17,60,7.51,154.06,88179.69,2.8,4,10,1
8814.05,60,12.16,801.45,160097.22,15.19,21,43,1
22160.24,60,14.63,480.77,141140.49,18.59,13,43,1
18168.54,60,17.01,134.83,112212.7,30.36,15,17,1
16214.42,60,11.1,321.81,232141.08,,2,45,1
27230.12,36,20.84,939.72,103485.9,31.15,2,47,1
27929.76,36,15.42,179.03,249625.95,5.99,2,16,1
2790.88,60,17.76,158.58,201499.38,14.01,16,29,1
14211.04,60,10.56,1417.71,227765.53,20.7,2,6,0
17058.82,60,21.28,188.06,85034.08,0.63,4,7,0
4778.79,60,17.49,582.81,36154.82,38.43,23,9,1
10200.13,36,22.25,226.11,116415.32,36.91,13,47,1
3014.03,60,8.2,1410.73,92078.54,26.56,3,23,1
39853.44,36,12.61,737.31,33953.92,8.54,11,46,1
29725.73,36,7.26,193.35,36441.2,5.52,5,6,0
4410.56,36,9.31,1160.16,60081.82,35.53,7,25,0
1789.73,36,12.89,1177.76,106892.95,11.51,9,17,1
29052.22,36,22.89,1354.76,235105.58,15.06,15,45,1
18128.49,36,16.14,1067.31,171287.16,15.83,14,26,1
31685.07,60,11.61,110.43,111634.93,8.53,5,21,1
37015.57,60,19.94,838.96,203861.84,28.98,16,30,1
24372.72,36,5.39,594.54,150753.38,23.0,21,40,1
8297.23,60,12.4,1130.41,116013.29,35.55,2,49,1
31505.57,36,17.02,898.67,53204.61,8.78,14,8,1
38276.66,60,16.66,1096.04,233219.26,13.58,23,36,0
23629.02,36,17.15,295.25,163494.21,19.79,19,39,1
27597.9,36,9.23,672.49,121029.39,18.89,5,39,0
14161.51,60,11.74,665.19,120805.91,39.27,15,17,1
15879.58,36,23.63,1472.03,195958.18,23.85,15,47,1
29651.53,60,24.48,58.09,61274.23,16.41,6,49,1
37183.07,36,11.24,1229.58,116034.64,11.41,3,28,1
25530.55,60,17.89,172.75,34492.71,23.09,15,21,1
31804.07,60,9.83,148.16,38381.22,21.86,17,17,1
7693.77,60,12.37,512.42,141048.17,20.32,17,7,1
9266.4,60,20.85,1060.13,,37.75,8,41,1
21749.35,60,15.02,1027.32,185487.69,20.17,10,16,1
7885.61,36,21.99,952.98,246948.14,9.12,10,21,1
25764.81,36,17.57,1168.59,217667.8,6.24,8,21,0
12374.47,60,17.58,371.6,121636.64,36.39,23,12,1
31869.77,36,5.68,961.75,106907.27,39.91,13,18,1
32516.3,36,19.99,967.92,154565.7,23.69,4,45,0
19087.71,60,24.56,991.87,41079.7,29.09,17,44,0
8051.61,60,14.46,903.85,247161.85,16.82,10,18,1
26224.22,36,8.17,355.64,245628.33,34.47,15,22,1
39718.69,60,24.54,1374.02,232279.43,13.87,23,36,1
25281.05,60,10.8,1464.73,172306.11,0.77,12,26,0
2395.21,60,13.18,1043.1,135717.63,1.52,4,19,1
1674.47,36,6.55,682.8,182538.62,33.02,2,20,1
13494.12,60,7.22,819.67,92310.51,16.83,7,33,0
8635.57,36,9.33,189.31,216012.71,38.71,20,7,1
32709.0,60,15.97,564.19,50962.1,16.71,19,24,1
33947.42,36,16.16,1464.92,204799.33,37.84,6,42,1
11086.13,60,17.12,835.15,219520.38,18.82,22,16,0
13700.15,60,16.68,854.12,59138.25,28.87,4,39,1
10213.63,60,14.9,1432.35,130071.24,11.73,9,22,1
36426.92,36,21.04,1332.94,225080.08,21.96,21,31,1
20603.32,36,23.68,866.01,240637.05,13.02,10,24,1
26589.34,36,10.4,425.42,206613.79,27.08,19,10,0
17203.8,36,7.6,201.89,236409.51,9.11,21,44,1
25609.55,60,13.5,1299.57,235509.63,14.32,4,27,1
16048.36,60,5.53,1382.53,245335.51,25.36,8,35,1
14247.46,36,22.67,756.6,115081.38,12.15,22,11,1
25744.72,36,9.79,168.99,85996.79,11.17,20,8,0
24051.42,36,15.99,921.15,165577.02,15.22,9,23,1
12447.59,36,7.3,570.17,63435.77,24.87,21,32,1
6824.59,36,16.07,262.06,148113.54,13.33,4,27,1
15374.49,36,5.78,1381.14,153236.19,17.38,8,27,1
17192.71,60,20.38,381.99,205480.5,0.84,10,8,1
25518.69,36,24.11,1075.41,103212.32,28.0,21,36,1
36666.62,36,11.14,661.19,158419.92,32.47,10,14,1
2411.21,36,10.16,1247.04,,33.08,10,43,1
10502.78,60,13.96,1060.23,117002.56,21.98,16,32,0
8554.92,36,17.4,211.05,151496.36,17.0,17,37,1
20589.48,60,8.78,690.93,201096.5,7.44,22,12,0
17758.33,60,21.07,411.89,77417.83,26.24,5,21,0
29432.47,36,8.97,1078.97,43775.25,23.07,24,39,1
10454.22,60,5.11,830.69,176814.17,17.19,19,26,1
24185.44,36,15.49,530.07,105209.91,24.59,20,39,0
35470.43,60,7.3,514.31,107768.97,38.17,16,48,1
36516.43,36,18.96,198.3,233921.39,5.43,19,41,1
38392.6,36,8.35,344.32,113811.24,38.59,11,22,1
31157.18,60,21.35,1078.8,239345.97,22.81,14,28,1
36333.53,36,14.41,926.56,44465.41,33.28,6,26,1
10146.7,36,16.33,552.73,98884.73,39.75,21,48,1
8705.66,60,8.73,1259.09,179376.84,37.14,18,41,1
1253.04,60,7.93,742.09,48979.54,15.97,13,46,1
28566.93,36,17.63,1197.82,109019.56,18.31,18,8,0
37561.22,60,10.11,1178.33,215901.42,24.23,24,13,0
8290.48,36,12.72,1276.56,195205.64,25.52,5,5,1
25840.8,60,14.59,1279.16,84884.0,9.13,18,16,1
30111.93,60,9.59,1028.22,101984.12,37.91,4,8,1
37176.96,60,20.91,1131.65,136169.0,33.12,5,8,1
26227.55,36,23.79,1172.05,188196.21,5.21,18,13,1
38841.46,36,13.64,278.66,54931.37,39.65,12,22,1
14442.25,36,23.35,471.36,141360.29,39.84,16,18,1
14647.21,36,22.65,183.23,36873.14,14.17,24,14,1
22177.49,36,8.32,308.38,111498.03,33.93,15,22,1
15956.57,60,8.47,1174.08,63928.41,10.43,12,30,1
1055.6,36,14.55,1422.25,91079.35,6.41,17,31,1
29539.11,60,15.52,1020.24,96241.76,34.18,5,23,0
30316.96,60,11.82,1332.49,,22.45,6,27,1
30132.01,60,11.26,497.43,80986.96,2.46,14,18,1
14455.81,36,13.63,1273.32,172665.6,33.3,13,11,1
21369.29,60,18.81,528.02,142653.8,15.34,20,5,1
15038.97,36,6.69,1344.43,204971.92,6.76,2,35,1
1625.42,36,19.21,1203.13,93960.91,21.09,19,24,1
22935.51,36,23.52,1475.89,248771.17,18.81,3,47,0
5826.67,36,20.27,1246.09,88027.77,32.14,12,27,1
4121.61,60,8.83,615.37,153295.73,19.15,13,31,0
30464.46,36,6.75,191.82,165410.13,26.57,12,45,1
1370.74,60,14.81,1315.18,143778.72,14.16,2,35,1
38401.33,60,24.13,869.65,217533.3,4.38,7,30,1
21094.96,36,21.38,1291.47,45985.07,1.74,6,8,1
39337.64,60,16.25,599.08,,12.82,21,46,1
3261.91,60,7.86,72.56,136456.47,26.74,4,34,1
23757.65,60,19.28,107.05,115958.83,0.43,13,23,1
14623.75,36,21.26,1015.63,99630.87,9.96,9,35,1
33895.82,60,23.7,198.26,55163.03,6.06,4,18,1
15087.69,36,17.24,1125.83,169493.78,18.5,7,47,0
11159.02,36,15.29,646.58,47073.49,29.85,15,43,0
34444.57,36,17.38,857.77,210737.38,22.11,15,39,1
15611.47,36,23.87,1207.78,122976.94,24.33,24,22,0
1656.5,60,17.56,402.02,159246.3,37.85,14,9,0
16221.27,60,10.15,636.97,37895.28,18.29,9,22,1
26526.37,60,17.72,1102.45,41480.37,32.56,12,26,0
10920.02,36,22.59,1380.09,74257.07,13.75,18,39,1
17847.52,60,16.34,456.74,199340.63,24.81,8,20,0
3211.89,36,15.05,945.4,131741.46,30.73,15,48,1
23935.62,60,19.67,1428.28,91497.6,33.08,9,17,1
30495.5,36,18.22,983.81,,8.88,23,25,1
17119.19,36,6.13,1342.4,64139.41,10.2,13,37,1
17389.07,36,19.51,1411.4,79681.13,15.08,9,22,1
4443.02,36,13.15,1396.13,198648.25,10.01,4,33,1
8875.69,60,23.82,1144.96,26220.37,21.6,4,27,1
7032.34,36,24.42,841.58,70672.12,,10,43,1
19785.82,60,13.97,172.23,139906.64,6.14,15,42,0
21640.97,60,24.38,357.38,230458.15,16.29,18,48,0
38008.67,60,11.22,405.98,81151.88,29.07,13,42,1
3856.03,36,18.65,78.89,69012.11,28.14,23,42,1
24394.85,36,6.5,179.83,244230.78,9.55,13,36,1
21533.44,36,7.9,463.29,140638.38,26.42,19,24,1
21133.09,60,22.29,163.39,34377.02,38.67,11,11,0
35053.21,36,22.88,279.22,83592.96,25.05,4,38,1
9016.0,36,15.65,109.99,142742.3,13.08,13,49,1
2590.16,60,11.8,642.3,36556.02,20.6,3,23,0
27218.59,36,14.02,1237.35,179286.88,13.52,15,7,0
14461.14,60,22.39,1224.0,140172.5,21.27,10,10,1
1686.01,60,9.22,1360.19,183236.1,33.63,2,39,0
10803.59,60,10.9,1126.03,98600.58,5.35,10,21,1
13063.74,36,20.71,389.33,116592.37,16.52,17,40,1
25056.7,36,23.71,1062.51,233470.83,25.36,13,46,0
7730.85,60,6.86,1138.12,68457.61,18.6,11,39,0
17109.12,60,21.08,828.37,29088.41,31.26,15,36,1
19816.54,36,17.9,1216.31,245908.9,6.46,24,43,1
18910.26,36,9.62,134.76,21705.97,34.98,24,47,0
38983.69,60,20.12,904.33,224296.68,39.13,8,11,1
2774.67,60,19.56,735.44,209973.9,14.4,14,41,1
38087.76,60,7.84,1213.66,132154.78,4.56,20,49,1
23695.55,36,15.05,218.1,182228.63,39.51,18,22,1
32033.38,60,20.17,342.56,44167.71,14.03,13,21,0
17785.31,36,8.83,851.28,195642.81,19.69,4,37,0
18699.68,60,14.26,1422.39,200264.66,9.71,3,9,1
35293.73,36,7.41,152.3,31808.56,2.22,13,38,1
35941.45,60,11.14,1122.76,134365.55,5.02,22,44,1
10308.87,36,9.36,331.94,238074.04,9.51,23,26,1
8770.43,36,15.1,185.01,238762.72,39.52,10,15,1
20353.17,36,7.82,610.31,246438.39,31.85,18,21,1
36110.8,36,12.66,887.09,171032.96,16.82,4,43,0
13571.85,36,10.5,1245.72,52456.6,12.77,4,27,1
26428.57,36,19.92,963.0,114964.65,5.75,21,6,1
28617.92,60,18.99,752.75,187195.44,19.4,20,36,1
31368.31,60,6.9,449.93,85281.8,36.28,18,11,1
22993.05,60,24.07,460.05,206333.09,39.73,8,19,0
16695.75,36,19.89,1162.75,218113.06,36.07,3,20,0
38713.62,36,17.32,197.67,195616.27,,18,18,1
24841.9,60,14.55,245.32,,6.32,11,42,1
29414.04,36,8.56,1088.01,190538.73,5.66,23,26,1
14454.33,36,24.24,1442.73,36625.09,6.46,23,46,1
27128.02,60,5.16,206.74,97100.28,4.97,23,27,1
11054.11,60,18.85,925.86,196088.28,3.85,14,26,0
10558.78,60,15.15,381.61,202808.81,14.01,14,23,1
28874.17,60,23.05,67.86,93319.26,6.32,12,5,1
21334.39,60,12.61,1253.43,240871.96,5.79,14,39,1
27647.79,60,15.37,777.65,82854.06,20.98,19,49,1
11508.1,60,19.85,65.12,171802.29,8.13,6,26,1
24350.21,36,5.95,1346.32,222161.66,0.24,4,36,1
18313.41,36,6.09,817.46,146821.77,27.84,8,22,1
24281.45,36,9.23,1113.49,114873.04,13.14,8,39,1
12344.31,36,7.93,652.55,68623.44,29.48,10,39,0
28902.59,60,5.13,301.78,65181.39,35.72,21,19,1
32431.25,36,17.46,714.39,56551.88,37.01,22,43,1
11136.74,36,20.92,452.88,121894.61,7.11,12,37,1
12724.2,36,24.14,466.2,146021.72,26.91,12,47,1
26785.02,36,13.82,976.5,212980.84,3.0,21,31,1
28127.82,60,10.59,168.3,69989.81,18.53,18,48,1
28459.89,36,22.28,613.61,193697.76,17.07,5,9,1
27625.24,60,21.89,833.57,179645.42,8.13,4,10,1
16319.5,60,17.5,1073.49,165939.35,31.0,14,12,1
16399.29,36,10.46,960.36,98049.74,36.53,21,31,1
10937.89,60,23.17,1332.78,93138.48,10.32,4,41,1
7116.51,36,8.57,1488.8,194555.88,9.97,22,42,1
28010.52,60,5.87,1408.01,83142.88,7.83,16,39,0
4634.36,60,20.93,1153.3,95835.29,27.48,13,12,0
37573.9,60,16.27,1038.44,241994.11,2.26,21,21,1
33240.77,36,9.93,82.08,249646.81,2.55,13,34,1
34442.72,36,18.42,814.24,20393.91,6.96,15,26,1
36360.08,36,20.33,1005.66,177955.73,21.83,11,44,1
16935.59,36,21.89,637.02,143165.12,10.11,21,25,0
34021.33,60,10.64,595.65,125839.19,39.49,4,30,1
7164.39,36,5.51,827.51,83400.91,15.81,10,25,0
1844.03,60,15.2,1362.76,136644.77,18.81,12,22,1
31610.76,60,22.12,413.56,125012.31,2.61,8,18,0
3917.07,60,9.16,616.61,112301.56,28.22,22,46,1
39552.46,60,13.42,990.04,215457.85,31.54,9,46,0
27317.06,60,10.13,303.43,82248.41,13.37,24,44,1
30384.54,60,5.27,1257.31,157419.49,29.04,8,19,1
10586.35,60,22.97,1009.12,218769.45,9.11,24,7,1
27280.75,60,7.7,547.83,245170.35,31.92,20,35,0
2685.58,60,20.34,1091.59,158632.89,21.69,3,10,1
33675.2,60,11.93,440.64,139608.35,15.89,11,21,1
7615.34,60,10.55,1168.46,213318.44,28.81,13,6,1
28196.96,36,23.82,133.91,63342.72,24.58,19,9,1
9754.74,60,18.14,657.33,164903.62,21.3,18,28,1
3669.67,36,18.74,414.61,34760.94,8.44,15,34,1
19778.25,36,20.19,1230.55,171804.25,33.98,20,44,1
7602.16,60,11.82,1136.54,203036.12,17.27,21,39,0
29448.32,60,16.27,1267.54,34492.54,17.82,16,38,1
10265.07,60,10.4,987.8,215136.73,8.05,16,41,1
14356.43,60,21.69,1199.12,48372.58,37.25,5,19,1
23130.13,36,16.99,675.02,60441.75,22.18,8,38,1
12113.76,36,9.87,1026.74,212372.81,18.51,24,23,1
15741.54,60,23.0,75.74,48681.47,39.1,8,12,1
32809.25,36,16.62,1324.67,174986.7,14.64,17,18,1
7989.18,60,14.9,1036.62,87807.29,1.27,24,42,1
4205.86,60,5.69,1303.16,77123.96,9.17,6,16,1
13805.95,60,23.2,1163.16,169535.54,29.86,15,37,1
17550.69,36,24.05,450.97,44555.18,6.25,10,37,1
22163.71,36,16.25,431.13,152163.15,6.23,23,23,1
15524.52,36,13.85,1205.47,232640.2,18.23,18,25,1
31806.56,60,12.19,301.52,215823.91,18.11,7,19,1
2533.46,36,10.36,192.67,215756.53,18.4,24,23,1
17838.93,60,16.49,52.11,89672.41,8.77,2,36,1
15907.98,60,7.56,468.69,181295.03,6.74,19,18,1
26255.56,36,23.38,175.92,199424.87,30.76,8,35,1
38684.77,60,8.52,1208.48,227323.03,24.16,8,24,1
20904.64,60,19.91,742.28,80750.57,12.85,17,38,1
39488.2,60,11.14,401.2,194997.89,7.88,18,24,1
12787.73,60,9.52,915.07,73423.07,35.11,7,45,0
2203.86,36,16.16,133.42,26391.98,5.46,6,14,1
7460.86,60,20.3,1097.4,130821.96,23.35,4,11,1
16409.87,60,19.53,767.05,196155.24,24.41,15,7,0
13337.02,60,9.68,39.52,69304.99,34.27,3,27,1
4785.11,36,11.61,499.25,31176.85,2.27,17,14,0
17873.74,60,22.38,1132.78,105971.81,12.31,16,39,1
14186.52,60,19.46,306.53,66661.83,38.64,23,21,1
5782.15,36,19.25,1443.96,,22.76,11,25,1
12548.57,60,10.38,1348.04,231791.34,16.71,7,34,1
35571.01,36,20.84,1174.01,191097.29,12.67,19,7,1
12779.91,60,12.17,145.47,105777.13,5.97,7,6,1
28844.26,36,13.03,550.14,94761.33,7.49,7,29,1
24869.84,60,10.75,468.35,231874.75,31.17,6,9,1
17660.07,36,7.43,232.31,224434.09,9.77,5,11,1
10322.0,36,13.41,1499.44,158940.12,8.79,14,5,0
15391.57,60,5.34,246.38,102245.14,12.77,21,36,0
24092.18,60,14.12,493.53,202236.92,30.25,11,37,1
14679.38,36,19.5,1323.81,172658.72,16.81,24,41,1
9380.96,60,24.21,242.25,149874.19,1.14,9,16,1
5542.05,60,6.57,720.21,189867.54,20.52,3,7,1
35310.91,36,10.63,1464.26,50927.19,11.12,17,23,1
18172.21,36,14.88,393.51,233934.15,18.33,6,28,1
25383.12,60,8.41,1063.5,243771.79,35.33,3,27,1
20126.0,60,7.34,147.66,101523.32,7.87,12,27,1
35030.09,60,14.05,913.28,237764.03,13.54,14,42,1
22330.46,60,16.61,528.4,203041.17,37.81,17,12,1
19750.48,36,21.4,1058.36,236436.87,30.93,10,28,1
37059.44,36,24.96,666.35,231015.41,10.97,3,14,1
29067.89,36,20.49,469.53,66207.44,4.25,14,48,1
5350.45,36,9.43,832.63,79806.01,37.36,21,8,1
7930.47,60,19.96,235.34,79936.64,5.82,21,17,1
31697.79,36,15.74,1227.21,41688.37,14.59,2,32,1
33598.2,36,14.02,1133.54,111468.22,13.27,11,28,1
22262.44,60,23.71,831.1,103403.02,4.64,17,31,1
22623.75,60,19.04,569.56,99111.18,4.03,18,36,0
25645.39,36,18.63,1375.38,100257.37,11.3,5,46,0
18125.52,60,5.24,962.65,34276.25,14.73,20,22,1
27527.77,36,22.3,448.66,62774.3,38.76,12,10,1
5230.77,60,20.87,1215.86,88059.01,21.45,12,33,1
38489.89,60,10.98,963.48,224464.87,36.36,10,31,1
30256.04,36,10.84,216.71,233101.74,5.14,3,47,1
25615.79,60,6.07,197.92,85598.18,9.54,23,31,1
13336.56,36,6.02,1409.01,179656.54,6.51,7,39,1
7277.26,36,18.37,453.23,215643.09,15.0,2,45,1
16964.38,36,8.72,1005.32,136420.29,36.7,8,5,1
26801.49,60,23.47,83.56,193775.02,11.76,19,8,0
25714.68,36,21.85,848.06,244449.36,23.82,7,36,1
15923.01,36,11.98,369.76,57309.25,36.62,20,35,1
24918.17,36,12.6,235.25,36196.37,20.11,20,9,1
32736.18,36,11.55,1167.05,167205.38,21.11,2,46,1
2025.11,36,6.85,1220.03,136950.8,22.1,15,7,1
18574.22,36,5.63,1081.36,88218.84,11.21,24,17,0
30583.65,60,14.04,46.44,230814.98,16.74,2,17,0
22299.63,36,23.86,448.82,214540.47,33.9,15,26,1
26407.57,60,23.34,560.61,80812.31,15.99,18,25,1
21150.38,60,21.2,1045.55,198064.48,16.76,10,23,1
39683.11,36,17.57,1140.65,210533.04,4.64,12,19,1
3130.24,60,22.12,952.95,94825.78,18.54,8,20,1
20150.75,60,15.3,1189.96,42804.33,3.33,10,10,0
4565.25,36,8.6,658.13,215596.24,10.69,12,26,1
7231.64,60,18.68,826.51,42261.3,39.18,12,21,1
15938.5,36,23.41,124.45,130079.83,36.2,10,48,1
7066.06,60,5.39,657.93,64703.93,24.85,4,49,1
38583.8,36,10.03,665.97,233316.18,28.51,10,9,1
37924.8,60,10.31,928.93,44637.51,9.5,9,12,1
14108.28,36,6.98,585.51,46887.16,5.76,23,37,1
25950.16,36,9.51,380.53,181397.81,22.04,6,6,1
21816.38,60,12.68,379.27,67277.83,35.92,6,23,0
32807.89,36,23.8,226.79,50443.05,33.29,16,9,0
25470.38,36,22.21,1060.5,58684.32,23.57,6,10,0
1009.85,60,23.92,945.18,157056.16,39.39,3,40,1
30763.8,36,7.41,881.5,71203.95,9.92,14,24,0
30127.08,36,5.56,810.6,106764.85,30.67,15,46,0
20879.19,60,7.2,570.28,215438.93,11.35,2,27,1
36213.84,60,23.29,1160.01,60404.66,38.98,19,6,0
36429.4,60,8.15,1385.38,210043.8,10.58,4,25,1
21432.56,60,16.45,676.78,198342.31,14.62,15,22,1
24711.54,60,9.55,631.36,211170.51,19.06,8,14,0
39864.36,60,5.41,269.21,99813.98,12.87,21,33,1
12653.99,36,6.69,1015.94,128643.3,11.02,17,37,1
13660.07,60,19.2,850.4,182611.38,18.82,11,13,0
8128.18,60,8.65,1482.36,28608.27,32.66,12,27,0
35938.81,60,9.58,888.96,172665.33,30.95,6,24,1
30035.05,36,12.55,454.26,47621.86,17.77,3,40,1
5120.07,36,18.14,857.52,86257.06,12.52,4,47,0
39288.93,36,14.39,1477.5,206250.37,5.26,8,23,1
29507.51,60,23.89,1093.3,166138.31,34.79,3,13,1
34170.36,36,13.68,219.01,163027.05,35.44,4,48,1
2877.88,36,8.98,534.45,72190.01,2.67,14,44,0
20693.48,36,15.72,469.07,173611.82,29.95,7,46,0
28245.33,36,14.02,1289.53,50291.28,35.36,6,37,1
22174.92,60,20.74,928.41,241902.76,29.46,12,8,1
26999.25,60,23.7,1220.85,78120.22,13.59,12,20,1
32897.09,60,21.73,289.08,210152.0,17.16,19,20,0
15599.15,60,12.78,1364.81,231634.8,12.02,20,8,0
34098.08,60,9.32,115.72,59512.13,21.71,16,25,1
7353.73,60,23.29,581.01,22242.37,35.6,6,44,1
11564.56,36,12.72,50.8,221087.82,26.86,9,35,1
2690.48,60,20.4,300.89,195716.85,18.33,19,29,0
15212.65,60,24.79,1444.47,55481.96,34.41,11,21,1
15816.47,60,16.55,145.39,210986.84,0.04,15,14,0
32405.55,60,14.6,243.75,206408.04,10.98,4,40,1
26472.1,60,19.0,1389.53,126093.05,17.44,5,39,1
18032.18,36,8.88,1073.96,237769.38,23.7,2,11,1
26432.45,36,14.76,628.24,153885.14,39.82,9,19,1
3058.55,36,11.25,131.09,121862.42,25.58,6,15,1
8030.59,36,8.28,1184.01,23044.14,15.26,3,38,1
25450.97,36,17.2,754.31,239138.86,28.99,13,14,1
26013.31,60,16.51,504.83,,39.37,21,8,1
31191.25,36,20.22,560.3,88123.35,24.45,11,12,1
16716.99,36,22.46,772.76,187770.52,14.07,12,21,1
29179.61,60,9.41,840.31,21229.57,27.29,6,33,1
27675.23,36,20.59,1232.61,144795.44,18.56,2,35,1
38572.34,36,12.35,1164.4,56548.69,21.43,21,37,1
9390.08,60,17.58,1157.58,25183.82,38.21,19,30,1
22515.5,60,22.0,1102.07,167583.15,17.46,16,10,0
24468.81,60,10.12,1143.95,158684.99,12.55,7,25,1
39947.27,36,17.02,1026.07,188887.78,25.39,8,13,1
8846.18,36,14.61,1305.99,162190.96,22.73,7,21,0
21405.5,36,20.81,849.46,121656.97,15.89,6,44,1
14501.23,60,18.94,795.64,130082.72,12.11,10,12,1
21509.83,36,20.39,1060.91,70628.27,21.01,13,7,0
10053.02,36,10.76,274.03,39256.19,6.54,16,12,1
2856.88,36,19.09,1172.12,217995.75,10.71,20,29,1
23330.05,36,17.12,1406.15,179002.07,34.03,17,30,1
14098.32,60,14.13,465.5,48271.11,36.37,4,37,1
8095.71,60,12.57,928.24,80774.47,15.73,21,6,0
13633.49,60,11.63,77.96,218542.56,33.37,6,38,0
2921.93,60,5.19,1155.76,240761.25,4.13,22,39,1
38067.25,36,8.39,852.71,201962.87,8.65,22,11,1
23664.77,60,6.18,1020.27,151089.87,23.86,9,30,1
32775.98,36,21.97,240.2,219903.88,27.12,2,25,1
17501.61,60,22.2,1219.9,164166.29,10.07,7,39,1
36229.27,60,21.92,406.23,180864.99,37.59,4,41,1
19849.41,36,21.36,1036.64,210198.37,24.94,5,15,1
23383.87,36,9.43,901.92,101415.67,36.86,6,11,1
20179.97,60,14.84,991.07,200443.87,4.23,10,40,1
29597.85,36,23.16,103.85,67598.59,23.33,9,18,1
23099.59,60,20.2,1120.52,64677.89,,5,7,1
11592.36,36,5.04,1199.02,206607.92,34.66,16,35,0
6676.04,60,14.19,727.98,149673.74,0.54,24,17,1
24638.85,60,5.21,631.03,115196.19,30.68,11,14,1
20078.02,60,10.61,533.54,140393.89,6.56,19,38,1
4743.05,60,13.72,1393.99,244921.63,35.6,22,28,1
16429.08,36,22.86,1139.95,225659.65,18.49,9,40,1
21076.28,36,18.09,1056.97,136742.61,6.89,21,40,0
33248.84,60,12.25,1390.64,145853.63,32.71,12,18,0
3967.94,60,14.81,542.69,161273.29,20.13,22,43,1
14591.32,60,21.35,956.3,201889.92,2.46,12,31,1
33083.59,36,10.99,1038.5,220974.83,1.31,18,37,1
26288.53,60,17.3,1494.45,53701.67,10.14,9,42,0
12308.37,36,10.24,657.96,164483.34,28.55,6,7,1
33968.07,36,14.6,618.27,72253.5,17.37,21,31,1
20238.45,60,5.49,154.2,163009.37,21.05,20,40,0
20435.72,36,22.05,174.73,59400.81,5.45,9,36,1
39086.91,60,5.97,782.34,205832.07,28.81,6,32,1
37937.54,60,9.49,281.64,172014.72,14.45,12,19,1
14982.77,36,11.67,137.21,219179.05,13.39,24,33,0
6482.59,36,17.5,1448.39,237220.71,23.27,10,21,1
13701.0,60,19.4,1428.58,234803.27,30.62,10,14,1
2188.85,36,6.61,508.16,53387.59,0.97,5,48,1
1809.95,36,5.87,1191.11,106668.66,1.96,10,21,1
16425.36,36,20.98,1312.65,131111.91,3.84,24,29,1
37699.77,60,19.24,713.18,201458.17,33.84,15,44,1
34982.94,60,21.63,358.83,23407.35,34.21,16,49,0
20946.27,36,18.53,220.81,232852.47,25.54,8,14,1
23043.83,60,20.02,237.01,113663.07,1.84,22,20,1
1231.41,60,12.58,1201.49,165154.43,30.04,22,9,1
9404.55,36,16.8,595.09,245541.2,34.71,17,44,1
1966.19,36,21.11,1049.46,223011.25,36.61,24,34,1
30427.04,36,8.44,821.88,103301.54,32.1,17,36,1
6680.19,60,13.46,610.16,131437.7,17.94,5,22,1
34892.84,60,19.81,212.01,197087.18,18.35,7,16,1
26089.65,36,15.65,520.17,191017.82,19.88,18,31,0
9947.33,60,18.63,1265.06,182103.96,18.95,13,49,0
7151.09,60,10.86,1222.75,22459.33,20.57,16,32,1
25477.36,60,5.65,71.7,65773.72,3.26,4,24,1
36132.64,36,5.58,236.21,70985.93,32.59,20,36,1
29016.05,60,23.86,1141.17,77641.7,0.12,12,48,1
14593.32,60,23.89,523.53,42122.57,1.24,6,27,1
23907.96,36,9.23,976.08,205519.24,1.06,3,7,1
13119.71,60,7.95,857.13,98498.22,36.01,16,7,1
39966.83,60,5.36,988.54,198385.23,39.82,11,23,1
30204.73,36,9.63,108.93,234250.66,11.89,15,46,1
24960.88,60,11.69,1398.75,91995.57,5.02,3,43,0
17507.11,36,9.82,60.83,124367.49,0.76,22,21,1
25107.94,60,20.95,41.81,40127.89,36.07,14,36,1
14323.03,60,19.99,362.44,87813.39,14.31,20,35,1
2125.73,36,6.62,1490.44,145635.8,19.69,2,13,1
16408.45,36,18.95,136.62,61443.26,15.01,7,39,1
37288.75,36,15.41,1315.52,143510.59,36.28,14,21,1
25425.74,60,7.64,263.86,91962.69,33.3,5,20,0
4274.27,60,19.79,190.38,247711.07,35.85,15,44,1
35514.75,36,6.72,1175.09,106413.79,17.19,24,20,1
11486.12,36,8.54,1274.62,28982.93,8.67,24,26,1
10507.01,36,7.98,1194.51,128779.5,24.08,10,33,1
12586.55,60,23.78,384.31,96825.07,8.45,13,15,0
23510.89,60,18.96,1323.37,105106.55,13.01,5,14,1
22242.84,36,13.23,135.67,105222.72,37.8,3,39,1
20165.14,60,21.44,532.71,222669.13,34.84,10,9,1
28983.94,60,9.32,710.88,134600.85,17.49,14,48,0
13344.97,60,23.62,129.57,78153.43,12.83,22,20,1
31500.52,36,18.94,882.37,202275.82,23.15,24,17,1
7837.55,60,16.19,852.29,121992.69,30.52,7,11,1
31522.21,36,20.89,1488.51,53431.78,7.77,3,29,1
26888.59,36,17.9,943.85,249654.61,36.28,4,38,1
27645.12,36,22.74,614.39,26292.29,7.5,13,28,1
19780.58,36,21.58,1191.57,183123.79,24.4,21,7,1
27013.06,36,8.96,522.4,214937.99,21.99,17,7,1
4112.08,36,9.79,813.32,101377.06,13.16,21,39,0
34210.49,60,6.3,111.54,56188.98,22.46,8,40,1
3166.34,36,9.4,504.32,120408.34,35.2,12,48,1
6800.92,60,11.87,806.32,130969.75,13.22,8,25,1
23494.8,60,5.58,1062.4,249931.81,35.41,23,37,0
29837.05,60,11.3,175.58,24477.1,2.51,13,27,1
3973.81,60,20.43,1201.86,170853.31,21.35,23,41,1
36909.83,36,21.81,1353.23,205023.2,11.72,19,23,1
38970.7,60,5.18,443.12,162117.95,37.21,2,26,1
24632.06,36,5.14,1155.06,164884.23,1.89,11,16,1
19768.49,36,7.93,295.11,221321.5,0.75,9,38,1
29914.4,60,22.45,799.42,149989.2,32.38,17,49,1
13805.94,36,14.39,1202.52,222764.63,29.59,22,19,1
20237.31,60,24.66,598.14,68342.75,6.2,22,16,1
36729.89,36,22.75,68.66,138708.21,37.68,15,17,1
38270.56,36,22.8,823.75,27727.09,34.95,23,40,1
37155.7,36,7.57,1271.71,204801.2,9.72,10,28,1
11235.47,60,14.5,189.24,198775.45,27.38,3,10,0
10066.29,60,24.87,73.57,143979.18,17.14,13,26,0
12608.92,36,7.98,1219.29,111039.32,,6,41,1
18211.13,36,16.48,422.68,105125.78,31.64,5,17,1
13252.53,60,11.89,565.59,66255.11,25.23,21,15,1
15594.3,36,12.76,157.86,118414.54,3.76,2,35,1
25204.84,60,22.82,172.03,89899.13,24.25,8,42,0
30738.5,60,16.76,933.38,152864.47,7.42,6,47,0
29686.77,60,20.18,841.78,200891.16,17.83,14,40,1
32762.52,60,18.46,459.83,179651.43,15.71,10,23,1
2255.19,36,15.58,695.52,138209.71,3.35,18,38,1
2861.62,60,20.83,600.65,238178.85,3.96,11,29,1
31785.94,60,24.41,1051.73,65384.5,31.51,14,27,1
21790.07,60,24.34,1297.27,167193.81,23.04,24,14,1
23547.49,60,20.79,1154.7,,38.95,23,21,1
3050.89,36,14.75,36.48,174793.01,38.06,3,31,1
10957.24,60,8.26,176.34,186827.24,7.63,10,11,1
25895.82,36,5.89,661.18,200001.9,34.22,11,32,1
34508.09,60,9.63,1282.14,172664.76,13.04,19,18,1
36762.35,60,11.81,378.35,48203.02,6.88,4,19,1
20516.36,36,7.6,1322.06,30187.27,18.07,23,29,1
22273.5,60,9.5,191.72,184280.17,11.41,23,8,0
33488.94,36,6.67,136.73,203593.5,20.34,5,29,0
21967.36,60,15.47,1372.73,27507.45,25.91,12,18,0
21157.48,36,7.53,268.11,54484.44,12.13,6,46,1
36298.28,36,19.86,711.75,201765.9,21.77,16,49,0
31807.38,36,11.65,509.16,242600.49,25.03,10,48,0
36453.83,36,18.44,247.03,139723.41,24.65,11,13,1
9511.64,36,22.65,959.2,55261.71,36.98,15,21,1
21450.64,60,6.72,1446.6,93890.57,25.94,18,35,0
33856.41,36,24.78,997.42,199727.33,13.3,6,22,1
5334.77,36,17.9,549.94,144941.88,3.78,20,19,0
31991.82,60,6.07,1076.34,33292.89,19.47,23,37,1
8135.96,36,11.28,240.57,90936.44,23.04,3,18,1
32516.63,60,22.72,882.62,193141.95,22.25,22,42,1
24868.04,60,16.92,720.1,94929.68,22.01,16,10,0
8536.2,36,10.74,559.18,119435.39,15.01,22,30,1
19460.81,36,23.81,1117.16,228161.33,38.31,21,36,0
27594.3,36,20.75,204.18,246467.89,24.52,21,23,1
25720.26,36,19.71,813.2,194156.57,8.89,14,27,0
17662.64,36,22.77,1285.96,75228.93,0.26,11,30,1
36075.29,36,20.4,326.51,75923.61,22.81,10,46,1
21251.27,60,10.73,418.88,89981.17,29.85,10,15,1
20728.82,60,16.68,1001.19,56927.7,4.38,7,17,1
3427.77,60,21.85,1165.7,61131.48,18.65,16,25,0
36962.7,60,8.62,446.5,78877.61,38.88,16,46,1
7907.55,36,8.26,559.05,171773.84,19.77,14,27,1
21605.44,36,8.18,1117.67,160867.93,34.14,2,39,0
32339.14,60,8.89,449.43,98407.4,5.63,21,34,1
9402.68,36,7.06,1009.38,65233.53,18.08,11,43,0
21567.56,36,21.75,263.49,163525.04,14.14,3,19,1
10386.71,60,21.37,634.63,50100.91,1.13,11,7,1
30628.1,60,8.03,1042.36,53636.66,20.85,8,12,1
23009.31,60,19.11,706.06,108174.36,15.95,9,46,1
34383.06,60,17.54,58.28,150495.13,24.47,13,46,1
35887.76,36,10.52,627.38,187506.42,21.86,17,42,1
26300.61,60,9.55,453.85,178005.47,18.14,14,11,1
29290.26,36,10.01,178.88,107043.93,4.04,10,27,0
22419.58,60,19.61,43.43,170570.04,17.71,21,39,1
15992.72,60,11.39,96.91,68609.77,38.84,12,23,1
26276.6,60,10.56,1425.39,133561.35,10.97,10,7,1
36423.26,36,5.45,1132.23,161513.93,15.4,17,47,1
17250.53,36,23.16,1411.42,,33.66,5,15,0
13261.99,36,20.05,198.73,38305.51,20.8,23,45,1
16149.04,36,14.46,868.65,43262.49,0.08,15,24,1
17980.51,60,23.86,152.43,36986.08,21.58,9,49,0
3868.88,60,10.87,69.41,145687.88,34.88,21,38,1
20439.23,60,18.49,715.43,151112.58,27.61,8,46,1
20278.26,60,11.1,980.13,22533.54,30.29,22,25,1
23949.31,36,11.29,123.44,171041.2,1.53,13,21,0
15149.98,60,21.89,566.64,195564.64,7.17,8,35,1
24911.2,60,20.74,162.55,46820.29,23.41,11,34,1
35250.44,60,10.88,562.29,97585.24,6.12,12,20,1
38263.37,36,6.63,723.54,215493.59,30.15,8,40,1
23760.88,36,12.15,526.17,178056.02,9.08,12,41,1
2661.05,36,20.2,877.09,90068.06,12.72,21,12,0
38800.2,60,7.01,889.35,190715.86,1.67,15,28,1
28528.62,36,18.44,519.41,224071.53,17.05,24,29,1
14102.58,36,22.8,602.71,91143.61,10.23,16,13,1
6739.15,60,8.58,678.37,177385.25,1.33,21,26,0
6593.33,36,22.24,582.21,41486.47,5.36,13,43,1
7542.03,60,6.03,1148.15,33497.07,15.7,21,36,1
2777.33,60,18.34,235.72,154839.18,13.69,24,45,0
36184.01,36,20.82,1289.84,,34.44,24,13,1
22089.96,60,13.9,516.94,206320.31,12.11,20,38,1
28298.42,60,9.07,1094.22,199465.15,16.61,2,23,1
33296.23,60,23.49,1329.15,85939.99,16.34,18,25,1
31870.1,60,5.4,1334.56,137820.35,23.96,23,44,0
35421.62,36,16.1,694.98,193828.61,36.11,3,31,1
38722.93,60,12.46,407.21,82319.13,26.98,7,31,1
18123.75,36,14.22,920.47,103251.11,33.54,13,26,1
38063.08,60,15.73,300.43,33768.6,7.48,2,9,1
29208.31,60,15.69,1192.18,50012.38,33.58,16,15,1
3756.06,60,9.07,1075.68,160350.68,28.01,19,45,0
27589.54,60,18.59,1199.59,134252.78,11.8,14,39,1
27781.95,60,5.38,666.89,58775.85,35.82,6,24,1
36328.56,60,5.42,849.42,21674.68,26.6,2,8,1
15544.35,60,14.57,181.01,58877.62,18.71,3,27,1
23811.55,36,15.84,1040.84,192417.19,28.18,5,21,1
1475.31,36,10.5,745.65,41546.93,0.27,17,8,0
13950.93,36,16.03,778.58,112563.35,12.94,11,32,0
3427.51,60,15.32,1275.08,74921.48,31.07,24,14,0
21353.05,36,11.98,1165.31,146361.23,34.36,12,15,1
32880.46,60,18.04,816.73,137657.04,32.01,21,11,1
9051.26,36,24.16,552.01,246079.31,29.25,15,5,1
21570.2,36,14.82,686.26,197762.42,19.9,18,38,1
8956.34,60,20.72,545.62,235815.8,7.58,19,37,1
5706.85,60,9.95,252.86,152930.4,4.43,2,38,1
20928.87,60,20.24,979.29,189689.71,36.96,16,21,1
4086.8,60,17.98,1046.53,225867.61,8.43,8,45,1
23906.83,60,17.79,1457.68,29446.33,9.81,11,40,1
2222.16,36,22.86,699.89,230553.54,28.87,2,25,1
5161.88,60,9.67,1496.02,68707.17,30.23,10,32,1
22449.9,60,12.37,305.03,182153.7,16.33,24,20,1
24064.89,60,6.66,995.25,197868.41,3.0,5,20,1
2130.49,36,19.52,1492.31,45144.98,19.38,21,32,1
23361.69,60,21.88,971.28,239212.98,32.51,3,47,1
33701.6,36,13.12,694.98,233108.61,35.28,9,48,0
29170.33,36,12.14,787.42,170547.14,26.01,14,33,1
6116.22,36,18.17,1272.9,55725.7,27.38,23,6,1
24106.51,36,6.51,1410.49,150191.63,0.95,19,20,1
27217.85,60,10.88,697.27,99153.31,8.53,23,23,1
2452.02,60,12.32,1165.38,,29.88,7,45,1
34358.56,60,15.37,1402.52,113530.82,21.22,16,31,0
36344.43,60,14.53,444.72,179562.35,23.48,9,43,1
34167.64,36,9.17,754.95,166513.47,32.42,14,6,1
33160.63,36,15.82,1493.26,82333.51,26.78,6,22,1
30053.64,60,23.52,549.61,143164.27,16.8,14,27,1
25703.85,60,5.54,940.94,114295.44,38.96,10,16,1
27466.45,60,18.61,995.84,106164.39,9.67,5,30,1
32449.42,36,17.49,256.6,218721.26,13.6,23,34,1
26837.44,36,23.49,1215.73,52144.42,26.7,20,18,0
13781.35,36,17.91,636.96,114390.61,9.28,11,19,1
15662.48,60,17.5,765.48,21553.06,15.22,10,5,1
35985.24,36,20.4,974.98,80234.77,27.65,10,21,1
1667.76,36,10.36,633.41,163001.76,13.52,16,12,1
28254.0,36,16.91,507.87,40130.12,2.29,7,35,1
38236.32,60,15.39,833.25,,22.4,8,30,0
28542.9,36,13.77,539.77,222452.63,30.8,14,22,0
39762.57,60,6.59,668.17,179122.13,29.71,5,18,1
27814.25,60,10.85,189.36,36166.41,24.84,2,16,1
2340.16,60,10.6,1271.77,248247.36,30.61,10,10,1
33253.39,36,19.49,635.21,237382.57,7.97,4,25,1
12100.57,60,23.41,151.69,52588.67,29.36,22,26,1
18396.23,36,9.62,1191.33,232029.74,2.0,4,22,1
13171.58,36,6.49,58.85,146487.06,29.6,5,17,1
11473.61,60,25.0,911.04,233757.64,2.03,10,43,1
17824.82,60,18.82,1062.92,242651.68,30.86,11,6,1
15771.31,60,22.73,311.08,179519.62,35.4,19,28,1
25700.2,36,7.88,222.95,86998.48,33.16,19,37,1
32712.9,60,21.02,197.41,232671.22,13.94,4,25,0
12586.46,36,21.27,1490.2,151900.04,39.01,21,31,1
9335.12,60,8.03,1139.98,98554.54,20.74,3,40,1
27008.92,36,8.23,489.68,125808.73,,6,43,1
27142.48,60,10.91,523.27,113426.46,,20,23,1
36144.12,60,9.34,983.48,235116.7,12.2,5,21,1
1621.88,36,24.51,702.78,208561.6,7.13,19,48,1
34268.59,60,12.26,428.87,27216.21,,18,24,1
21319.08,60,20.23,113.93,22266.8,6.78,22,29,1
25230.78,60,21.1,1182.26,35956.17,9.13,13,20,1
4563.49,60,12.72,1335.69,160388.98,35.46,23,34,1
17871.98,36,18.65,332.76,207330.35,16.19,12,38,1
9864.79,36,7.16,123.21,138438.15,0.0,19,43,1
10914.78,36,12.94,204.38,142985.88,12.16,11,25,1
20659.71,36,24.35,638.96,75297.17,39.84,3,17,1
32685.78,36,8.37,470.04,125637.23,29.45,7,5,1
30007.46,60,12.71,137.98,79074.59,20.15,11,14,1
24049.0,36,20.81,698.66,83022.96,5.09,11,15,1
22037.31,60,18.31,329.76,109966.78,18.22,7,41,1
17664.94,36,17.63,128.41,30935.35,25.59,18,45,1
38935.69,60,22.07,997.15,239640.42,36.75,8,37,1
22847.51,36,5.58,871.58,230280.4,19.68,14,22,1
10904.69,60,20.42,1244.8,203141.01,21.92,13,31,1
9973.54,36,22.65,474.35,150757.55,22.71,4,27,1
24842.77,60,5.32,229.66,206995.86,38.03,15,46,1
21390.27,60,16.18,559.44,244051.67,13.56,6,42,1
1300.21,60,11.97,1174.7,85224.3,34.42,9,35,1
33372.55,60,6.02,385.36,103783.28,17.25,23,14,1
28460.77,60,13.35,404.85,187680.55,29.63,18,30,0
26811.34,36,17.88,246.95,167859.05,19.32,12,19,1
3682.45,60,23.38,1480.18,209708.33,22.17,4,23,1
15120.18,60,17.41,1451.95,99805.52,13.17,10,46,1
37479.91,60,22.13,997.34,91427.1,16.59,16,48,1
34640.98,36,7.43,345.78,154645.94,21.01,20,43,1
12136.17,60,9.21,1156.84,53547.3,24.17,21,12,1
7125.3,60,24.41,888.38,29102.22,14.81,21,13,1
18514.43,36,22.75,1131.86,76151.22,33.37,3,22,1
14877.38,36,9.7,1294.8,56414.63,28.76,13,49,1
27606.83,60,17.42,498.16,21535.3,18.06,10,30,1
38690.96,60,12.25,1373.14,198942.02,29.4,11,8,1
15157.06,36,14.37,1350.88,144938.65,0.27,24,43,1
3426.74,60,22.22,834.28,173859.2,23.74,15,18,1
36006.95,60,19.71,1036.32,57501.63,21.02,24,36,1
2480.04,60,9.77,634.22,79039.15,20.58,20,41,1
38157.87,36,11.32,993.0,33825.84,24.14,19,45,1
26918.6,60,10.79,836.97,249418.97,32.1,15,32,1
37725.88,60,20.61,504.55,43710.02,1.84,5,35,1
8786.73,36,14.8,504.57,40783.95,5.95,2,36,1
2587.29,36,24.01,987.95,161258.75,0.38,8,38,1
20040.19,36,21.33,1436.24,96333.05,9.51,9,26,0
18574.31,60,9.22,326.28,224143.23,39.11,23,39,1
13928.2,60,20.72,607.03,211249.26,14.94,14,17,1
38348.6,36,15.12,1214.39,219675.11,23.07,13,13,1
33080.77,60,10.07,210.83,189079.97,39.6,18,43,1
26801.7,36,12.27,1491.43,50311.64,25.09,8,24,0
7351.47,60,24.44,1026.86,34630.7,6.84,19,10,1
29638.61,60,14.68,1368.88,34864.8,32.2,20,24,1
29353.49,60,19.39,1261.94,204409.31,22.08,12,28,1
17577.66,60,14.54,1172.39,171137.04,39.81,22,26,1
37066.65,60,12.43,78.36,245626.4,30.2,7,28,1
7512.14,60,20.93,627.55,168006.9,39.79,11,27,1
11426.16,36,21.97,326.74,77330.59,35.63,23,25,1
3465.75,60,6.44,1310.86,40588.29,7.29,14,20,1
32022.59,36,10.58,1030.02,104087.91,29.92,24,31,1
25248.62,60,15.16,187.4,65930.15,19.92,7,29,1
13282.67,36,11.33,558.61,164530.93,5.19,14,49,1
7388.73,36,20.67,131.88,42071.45,22.71,10,39,1
2565.76,60,7.29,1117.8,197677.43,3.75,15,47,1
7503.08,60,20.96,644.93,180206.66,30.48,13,32,1
18678.1,60,17.36,374.53,189362.32,14.45,24,28,1
10639.9,36,10.79,791.01,242059.7,32.36,24,38,1
11100.3,60,11.89,91.81,169628.81,27.29,20,14,1
35147.48,60,8.66,408.22,201367.06,35.13,3,39,1
21090.37,60,10.05,287.7,39620.04,7.44,8,28,1
29440.83,60,19.35,1398.05,236910.84,25.8,17,18,1
2392.73,36,12.52,584.35,70271.77,34.56,24,38,1
15241.37,60,18.75,889.18,133401.69,9.11,21,41,1
19687.6,36,15.28,769.32,,31.33,8,48,1
8270.26,36,7.91,999.03,61253.61,11.39,17,48,0
5687.47,60,14.98,440.3,28166.61,32.62,8,43,0
34941.85,60,20.13,207.55,88324.76,20.62,12,34,1
37637.83,36,10.95,149.73,55966.38,26.65,15,46,1
4073.46,60,17.96,314.29,173646.99,14.79,8,46,1
14611.73,36,8.98,739.76,84026.16,33.03,12,37,1
38373.14,36,7.71,376.96,34453.04,4.93,14,9,1
4243.31,60,12.2,667.98,225395.41,7.74,2,16,1
26102.01,60,12.78,73.07,31379.22,3.6,10,20,1
38916.63,60,20.22,952.5,82392.38,37.98,21,27,1
39150.72,36,14.2,1320.9,75267.72,18.65,21,21,1
19377.71,36,6.62,99.96,25406.55,19.1,5,5,1
7347.22,60,17.68,350.52,58003.52,12.06,6,46,0
8881.29,60,14.39,497.12,207415.26,18.79,2,10,1
35694.45,36,11.63,452.24,28631.46,9.4,21,32,1
36555.64,36,21.04,89.37,25342.27,38.07,13,9,0
24707.31,60,8.09,186.67,165824.88,10.54,23,45,1
30880.88,36,23.26,1371.32,40452.01,37.02,5,13,1
29857.32,60,11.68,1075.7,105463.17,19.53,22,5,1
26811.04,36,14.22,1438.9,20492.56,17.49,2,7,0
33263.8,60,23.58,677.48,,32.15,11,34,1
27730.86,60,20.22,1322.18,93149.61,19.78,8,45,1
21826.09,36,6.49,1230.31,160921.11,,9,25,1
10241.3,36,16.57,1316.16,134792.02,17.41,9,45,0
30011.64,60,11.21,87.56,176060.78,17.59,21,21,0
19464.08,60,15.17,989.2,235246.81,11.81,9,8,1
12496.88,60,19.86,862.94,202889.87,16.82,4,37,1
32275.9,60,14.92,831.47,234716.67,4.8,8,44,1
28171.83,36,6.42,771.44,32471.92,37.61,12,34,1
37556.24,60,15.6,1200.09,,25.6,8,49,1
7452.22,36,5.48,1453.04,94073.67,7.73,7,32,1
26318.38,36,11.97,1248.51,83645.13,31.58,19,28,1
10525.34,60,14.56,1309.48,,10.65,20,46,1
36239.74,36,17.89,741.34,200159.39,23.85,24,27,1
4880.48,36,15.12,1045.2,239485.49,36.58,12,21,0
26590.31,60,8.04,640.88,147474.21,30.61,9,47,1
31852.34,60,23.64,559.62,55509.1,4.88,16,47,1
14841.8,60,18.01,1346.06,69232.49,21.83,15,32,1
38211.39,60,11.34,1360.66,113235.45,28.31,14,40,1
34178.5,60,24.32,1032.86,104124.16,8.08,24,37,0
12490.11,36,22.65,1261.63,74802.1,4.02,9,38,1
1294.1,60,7.87,559.73,215552.49,5.92,4,18,1
12569.63,60,18.11,667.63,84425.86,38.53,24,38,1
11971.11,36,16.2,1236.89,156333.22,33.8,13,32,1
35708.62,60,8.86,615.13,,34.32,23,6,1
38717.73,60,9.67,88.75,232395.85,9.85,4,19,0
3747.16,60,16.28,549.35,164651.69,22.33,4,26,1
19380.5,36,11.43,615.4,96381.5,19.5,21,35,1
22384.95,60,21.7,257.32,166899.11,33.37,12,18,1
4623.55,60,6.95,535.86,93348.5,16.87,2,23,0
15722.41,60,23.28,1403.6,40900.01,21.52,23,38,0
13366.21,60,21.81,1292.04,131597.34,23.24,17,35,0
21906.2,60,19.77,685.51,217845.58,14.85,5,41,1
26786.45,36,10.25,1073.54,229111.62,1.36,11,13,1
28435.92,60,19.3,253.22,145060.67,19.81,13,25,0
6333.45,60,13.78,1136.25,180890.49,19.73,19,36,0
32704.96,60,17.68,729.4,160459.01,1.63,22,24,1
27463.14,60,11.25,1092.18,206489.71,19.45,21,42,1
35673.92,60,21.72,976.71,43741.67,20.45,12,42,1
18524.11,36,5.81,372.16,112315.57,5.38,21,9,1
35861.7,36,18.83,1257.0,78208.57,5.76,17,12,1
34765.19,60,21.57,871.1,21512.46,37.46,21,27,1
18097.96,60,17.93,1182.77,210881.58,7.62,16,22,1
15864.59,36,8.84,168.16,50862.7,12.48,6,10,1
37379.67,36,10.7,934.56,94376.35,11.91,20,14,1
28891.42,36,15.3,459.07,219381.64,26.3,24,15,0
37201.57,60,11.59,1295.52,185903.03,25.68,23,30,0
32082.02,36,5.1,1425.77,150574.05,36.51,18,9,1
24762.6,60,5.81,112.07,91361.53,16.11,5,6,1
5518.26,60,20.36,1094.7,138524.1,31.2,22,5,1
12367.75,36,6.67,181.38,32934.7,15.1,20,38,1
38784.85,60,23.56,1290.54,187278.41,9.6,2,38,1
13457.46,60,13.85,213.05,74582.6,35.65,5,48,1
4636.94,36,20.16,316.66,,19.35,12,14,1
28594.58,60,7.51,399.88,41728.04,15.62,16,45,1
29626.17,36,23.53,1099.91,183481.23,,23,44,1
12132.85,36,5.68,460.03,226041.21,37.58,12,6,0
12609.21,36,5.84,906.24,124865.36,18.06,22,7,1
19286.83,60,6.09,870.76,39141.86,0.79,8,35,0
1849.77,36,7.07,621.32,237367.22,1.3,21,35,0
31783.6,36,14.74,823.05,122821.35,24.36,3,25,1
13366.46,60,20.77,203.74,38478.07,34.08,15,31,1
34296.76,36,10.7,1317.98,63338.24,35.01,7,26,1
32302.59,60,19.92,334.4,47564.28,36.05,6,22,1
26794.68,60,20.48,1323.93,,32.3,2,45,1
13670.12,36,23.17,792.54,55830.84,34.89,6,10,1
21136.35,36,7.99,932.49,232261.85,33.67,14,20,1
18348.34,60,7.71,408.23,68087.09,33.61,11,44,1
14216.39,36,7.44,356.82,121652.33,13.1,16,36,0
34077.32,60,12.19,751.33,187872.15,15.75,20,40,1
19856.78,36,14.79,423.02,175703.82,12.68,22,6,1
33476.2,60,14.23,652.01,239987.22,6.18,13,5,1
5103.52,36,10.14,677.12,242186.8,13.28,4,37,0
6499.97,36,17.44,428.25,151259.73,36.3,13,23,1
39115.49,60,11.77,458.84,193029.91,38.84,9,15,1
23922.97,36,12.32,1460.18,108790.41,6.02,13,34,0
20881.02,36,7.11,893.56,118727.52,26.48,23,33,1
21403.09,60,16.84,1252.86,44005.43,,15,15,1
9395.48,60,18.11,97.24,174886.49,8.27,8,19,0
29029.45,60,20.16,32.83,82240.0,33.6,12,31,0
4306.44,36,23.08,793.08,38368.1,11.86,4,34,1
23359.62,36,20.32,1245.4,42593.11,16.41,20,39,0
23259.98,60,9.71,928.05,186146.7,36.65,5,31,1
36653.35,60,9.71,939.68,72653.25,2.32,10,26,1
21521.13,36,23.3,234.86,197096.62,17.94,13,22,1
6345.45,60,20.8,1468.49,228361.6,20.23,16,32,1
23337.38,60,20.64,808.66,98395.22,36.04,8,30,1
4561.78,60,19.39,180.82,202591.5,22.95,21,42,0
8947.96,36,10.34,638.87,118612.34,37.8,16,27,1
2213.23,36,21.95,135.8,197609.84,12.72,11,33,1
21018.45,60,7.86,644.67,90546.31,19.75,17,8,1
4296.77,36,12.0,1076.0,234242.01,0.91,20,44,0
19306.38,36,11.93,505.58,247057.51,39.55,5,35,0
37384.86,60,16.2,490.26,108815.17,9.33,12,33,1
29070.7,36,14.27,786.08,65753.26,37.15,24,31,1
4019.06,60,14.2,762.77,177626.1,16.01,20,44,1
9744.18,36,16.07,716.7,154226.69,6.61,14,48,0
27272.83,60,13.31,789.76,248037.61,16.79,14,22,1
35893.37,60,10.0,100.5,206666.66,12.96,9,16,1
2283.82,60,18.28,727.17,212074.07,38.07,19,21,1
32685.59,36,20.81,1488.26,187090.49,30.85,5,49,1
22910.74,60,14.58,1153.57,100681.48,8.3,23,12,1
22297.56,36,17.99,452.73,235243.76,21.6,7,12,0
38354.71,60,15.71,1026.24,127104.13,26.8,16,12,1
30158.14,36,6.18,514.96,111871.96,23.17,21,34,1
34154.64,60,13.46,311.53,64674.01,36.67,15,6,0
14805.83,60,5.2,1167.12,,4.52,6,17,1
22620.2,36,18.24,338.09,20518.58,1.62,23,40,1
25000.82,60,15.16,1292.18,171778.06,24.48,10,42,1
13541.77,60,7.54,589.2,159257.31,29.81,9,42,0
23239.68,36,15.84,1142.56,112697.63,32.38,13,10,1
10229.56,36,22.97,411.61,242434.67,8.45,6,8,0
6591.65,60,11.81,989.52,179414.43,7.6,24,30,1
15584.84,60,24.65,342.42,75824.73,33.54,3,38,1
29832.3,36,24.19,62.1,107101.4,13.5,13,35,1
36731.3,60,20.71,1227.47,138633.94,26.39,2,41,1
18850.85,60,21.28,1288.56,145431.21,6.03,10,15,1
26070.12,36,13.21,1324.44,83396.13,32.04,2,7,1
5018.45,60,13.05,83.36,77371.26,38.44,16,7,1
36274.09,60,24.09,1148.56,88867.39,38.87,3,5,0
23175.56,36,12.32,1258.73,241571.18,20.76,4,10,0
31433.19,60,6.94,488.2,102690.77,9.57,9,26,1
31983.21,60,8.05,721.56,106052.75,5.64,7,15,1
11002.74,60,19.21,629.64,185656.17,9.83,23,30,1
21637.8,60,12.66,676.95,57434.58,24.87,24,46,0
38458.71,60,8.99,1274.66,167927.53,17.44,10,27,1
4495.75,36,21.28,644.27,173209.89,19.1,13,42,1
27638.95,60,14.77,474.47,34838.43,18.97,21,10,0
38528.3,60,16.35,221.66,63687.4,31.74,9,42,1
12722.51,36,8.08,1022.01,127292.93,33.25,5,35,1
34596.47,60,8.86,153.78,212146.01,0.56,16,26,1
37412.64,60,7.52,119.94,188438.95,36.73,14,7,1
30136.36,60,15.29,1031.92,220893.75,15.54,12,30,1
10021.8,36,20.51,1050.6,215731.47,9.63,14,6,1
14026.03,60,19.65,322.65,137645.46,39.84,14,26,0
2396.56,36,10.22,1437.06,163125.27,4.9,21,32,1
33426.68,36,22.03,1188.09,231783.79,12.84,8,19,0
34134.84,60,7.11,1039.05,190446.73,36.28,14,10,1
25675.7,36,7.28,1138.89,102311.63,19.03,5,36,0
14748.59,36,21.99,635.47,100583.05,37.03,17,25,1
3995.63,36,9.89,699.79,104323.09,9.66,24,29,0
30369.25,36,19.16,1309.22,133896.73,16.3,5,25,1
29334.52,60,5.18,67.37,103372.24,2.07,8,23,1
36591.5,60,6.87,1209.56,63127.07,18.17,7,16,1
29490.75,60,17.19,687.93,156831.39,0.02,24,14,1
33319.1,60,8.65,712.03,219918.36,12.68,2,42,0
30092.23,36,5.56,508.78,133286.15,28.6,12,29,1
25596.8,60,14.34,922.4,70404.22,28.97,17,20,0
17651.69,60,11.61,1023.24,207001.58,17.11,14,49,1
36182.58,36,21.05,266.31,193821.17,0.52,18,43,0
26387.77,60,21.38,861.6,181049.96,5.24,21,32,1
16535.86,36,17.29,713.42,175186.61,9.68,23,26,1
4255.3,60,10.86,1179.41,199923.07,0.66,17,6,1
12337.49,60,14.23,831.57,210960.48,8.68,13,17,1
22205.34,60,19.05,661.47,226586.69,20.94,20,37,1
11749.78,36,6.39,807.53,160284.18,5.03,18,6,0
9628.18,60,11.65,751.13,110526.34,34.65,23,14,1
21568.35,60,21.45,1404.71,40676.14,2.4,12,40,1
7622.99,36,13.12,488.47,186155.77,31.03,15,13,1
32215.99,60,17.49,84.9,52477.74,17.85,2,24,1
19890.36,60,6.93,1003.14,219759.56,24.51,4,28,1
23380.65,36,20.54,917.65,113351.17,19.34,15,43,1
6747.95,36,7.01,1367.65,221511.41,17.13,14,15,1
13658.48,60,22.23,202.69,139249.16,27.21,22,14,1
16993.5,36,7.13,798.29,124301.12,9.09,21,28,1
32520.3,36,22.82,251.63,103621.1,19.47,11,19,1
31036.22,36,12.28,699.89,34109.82,32.29,4,27,1
9696.12,60,17.49,1205.07,22651.43,6.21,11,9,1
25030.98,60,21.93,1290.36,136998.53,3.71,11,44,1
10494.8,36,5.2,1255.77,227254.76,24.14,23,46,1
39541.64,36,10.31,834.69,154805.33,38.54,5,19,1
38132.83,60,23.17,961.92,218346.91,17.17,8,5,1
22967.32,36,12.76,840.8,249943.47,32.59,9,46,1
28257.2,36,19.13,855.02,61081.85,18.81,16,6,1
32255.78,60,7.8,1331.17,171702.6,9.39,9,41,0
29118.94,60,18.57,337.63,115888.79,19.4,7,28,0
28293.32,60,6.46,674.99,68025.18,17.68,22,16,1
38383.61,36,19.35,926.79,75407.85,10.09,24,20,1
24261.79,36,11.48,1155.07,76270.33,14.13,11,40,1
25815.8,36,14.32,1149.98,187819.88,15.68,6,15,1
34121.48,60,8.33,202.36,101650.46,34.37,4,48,1
27125.74,36,17.56,356.21,78818.89,12.3,14,45,0
29584.37,60,11.75,1369.93,223770.95,37.01,12,18,1
10132.58,60,12.67,555.55,27899.26,0.54,8,33,1
15479.41,36,18.04,33.99,189192.07,5.14,17,40,1
6744.75,60,8.58,323.7,240928.05,1.08,16,6,1
20724.85,36,22.04,1455.24,163897.95,30.71,24,39,0
18773.37,36,19.79,485.33,146077.48,4.98,11,36,1
39889.35,60,16.55,932.16,34132.71,22.96,7,46,1
24837.14,36,7.57,1098.18,135680.53,31.12,8,28,1
31671.35,60,18.74,980.48,103122.95,19.57,13,31,1
14026.57,60,5.36,585.02,198963.14,3.92,19,26,1
33430.27,60,21.09,662.71,206708.54,33.5,14,30,1
24988.31,36,11.08,1261.84,58548.56,8.25,14,40,1
28182.7,36,7.34,1004.29,140116.14,3.78,15,18,1
12482.8,36,8.29,64.45,217785.68,,17,23,1
22396.9,60,24.26,329.08,163641.13,1.12,19,5,1
25727.44,60,20.48,450.86,130623.35,24.71,17,38,1
23974.69,36,9.76,567.27,226554.16,16.82,13,5,1
36692.55,60,24.27,878.03,242292.22,17.38,14,44,0
36032.63,36,7.8,568.77,74113.04,32.18,7,9,1
38868.38,36,19.67,1242.77,62043.11,,18,18,1
27029.69,36,18.13,726.54,218910.85,29.67,24,31,1
38904.65,36,21.43,768.2,75878.38,28.22,23,6,1
33466.64,60,12.63,658.26,215002.88,35.57,20,26,1
11562.45,36,13.04,486.39,89273.02,23.09,9,34,1
17669.99,60,17.49,1095.46,24412.93,6.4,18,15,0
10297.31,60,12.96,367.46,117046.01,1.86,5,19,1
1163.69,36,5.83,1043.55,29284.44,17.68,9,41,1
8333.9,36,19.59,808.67,67837.97,28.81,3,21,1
1158.36,60,17.82,180.33,130253.21,1.69,7,43,1
29073.7,36,13.47,56.41,28853.92,9.93,9,40,0
17595.84,60,11.06,279.08,27639.39,30.83,12,5,0
13190.41,60,11.41,1148.7,55683.92,9.22,15,20,0
30707.11,60,19.82,595.36,126433.31,15.24,4,5,1
33466.98,60,19.58,1213.17,244023.9,29.88,13,23,0
39036.68,36,21.38,767.8,41485.3,17.22,4,13,1
26038.53,36,20.24,78.14,163050.87,30.85,5,39,1
18999.63,36,20.16,1273.76,134326.84,10.81,20,23,1
12905.31,60,10.04,1406.31,33835.71,38.32,17,38,1
9670.41,36,7.03,139.1,27852.63,3.75,20,13,1
9304.11,60,20.24,336.28,71022.3,30.06,6,38,1
16958.39,60,6.97,1081.86,177492.68,2.97,8,46,1
39679.67,60,24.64,1495.85,241349.31,33.8,19,17,1
1033.29,36,22.5,1318.17,147897.88,5.46,4,18,0
8691.03,36,15.67,175.45,30527.62,23.46,10,37,1
8347.33,60,12.04,922.64,79334.36,13.34,15,28,1
28967.66,36,15.54,1007.85,236734.12,24.19,20,39,1
14746.9,60,19.69,957.32,22879.72,1.91,7,19,1
18833.17,36,20.13,865.05,158517.88,35.25,23,21,0
6796.34,36,6.47,459.54,61151.12,28.57,22,25,1
16794.88,36,21.1,1012.7,35228.55,13.83,16,7,1
5024.79,60,17.83,1100.82,78520.33,18.82,23,5,1
21788.69,36,5.81,876.38,235507.32,25.05,17,18,1
4819.6,36,11.26,760.82,195204.6,24.71,12,33,1
31829.83,60,15.21,351.97,59380.61,25.59,3,11,1
23097.47,36,8.77,830.74,35111.68,,24,44,0
29234.75,60,8.1,218.53,,31.73,5,21,1
17322.14,36,5.29,136.89,32112.04,18.39,22,29,1
15878.16,60,23.23,1173.44,112933.72,32.01,7,45,1
4830.15,60,6.12,1024.12,,,13,47,1
21430.37,36,12.32,984.08,135152.6,4.13,15,31,0
21065.58,60,9.12,1394.35,226273.36,14.24,5,15,1
19255.98,60,19.82,589.74,201989.19,21.24,23,39,1
29880.22,36,19.14,617.61,147711.78,5.4,16,15,1
33467.67,36,21.12,638.21,201792.95,10.37,12,22,1
30280.8,36,17.34,713.97,41819.32,1.97,21,24,1
6610.76,36,16.83,783.88,66313.19,27.25,24,10,1
25260.32,60,13.14,1173.69,181096.71,19.86,17,20,0
4132.6,60,17.73,350.02,21315.59,1.25,8,45,0
28090.27,36,7.3,668.1,21076.23,12.15,13,44,1
15891.72,36,18.69,772.54,107478.53,16.33,21,6,0
6167.46,36,7.08,278.6,219427.61,13.7,15,29,1
34619.98,36,22.23,1061.86,245595.47,0.73,2,5,1
24946.33,60,15.11,112.72,169462.13,11.51,15,6,1
14834.27,60,15.61,891.29,238563.39,3.25,6,11,1
2198.36,60,16.7,327.15,214964.89,0.23,21,18,0
21955.1,60,20.52,42.45,66340.88,14.13,19,22,1
37005.81,60,14.57,494.18,112909.85,15.46,6,37,1
24258.81,36,13.55,660.84,163467.47,36.58,19,33,1
38894.37,36,10.77,1231.43,54801.87,5.13,4,43,1
6321.59,60,7.56,629.53,92013.93,28.02,17,5,1
23163.9,60,8.81,1375.69,193969.31,10.54,11,35,1
32126.88,36,5.01,1268.53,99271.14,19.9,19,49,1
21496.09,60,22.39,313.32,232964.65,17.23,19,48,1
4551.59,60,20.3,258.9,113558.67,19.36,2,42,1
23732.55,60,9.37,388.45,70544.79,30.5,14,31,0
24857.78,60,5.05,558.73,68327.3,0.74,4,31,1
29419.66,36,14.84,887.72,178059.4,13.17,14,48,1
30687.25,60,13.25,212.4,104674.92,13.61,3,49,1
31060.13,60,20.52,812.1,74567.95,3.79,11,6,1
26874.33,60,13.06,883.74,179589.27,0.43,7,24,1
9416.64,60,22.28,1001.51,116921.43,28.76,23,21,1
16765.19,60,6.92,838.64,214578.31,35.31,21,43,1
31269.07,36,12.32,1243.0,146264.98,12.44,9,43,1
38183.65,36,23.68,973.14,,26.12,24,12,1
4078.93,36,5.23,1389.09,106124.5,39.81,3,7,1
21885.93,60,12.82,1060.36,84884.01,6.57,12,5,1
13188.37,60,10.19,671.08,168247.21,,18,33,1
9790.36,36,15.64,338.24,182923.85,32.72,13,35,1
20726.62,36,10.58,45.47,23902.75,0.13,6,11,0
24637.48,60,22.4,162.89,173958.12,23.71,22,17,1
1381.12,60,23.74,308.82,61634.85,19.12,7,44,1
31428.06,36,21.98,348.17,240538.49,28.83,20,25,0
32975.4,60,12.97,1120.8,152481.56,21.16,19,35,1
38654.92,60,24.8,597.5,49127.18,20.65,5,30,1
8045.11,36,19.7,507.07,32125.22,28.41,12,34,1
24187.55,60,12.11,106.98,222308.8,22.0,15,37,1
17638.39,60,6.87,821.83,215643.52,,18,38,1
14058.29,60,18.34,930.98,119841.85,27.92,12,6,0
23059.7,36,19.57,1320.45,40125.0,32.27,8,9,1
31512.94,60,7.45,769.18,109695.96,16.9,3,44,0
1899.06,60,15.99,41.35,194921.79,38.32,4,10,1
38806.6,36,24.74,125.96,172143.64,17.94,19,32,1
32585.38,60,11.52,428.38,218988.01,13.85,4,23,1
30294.99,60,11.04,234.6,192774.19,37.57,20,27,1
30655.11,60,23.07,1162.76,95931.01,15.08,6,37,0
16173.37,36,7.35,188.55,98460.64,14.62,6,32,1
30313.2,36,23.67,266.35,168983.72,22.25,20,18,1
16084.04,60,20.59,1010.18,91339.72,33.98,24,10,1
36049.57,36,12.82,382.25,219561.82,13.2,23,23,1
7911.67,36,6.67,1454.55,95371.42,33.18,5,6,1
12401.55,36,5.38,1298.89,132454.59,6.52,15,11,0
22502.16,36,12.52,1124.47,29942.34,6.9,2,34,1
13449.23,36,19.11,534.41,47160.8,18.04,24,38,1
17545.25,36,14.75,113.47,50336.06,10.53,7,14,0
20204.48,36,19.77,524.51,99150.02,19.37,22,40,1
34397.78,36,18.41,583.79,46824.02,0.5,5,5,1
21404.5,36,16.46,217.33,125134.86,11.07,6,36,0
15135.93,60,24.35,207.34,81905.64,37.9,23,31,1
10661.71,36,19.57,1012.12,82664.95,35.17,22,42,1
16938.36,36,23.29,371.63,122465.31,1.15,2,17,1
21113.71,60,9.84,1026.68,216383.12,32.17,11,38,1
30098.48,60,19.27,836.0,195197.96,17.76,4,48,0
5720.9,60,16.96,1355.15,223256.92,32.67,5,17,1
9642.76,60,23.49,1201.84,247740.38,11.2,19,30,1
15806.51,36,15.21,252.52,22553.48,22.01,15,15,1
15055.54,36,10.59,926.94,179276.86,39.44,8,5,1
16278.18,36,12.7,990.1,47560.8,13.07,2,13,1
31947.33,60,9.38,1297.22,235469.5,35.39,14,46,1
13642.02,36,9.4,972.21,72174.53,35.09,24,28,1
20574.03,36,14.41,236.85,100489.78,6.16,21,38,0
25332.37,60,22.85,409.92,245182.23,9.74,7,23,1
10054.96,60,8.84,967.27,219454.25,5.12,10,11,1
29029.12,60,10.76,1370.56,,11.52,6,27,1
22337.34,60,22.06,1340.55,30779.31,20.95,6,9,1
18424.47,60,11.79,558.0,208333.44,37.12,23,25,1
32581.58,36,24.25,1251.09,36185.57,15.86,13,39,1
10496.32,60,10.38,781.59,215898.93,39.52,21,21,1
35443.86,60,13.84,712.58,232662.78,15.97,21,6,1
22880.9,36,6.91,545.8,25482.54,23.56,22,46,0
24757.82,36,24.84,1026.96,70601.57,38.59,9,32,1
35127.3,36,22.8,911.41,25333.68,24.06,5,9,1
32885.72,60,21.35,580.76,36751.64,15.48,14,15,0
24460.92,60,8.15,1151.37,142836.72,21.02,5,43,1
30374.32,36,24.39,587.64,187937.72,21.75,17,12,1
17899.46,36,23.58,889.05,130278.95,4.2,14,16,1
22347.73,60,13.71,606.8,108767.3,16.19,11,18,1
3420.74,36,18.63,201.81,67545.57,21.05,22,7,0
4504.46,36,24.85,266.96,74412.5,31.17,19,19,1
33347.59,36,13.19,995.41,153951.16,0.24,14,36,0
3327.19,36,7.26,1222.5,216825.79,32.56,17,23,1
7606.57,60,22.36,718.64,113051.14,10.81,17,23,1
32037.47,60,14.53,508.61,236114.35,28.62,23,11,1
1044.69,60,24.74,524.65,31987.34,30.89,20,16,0
12013.77,36,16.02,908.54,210718.44,34.39,22,11,1
23777.51,60,5.59,717.5,97896.54,38.07,16,41,1
24222.55,60,14.83,31.09,219816.51,36.0,15,40,0
31308.96,36,19.36,1164.06,231465.83,25.33,19,27,1
20731.12,36,5.52,239.21,181093.94,29.02,16,38,1
20866.67,60,13.27,1021.97,101662.24,28.08,2,43,0
29287.11,36,8.11,535.99,125094.91,20.72,2,6,1
20446.35,36,17.86,879.66,146908.53,30.74,18,20,1
24731.15,60,24.15,1287.02,126278.38,18.12,12,6,1
36013.19,60,17.49,256.78,201965.6,32.8,7,40,1
16656.59,60,18.9,1173.12,197451.51,29.75,17,21,0
16019.88,36,12.93,86.31,22910.75,19.59,24,43,1
1138.41,36,16.26,1384.41,54882.23,20.57,23,33,1
24923.62,36,15.88,326.33,103616.23,25.64,5,28,1
2161.1,36,20.19,1197.79,174657.74,13.32,19,31,1
20661.79,36,22.14,128.81,72830.53,22.24,15,30,0
32365.12,36,18.26,510.76,94241.56,36.0,10,11,1
22446.92,60,24.6,961.31,126278.4,12.44,4,5,1
11515.81,60,21.57,998.47,155597.75,27.58,22,19,1
31660.57,36,7.49,1057.25,227413.18,1.59,15,13,1
11518.96,60,15.15,545.76,205065.5,5.13,9,42,1
29588.24,60,23.06,1009.03,102620.02,35.4,15,17,1
24800.08,60,23.88,659.9,196636.29,36.13,17,37,1
7629.86,36,12.6,861.9,211511.34,22.75,8,34,1
36300.22,60,19.51,834.42,140137.6,23.88,17,21,1
8825.1,60,13.21,277.17,88089.73,16.39,22,22,1
39593.9,36,7.47,1274.5,236906.57,23.87,3,20,1
1285.11,36,22.69,1304.7,241318.09,35.03,23,26,1
11275.85,36,23.64,329.48,71655.98,6.18,16,15,1
8794.55,60,15.1,642.3,200565.21,20.02,2,19,1
1545.74,60,5.37,713.37,29603.57,35.04,13,45,1
29562.35,60,21.32,836.92,20548.93,2.84,17,31,1
28043.61,36,14.54,62.74,100861.85,8.05,8,12,1
31901.69,36,6.5,1145.46,126383.84,20.51,17,8,0
11011.24,36,8.79,1297.08,145657.41,24.7,10,36,1
18329.07,60,8.04,239.03,107000.84,28.29,15,24,1
26705.43,60,18.73,1348.04,49623.52,7.4,22,42,1
18150.97,60,10.99,1280.84,99302.05,23.91,12,34,1
28195.71,36,7.55,827.12,209019.93,13.74,2,11,1
25724.96,36,23.35,433.86,97213.29,12.66,5,41,0
5471.26,60,24.13,335.01,156229.83,2.52,19,9,1
31460.68,60,7.77,749.01,176601.63,4.96,12,47,1
29106.38,60,9.6,775.59,188460.49,31.96,14,46,1
26577.54,36,16.84,988.25,132237.02,18.27,17,22,0
7048.65,60,8.01,1208.41,48913.8,29.96,20,28,1
11451.86,36,8.17,1403.71,227116.89,32.7,11,38,1
16333.9,60,11.73,1200.53,79871.04,31.73,16,5,1
11917.26,60,23.98,1366.3,97959.85,39.25,20,44,1
9884.6,60,24.25,764.07,197969.01,10.37,13,27,1
32408.95,60,21.84,87.16,195610.48,2.91,2,32,1
25891.06,60,18.91,106.19,226168.76,20.91,7,46,0
23053.41,60,19.41,424.68,27762.08,38.53,7,30,1
9812.16,60,14.39,932.56,,8.09,11,8,1
36804.99,60,15.6,522.78,202211.86,21.76,20,38,0
8456.14,60,17.69,274.23,140771.8,16.38,22,34,1
32003.09,60,19.63,1280.23,56681.75,24.95,24,20,1
38700.23,36,6.94,1477.94,145348.55,17.45,17,22,1
29356.62,36,9.5,54.46,64606.97,39.54,11,36,0
39721.49,60,24.26,161.45,241940.13,31.17,5,41,1
26390.99,60,11.7,764.03,183026.85,30.92,18,17,1
9480.95,36,10.37,526.37,157134.3,14.68,19,21,0
8948.96,36,13.44,1179.76,207073.63,30.61,5,18,1
13658.01,36,10.82,991.82,142462.86,20.87,20,5,0
1278.07,60,6.82,130.71,33859.76,34.29,21,43,1
27586.24,60,9.16,830.98,79576.8,31.29,4,43,0
11478.04,60,17.8,524.7,245788.14,26.81,9,23,1
32792.15,60,9.46,1448.72,215686.99,9.65,15,46,1
15007.73,36,17.95,728.66,233312.31,22.95,17,37,1
19718.3,36,7.0,1393.67,42501.13,35.72,13,16,0
38661.87,36,5.84,74.36,77039.63,24.96,11,14,1
10444.71,36,22.23,181.81,34545.3,33.27,3,33,1
29128.91,60,20.2,597.82,209097.8,21.35,7,31,1
30449.59,36,18.32,1333.83,59997.08,33.72,15,37,1
9618.93,36,5.62,830.57,114312.13,23.34,7,20,1
20538.88,60,9.79,1241.49,81985.46,34.05,17,24,1
14657.88,60,21.25,446.79,233982.22,18.91,5,18,1
31104.34,60,7.89,193.9,159927.45,26.66,18,18,1
25276.85,36,21.26,391.68,203885.99,2.29,15,18,1
19563.34,36,16.68,978.6,158492.46,17.51,4,45,1
31395.17,60,19.81,1310.98,160886.67,5.58,3,16,1
10171.07,60,17.89,698.85,108070.03,9.21,8,24,1
30391.25,60,13.34,314.61,74970.07,21.65,22,10,1
34749.6,60,10.84,967.29,100129.0,21.63,10,34,1
35266.24,36,18.45,319.49,87817.83,31.97,21,41,1
31563.27,60,21.14,868.32,178982.04,19.0,4,21,1
16912.55,36,5.89,180.37,117189.77,37.77,8,35,1
39290.51,60,12.6,1222.37,146537.68,13.4,2,25,1
15804.15,60,12.01,1213.59,197316.54,18.36,18,10,0
25906.39,36,16.19,825.65,81307.67,30.82,15,15,1
7281.89,60,7.28,86.13,117439.41,26.28,4,48,1
39237.51,60,23.67,441.87,139482.06,6.67,4,36,1
28455.45,60,15.97,233.28,32375.65,20.76,18,30,1
30381.72,36,23.48,799.48,55002.93,3.03,17,48,0
3565.29,36,21.34,179.55,34607.44,5.97,2,8,1
30773.29,60,8.83,1308.5,193019.05,4.18,3,13,1
31214.21,60,7.65,1279.74,88978.95,3.8,3,48,1
27199.14,36,22.23,259.46,117196.5,5.85,4,6,0
12384.47,36,15.72,1051.49,174634.62,35.62,11,30,1
20097.91,36,5.39,1053.86,242287.99,27.52,4,32,1
5306.94,60,23.68,613.23,206540.49,27.02,17,31,1
19391.9,60,14.46,254.91,33293.91,35.84,14,13,1
10509.13,60,11.02,224.2,90318.8,27.91,18,47,0
14614.78,60,15.33,1117.03,31287.76,24.36,22,38,0
7341.42,36,21.46,353.66,34183.71,29.81,3,47,0
9972.12,36,7.21,917.08,49314.89,27.91,6,31,1
3986.18,36,12.18,1302.85,93848.82,24.03,22,9,1
36876.15,60,11.38,901.86,73244.81,4.31,20,47,0
21686.02,36,21.79,1461.72,101000.18,2.81,13,47,1
16472.94,60,20.57,978.89,209062.3,6.6,3,41,1
21866.14,36,13.0,492.47,203467.43,24.85,3,13,0
25503.44,60,18.29,1283.13,100669.94,20.88,3,10,1
36953.27,60,12.89,487.04,171758.89,21.86,3,32,1
7969.03,36,16.43,1458.21,105712.65,15.42,16,11,1
12526.55,36,24.82,732.27,108770.12,32.92,11,23,0
39055.78,36,15.71,1431.27,175416.16,29.69,7,32,0
15476.53,36,24.77,299.89,108393.99,2.06,20,31,1
1879.9,36,19.94,46.76,146329.75,8.01,14,20,1
6758.1,36,7.41,318.31,46501.97,21.83,22,31,1
2027.21,60,20.92,174.6,143927.04,7.65,20,22,0
39607.0,36,8.23,1108.92,190659.88,5.65,17,48,1
11875.96,60,15.65,418.88,224325.46,0.38,8,5,1
37018.17,60,17.26,970.03,53869.51,39.32,20,48,1
39839.56,60,22.84,1012.93,114463.5,9.25,2,13,1
24393.81,36,9.21,1041.72,131822.44,16.9,20,17,0
2294.66,36,22.52,1253.93,228106.76,25.08,18,22,1
4182.07,36,23.69,248.98,79203.93,9.85,20,46,1
19781.97,36,6.79,104.18,58102.49,32.56,6,20,0
16840.71,36,22.71,73.67,52542.88,23.7,6,24,1
24640.91,36,10.18,182.57,55622.3,27.39,4,36,1
18115.06,60,6.62,587.4,219990.55,6.15,12,38,1
37429.0,60,24.17,1452.04,162555.66,28.9,12,38,0
21854.85,60,12.84,549.24,116767.37,2.12,8,5,1
28055.32,60,17.46,695.8,219349.72,12.84,16,39,1
35962.93,60,16.06,1227.16,88546.61,17.22,5,5,0
6728.0,36,9.26,1380.34,233407.86,3.81,20,17,1
9959.65,36,18.39,1458.02,,22.37,3,32,1
5185.43,60,5.92,1244.88,24733.26,13.64,11,12,1
6445.9,60,9.06,768.7,126405.63,5.41,3,7,1
20990.77,60,23.89,367.33,213767.4,11.42,8,7,1
13525.99,36,24.07,909.6,111113.21,23.21,13,6,1
17503.74,36,14.65,319.29,247043.06,9.01,4,37,1
39317.1,36,8.38,111.92,214714.66,18.81,16,49,0
7111.47,36,13.43,1381.45,193201.75,27.62,13,38,1
22091.67,36,22.54,742.64,51166.75,24.45,16,49,1
4855.98,36,6.41,777.11,44809.28,30.56,13,31,1
13421.36,36,7.56,925.55,167473.58,27.68,14,23,1
21573.51,60,22.91,693.57,172127.82,19.38,12,11,0
37918.64,60,13.31,683.31,53929.14,20.79,9,38,0
16257.9,36,6.67,1375.26,216412.01,10.59,8,37,1
3531.36,60,7.78,1230.32,220958.07,37.28,22,38,0
16138.3,36,22.65,342.51,115816.1,36.08,24,38,1
6683.91,60,14.8,458.91,159778.06,32.66,18,21,1
9969.59,36,8.26,1001.12,137469.22,5.96,12,11,0
25105.53,36,22.88,869.51,28202.4,30.89,9,42,1
3629.53,60,21.91,1156.25,,37.1,11,45,1
19124.23,36,5.46,1099.62,199348.57,36.39,4,34,1
24769.0,60,16.62,1071.56,132312.22,36.2,24,41,1
17452.48,36,9.89,1323.92,160507.36,26.96,5,32,1
1745.93,60,15.66,1156.83,160959.41,10.01,19,28,1
39435.25,36,10.59,386.99,107312.54,23.42,21,22,0
15317.51,60,11.32,1313.07,26764.9,11.35,8,25,1
31364.51,36,17.04,523.23,200989.23,32.03,12,9,1
13700.21,60,15.78,1369.01,127741.21,6.89,19,40,1
19525.65,60,12.9,1241.68,51948.59,8.66,6,20,1
16150.08,60,7.15,138.91,24847.31,10.6,23,17,1
14359.03,60,24.39,1163.78,24029.83,23.77,6,37,1
1852.2,36,8.49,765.17,27669.85,23.52,8,44,1
15040.82,60,17.66,1466.36,55655.43,21.97,14,17,0
35690.11,36,6.65,703.88,,5.81,23,9,1
27925.34,36,18.77,128.5,76842.99,18.54,22,32,0
6671.49,36,6.9,460.91,165389.52,37.14,10,13,0
24055.05,36,9.59,662.41,75559.76,37.53,20,31,1
35797.0,36,17.94,900.12,175010.16,19.22,18,22,1
28301.33,36,10.66,253.6,209369.93,10.5,13,19,1
6798.69,36,15.66,787.17,108501.63,39.71,13,24,1
34845.47,36,7.49,740.71,185221.25,8.8,4,6,1
12760.22,60,9.05,1259.89,43949.49,33.64,12,14,1
18708.97,60,19.68,474.53,95422.6,11.79,22,18,1
21519.57,36,5.7,690.79,177006.66,36.4,7,20,1
34169.76,60,7.24,601.26,234310.56,4.76,9,24,0
37332.69,60,9.3,959.38,161577.15,12.65,7,44,1
37256.46,36,5.4,1259.2,103682.43,25.72,22,12,1
1310.21,60,6.91,1023.17,92148.75,3.79,2,21,1
36953.65,60,10.63,713.62,110056.42,15.67,12,33,1
3121.09,60,6.86,967.61,170166.86,15.75,22,30,1
11365.17,36,22.32,503.7,95207.88,20.45,13,37,1
21084.53,36,6.32,241.83,128099.53,0.15,13,7,1
19717.1,60,22.22,499.99,194570.16,26.05,6,11,1
24583.68,36,21.46,682.22,74689.09,16.37,15,16,1
19698.4,36,7.02,675.72,184797.31,9.68,23,24,1
37440.65,60,5.5,1114.27,195135.57,8.25,7,14,1
10381.41,60,6.0,1406.43,218645.18,31.0,20,47,0
11686.96,60,16.81,601.77,25490.1,11.45,17,43,1
36908.78,60,18.41,157.08,46165.12,27.09,13,32,1
3992.84,36,17.41,79.12,239612.64,0.39,8,21,0
24772.87,36,15.83,35.81,48929.72,38.81,14,42,1
27587.7,36,8.49,1409.01,132210.01,3.22,15,19,1
20716.13,36,21.82,1493.58,58398.39,16.18,10,12,1
28075.04,36,11.55,105.53,206734.23,26.71,3,23,1
7737.43,36,24.72,556.57,42195.75,24.97,4,24,0
34252.66,36,12.7,1013.94,39691.87,35.7,23,23,1
6461.0,36,10.26,293.05,,38.79,6,24,1
16631.69,36,22.89,903.82,74781.25,28.79,6,20,0
3935.05,60,16.35,1226.02,172157.91,25.55,13,44,1
22263.23,36,19.44,1291.39,177503.44,3.93,19,42,0
27120.09,36,13.17,1068.44,154791.18,17.63,24,13,1
37707.64,36,22.74,150.19,211965.92,7.48,21,26,1
29834.11,60,23.35,542.14,180390.79,15.19,2,19,1
22103.01,60,13.74,1451.99,63128.87,5.65,13,32,1
37372.06,36,9.81,313.35,38033.71,31.41,6,8,1
19659.04,36,17.95,697.27,191985.41,20.53,8,49,1
22887.02,60,24.09,521.24,190204.95,4.42,6,18,1
24247.84,36,17.45,332.14,215574.26,20.83,2,29,1
16989.21,60,24.08,505.6,66539.52,13.18,20,47,1
33700.82,36,11.88,308.59,71324.03,20.05,10,46,0
8221.86,60,23.3,1319.56,152634.38,10.27,18,42,0
22638.85,60,7.25,286.43,55792.44,30.26,8,41,0
29167.1,36,12.18,946.61,88157.69,0.33,10,13,0
36255.07,60,14.89,1415.2,206859.06,5.61,21,22,1
35472.82,60,18.06,1430.39,96868.81,22.85,17,32,1
20840.87,60,10.88,912.62,22605.61,25.93,20,33,1
26083.3,36,23.48,428.22,169690.05,1.66,16,41,1
16375.27,36,23.07,394.41,61534.82,26.65,15,34,1
19258.93,60,20.99,1128.78,65041.45,8.06,5,44,1
36344.37,60,7.29,1471.64,23801.81,5.9,5,34,0
37297.46,36,6.57,144.06,152947.37,0.8,13,32,1
35921.15,36,14.96,1190.52,149237.95,19.67,4,42,1
6396.46,36,20.31,210.79,42180.26,30.09,16,22,1
34153.28,60,7.46,468.33,31599.05,23.82,12,35,1
37986.19,36,17.83,862.94,132892.3,34.63,12,37,1
15088.74,36,15.56,466.92,199696.8,21.36,9,9,0
21227.21,36,19.52,985.88,239360.7,0.36,12,22,1
31384.71,36,13.71,643.28,37285.42,34.19,24,46,1
22921.05,60,18.87,352.1,182879.57,36.75,12,38,1
39745.86,60,8.19,810.47,64032.8,,13,11,1
18772.82,36,9.29,65.29,27814.44,7.61,11,26,1
28843.77,60,23.07,1119.39,96997.42,39.62,13,10,0
31911.05,36,11.59,797.76,151992.7,38.45,2,47,1
20269.92,60,24.71,1421.65,158310.96,34.26,6,40,1
34422.37,36,5.92,181.1,31316.44,23.25,22,16,1
22300.03,36,14.92,1106.47,233393.34,7.93,2,35,1
17054.38,60,11.5,472.4,32555.35,7.75,11,40,1
5205.12,36,24.92,578.53,69954.13,20.75,2,33,1
16343.13,36,24.8,542.28,119476.07,35.7,8,21,0
29623.52,60,9.7,556.29,237500.04,15.32,20,21,1
36930.17,36,10.35,663.33,247983.47,19.76,2,12,1
10815.5,60,19.99,60.88,20080.91,16.77,2,41,1
14854.19,36,22.79,1274.73,71638.62,29.53,17,14,1
7004.48,36,18.27,1326.24,135310.62,3.96,2,42,1
27938.19,60,22.29,88.15,,28.8,4,42,0
38447.35,60,6.27,1170.72,171051.64,31.41,3,18,0
25997.14,36,17.81,136.24,77847.5,28.61,19,39,1
25065.98,36,19.0,1217.49,65428.13,27.08,9,24,1
22586.11,60,8.81,931.09,23283.0,15.61,19,12,1
4449.77,60,20.56,480.34,213857.77,19.34,10,6,1
29450.65,36,23.89,932.41,107123.32,8.47,13,19,1
24479.93,36,22.96,774.77,218798.38,27.69,8,10,1
26797.59,36,9.9,964.56,94452.37,8.36,6,20,1
36053.63,60,11.48,728.8,193888.0,22.32,4,19,1
31574.47,36,14.99,1166.13,36022.04,29.88,11,16,1
31455.69,60,8.17,96.55,206631.37,7.38,11,33,1
37160.17,36,24.08,536.09,224932.84,10.83,21,21,1
39607.46,60,8.23,852.15,80922.48,17.56,4,27,1
23670.03,36,20.23,894.72,52628.94,25.89,14,14,1
5246.38,60,11.83,279.23,65113.32,12.93,23,42,1
18906.07,60,16.47,139.56,219590.46,7.11,22,48,1
31716.44,36,5.94,60.84,85827.32,,3,26,1
2081.29,60,9.1,637.13,73211.53,10.51,23,19,0
3218.61,60,13.89,515.67,245143.1,16.18,22,35,1
3619.15,60,18.54,864.68,174102.56,3.72,11,7,1
29510.39,36,20.55,690.79,211411.76,38.09,13,6,1
20545.5,36,5.6,609.28,191822.56,39.96,21,13,0
15387.02,36,8.05,1269.68,106023.14,34.85,24,49,0
5119.06,36,19.6,943.63,218431.67,33.1,18,29,1
29557.37,60,21.26,979.77,155278.89,17.17,2,36,1
13519.77,60,9.73,591.28,171201.22,13.48,12,29,1
11347.64,36,9.59,1171.96,94997.95,17.31,17,7,0
26440.45,60,6.76,253.57,245667.69,0.76,16,8,0
22801.42,60,8.01,620.94,216558.43,6.39,6,23,0
15134.02,36,5.16,99.35,,21.86,18,15,1
26018.01,36,16.8,199.69,66891.74,37.08,3,7,1
11577.64,60,23.08,149.84,192174.25,37.09,12,29,0
31998.38,36,7.99,678.91,25922.91,28.58,9,39,1
9943.44,60,20.03,1055.07,97153.6,19.4,16,27,1
7194.67,60,16.47,489.66,142479.26,10.7,14,8,1
31515.14,36,23.8,69.12,67129.55,16.56,14,36,0
28607.79,36,20.96,1069.6,220824.76,39.4,18,9,1
8122.92,60,22.05,334.93,224531.68,34.29,11,17,1
5533.58,36,17.78,1092.33,240074.61,19.38,8,35,1
33697.56,60,21.23,40.81,53656.1,34.14,21,7,1
31287.34,60,12.02,489.14,38236.13,29.9,5,28,0
13763.04,36,9.18,943.21,147901.74,16.14,7,29,1
26669.7,36,23.25,1310.59,202259.57,19.76,11,13,1
5842.25,36,19.69,1138.57,86943.41,18.54,17,20,1
20774.86,36,6.81,690.94,75423.46,0.58,21,43,1
1730.48,60,22.34,1086.22,139075.78,12.85,14,15,1
16272.47,36,11.98,820.19,130872.87,1.55,14,17,1
3918.87,36,10.97,1225.69,130296.5,35.4,10,33,1
19530.74,36,17.47,1164.94,113213.71,23.46,24,7,1
17445.58,60,16.37,1464.5,187223.24,16.16,18,40,0
18331.02,36,15.77,184.26,161378.87,3.99,7,35,1
2767.92,36,10.1,530.84,132197.52,1.63,22,11,1
15103.04,36,24.2,312.79,185761.11,10.25,22,9,1
30502.87,36,24.0,957.23,80190.1,15.83,13,27,1
15387.66,36,5.08,1006.12,225122.46,23.95,9,18,1
28891.71,60,11.76,329.6,108358.56,14.08,6,13,0
15409.67,60,5.91,649.68,95346.31,19.25,20,31,1
17506.34,60,22.0,915.16,144723.24,27.2,16,10,0
22991.79,36,22.73,998.66,82194.16,1.75,19,42,1
38076.6,36,15.37,180.89,81810.24,20.99,21,5,1
5245.56,60,21.79,1383.98,37911.17,11.39,13,36,1
2283.64,36,19.07,80.1,169945.98,31.28,6,38,0
24710.33,60,14.99,1460.23,229927.98,12.92,24,18,1
38014.79,36,12.28,495.0,177610.62,6.79,12,23,1
39599.2,60,10.32,495.03,150579.61,31.58,21,45,1
19882.41,60,10.19,685.66,183711.38,30.75,10,16,0
19255.18,36,16.24,1051.59,242283.69,18.56,24,24,1
26153.59,36,8.34,264.61,97393.56,7.37,7,37,1
22669.76,36,8.5,404.83,119058.83,18.92,10,41,1
25729.43,36,5.21,1443.51,85830.24,17.67,9,33,1
35085.98,36,17.27,1318.96,23845.84,5.88,21,29,1
30105.94,60,24.89,342.22,99908.11,14.52,6,25,1
20378.22,36,22.78,872.33,36471.58,32.58,14,20,1
19012.71,60,19.11,329.29,217431.72,20.12,18,34,1
25944.47,36,20.71,838.59,184590.11,5.18,19,33,1
18772.55,60,13.34,567.69,89927.22,35.38,5,33,0
18853.39,60,10.96,562.76,95427.27,29.76,4,25,1
1635.93,60,12.37,963.55,151008.75,21.73,14,49,1
7788.5,36,6.63,400.21,203547.34,10.7,15,11,1
20052.03,60,17.68,624.26,185302.68,3.87,13,13,1
33083.48,36,8.5,1390.13,26628.17,29.53,20,39,1
11870.35,60,20.26,1140.39,200618.09,25.09,2,6,1
21383.09,36,8.8,593.43,222706.78,32.79,9,37,1
14453.52,60,9.56,368.48,40674.66,27.56,3,25,1
5087.36,36,24.15,998.75,197113.74,6.18,21,25,1
38373.64,36,7.11,1217.3,77897.69,18.1,4,45,1
34332.28,60,14.98,1295.32,,12.48,4,48,1
4061.2,60,6.25,859.49,145091.6,34.62,18,33,1
29071.7,36,6.81,789.7,147114.53,10.95,13,10,1
14555.62,60,17.67,1087.87,128301.68,19.81,20,6,1
39799.14,36,17.61,288.38,227414.73,21.93,8,23,1
12793.54,36,8.86,1282.64,75571.59,25.01,11,35,1
10310.8,60,22.45,138.67,158585.06,25.41,11,29,1
23147.73,36,19.04,916.43,114269.46,25.83,19,6,0
33569.92,60,11.01,896.85,220969.17,14.22,23,40,1
8508.24,36,9.97,486.73,,20.23,8,8,1
28666.71,36,20.09,82.13,39070.51,2.34,21,19,1
3394.86,36,19.67,1085.25,248334.85,21.1,6,18,1
36838.45,36,7.98,65.54,152756.83,24.88,7,23,1
4161.92,60,11.98,294.03,229746.61,29.78,5,8,1
36655.02,36,9.33,830.03,113889.94,5.89,15,21,1
20141.48,60,10.88,1411.78,158987.92,24.8,2,47,1
18475.55,36,10.75,126.92,179640.66,13.1,20,48,0
38958.98,36,24.52,880.82,246805.98,16.15,11,34,1
39624.98,60,20.0,513.47,45929.86,18.99,24,48,1
26356.95,36,20.6,1014.04,48699.59,5.16,10,21,1
5957.65,36,10.55,1430.78,140336.8,9.6,9,36,1
20740.63,60,5.01,424.83,32834.04,2.53,7,38,1
21637.36,36,6.16,1435.21,187320.35,38.97,6,19,0
21063.41,36,16.06,1309.82,247873.77,7.63,12,21,1
23210.18,36,10.71,922.37,206630.23,25.35,16,35,0
1730.26,60,8.86,1144.61,81136.03,4.62,4,46,1
28737.86,60,5.99,1301.39,203899.11,27.88,11,16,0
28783.38,60,22.52,1211.1,164411.55,35.0,19,37,1
5503.32,60,17.0,510.26,47466.55,19.01,14,18,1
23239.34,60,7.15,1224.53,150162.55,27.46,18,22,1
23166.09,60,20.33,490.87,226258.62,26.43,17,19,0
27615.57,60,20.12,1304.61,86682.28,26.15,22,12,0
4330.51,60,10.79,405.54,171594.73,4.24,13,27,1
25433.63,36,8.77,871.22,29559.89,32.67,17,8,1
11949.33,60,21.28,1048.6,211869.52,23.44,15,41,1
20773.12,36,11.59,655.91,67365.59,9.08,11,36,0
31159.62,36,21.95,1180.97,159983.8,17.59,18,32,1
28520.19,36,5.87,1390.27,140564.49,29.0,20,42,1
5637.22,36,14.99,303.79,146069.97,25.7,10,22,0
24056.21,36,8.59,79.16,78359.46,6.1,15,6,1
38795.54,60,18.44,950.98,148595.76,24.03,7,28,1
7114.01,60,24.94,915.21,,20.34,17,18,1
34263.38,36,13.25,531.72,117855.04,26.16,19,39,1
28399.38,60,7.01,1184.63,165648.2,31.38,2,35,1
31186.13,60,11.35,1244.43,64061.98,13.16,6,5,1
11996.37,60,22.83,518.02,137896.91,16.36,23,31,1
12227.67,60,20.32,1032.94,184864.36,23.77,12,25,1
36334.76,60,9.64,973.78,104639.06,31.29,9,43,0
15033.45,36,24.07,533.69,114563.66,24.68,3,9,1
3457.6,36,17.44,1454.65,57766.91,0.59,14,22,0
24423.27,36,8.36,539.21,161783.3,39.64,17,22,1
5867.89,36,16.45,941.82,48409.42,1.14,10,11,1
32067.25,36,14.03,588.79,135185.89,34.73,15,39,1
26028.11,60,21.39,47.39,68396.83,36.23,21,39,0
35114.33,60,11.88,164.71,64649.54,8.59,18,23,1
31608.65,36,22.5,371.51,42040.8,31.01,18,31,1
5372.43,36,21.24,1223.89,102201.51,19.07,6,7,1
15861.76,60,18.49,679.84,219504.44,16.7,20,20,0
31207.85,60,10.17,895.28,159129.99,5.87,24,13,1
17276.32,36,24.41,1417.47,199195.15,18.41,12,44,1
38922.25,36,15.97,246.12,46351.28,25.5,13,28,1
29693.88,60,23.15,1296.87,92062.29,19.92,19,33,1
1604.5,60,9.31,587.48,109381.24,8.96,8,19,1
35319.44,36,24.67,526.1,217802.09,19.48,22,13,1
4931.39,60,21.32,949.53,172811.61,34.93,9,21,1
6480.43,60,23.98,1351.0,132810.05,32.71,10,33,1
29645.2,36,9.25,542.35,89110.89,7.67,11,30,1
34733.77,60,13.61,1149.27,194788.41,19.57,23,42,1
21917.64,36,6.95,58.29,224314.44,24.15,4,34,1
12272.94,60,7.74,945.96,143466.88,21.28,20,31,1
14701.31,36,10.68,956.92,29988.1,26.42,6,38,1
14372.68,60,24.03,847.41,82525.88,27.37,16,44,1
13740.45,60,18.34,1408.6,191535.57,16.17,23,18,1
10473.48,36,11.29,1409.73,109148.51,9.68,16,9,1
24745.82,36,24.09,532.83,163961.01,17.69,14,8,0
36115.81,60,19.79,700.86,140640.0,4.32,9,37,1
12976.21,36,23.14,1194.79,228774.92,29.9,10,38,1
8281.08,36,23.54,1270.55,90610.39,31.02,23,34,1
33704.53,60,20.02,644.41,122593.44,37.73,16,27,0
29929.55,60,9.86,543.07,34899.35,35.96,22,19,1
37302.64,60,24.93,1236.31,205141.32,5.09,4,10,1
7455.27,36,11.5,584.0,94939.06,21.84,15,34,1
6625.8,60,18.43,625.69,186044.81,28.22,14,42,1
22115.75,60,21.9,229.23,20697.26,33.13,3,17,1
24962.91,36,8.5,828.14,219509.65,11.92,13,40,1
19726.76,36,17.18,509.88,243550.8,39.48,19,44,1
24359.7,36,12.5,898.19,128090.97,20.17,17,46,1
8034.81,60,9.89,688.87,130999.0,18.49,10,49,0
19704.94,36,5.24,1129.76,161764.08,16.88,8,10,1
26665.61,60,22.44,438.33,244275.65,7.12,2,22,1
17875.55,60,7.72,282.84,148473.29,22.32,6,40,0
27498.45,60,22.56,1063.35,36986.76,4.99,18,29,0
18596.46,60,17.01,594.67,149988.92,33.74,12,8,1
14010.38,36,17.42,858.5,116380.99,1.93,12,28,1
12840.6,36,21.57,1413.37,194997.64,34.1,23,29,0
17025.18,36,15.19,741.62,89767.87,32.43,3,26,1
1900.5,36,12.15,254.02,232626.94,12.03,9,5,0
27072.48,60,7.78,657.25,204017.47,1.43,15,8,1
33959.12,36,16.41,733.44,95110.4,35.38,15,41,0
14830.46,60,16.06,1155.99,100957.78,32.17,12,31,1
2795.29,36,10.88,316.93,139097.9,25.39,5,42,1
39484.25,36,17.0,539.95,42906.43,2.2,17,37,1
11284.23,60,13.79,103.54,178727.21,20.35,8,11,1
5938.22,60,21.11,1061.91,160103.66,37.36,2,10,0
15420.35,60,16.19,1123.58,,4.27,7,17,1
29803.72,36,23.67,702.07,166750.59,20.4,21,34,1
12462.75,60,15.36,821.25,42596.07,32.14,9,18,1
23413.42,36,22.75,1132.23,238971.81,26.45,24,24,1
17206.84,60,15.41,424.4,35403.49,15.78,8,44,1
5592.8,36,16.16,922.24,,35.68,19,17,1
13881.19,60,12.34,1446.96,243222.66,21.08,20,6,0
29269.95,60,13.0,997.21,111621.6,34.75,4,47,0
24868.15,60,23.66,144.82,223688.32,24.47,11,34,1
5671.36,60,9.47,456.68,54706.85,12.52,16,31,1
7369.57,36,7.43,793.12,,35.95,14,41,1
25988.6,36,21.6,136.83,44879.62,35.19,12,11,1
32723.2,36,16.54,1024.56,243572.08,12.27,10,26,1
14629.51,36,10.69,991.69,40418.69,8.65,20,44,1
24217.12,60,13.65,1318.2,169899.46,39.15,3,44,1
7655.1,60,15.5,764.99,121337.9,18.94,5,47,1
13143.68,36,16.84,1047.44,217983.39,39.91,20,20,0
1790.54,36,21.42,297.57,87691.91,10.15,19,41,1
30962.76,36,12.89,34.22,26649.83,4.05,2,47,1
16639.38,36,18.53,283.21,,0.31,20,24,0
32828.9,36,21.7,121.46,155414.43,12.49,17,25,1
28626.55,60,21.88,658.75,119935.71,23.39,13,17,1
33321.03,60,10.08,718.41,94293.68,9.95,9,39,1
12140.69,36,12.0,977.37,226870.47,23.03,7,22,1
8219.24,36,16.9,236.93,,2.25,12,28,0
38904.32,60,22.72,345.63,52511.57,38.82,20,20,1
28975.78,36,20.81,1203.54,23410.66,13.89,7,35,1
33527.65,36,16.68,877.49,36689.63,38.93,18,33,1
1512.2,60,24.67,73.16,217174.87,21.38,13,5,1
14824.0,60,13.78,1277.15,202539.45,18.65,21,38,1
29969.85,60,21.85,955.81,43556.98,3.58,9,33,1
4041.33,36,21.37,304.36,199357.53,3.39,7,19,1
23126.26,36,23.16,400.54,167441.36,20.55,17,5,1
17733.84,60,24.75,843.71,109121.57,12.74,21,28,1
1687.04,36,14.91,854.38,39367.06,7.45,24,22,1
10203.05,36,8.91,1213.63,158540.9,5.41,3,48,0
12106.89,36,14.22,557.12,213125.43,22.35,2,48,1
5362.54,36,22.08,837.48,116763.18,12.05,10,37,1
25629.94,36,21.72,886.33,117609.15,,18,9,1
10453.52,60,11.72,851.25,210137.12,3.6,18,35,1
11827.16,36,5.95,137.17,68436.46,0.33,14,23,0
36031.31,60,15.2,634.54,59667.78,37.68,6,26,0
19217.8,60,14.48,528.16,179983.43,0.69,17,30,0
16293.0,36,6.72,1489.38,170986.94,34.4,15,11,1
29230.97,60,20.9,714.56,229789.06,35.21,21,34,0
36474.94,60,10.67,669.78,96878.25,37.87,17,44,1
1976.42,36,17.92,741.02,66460.22,,20,29,1
18481.32,60,7.03,1381.35,118630.81,24.95,22,41,1
24820.47,36,22.21,928.84,108271.77,14.65,19,22,1
13423.96,36,19.79,602.04,235761.83,38.87,6,6,1
31123.9,60,12.77,1371.49,231049.47,29.27,14,38,1
38887.61,36,17.59,1396.87,118474.41,28.82,21,28,1
37793.67,60,8.75,418.54,114873.89,14.14,6,33,1
11373.32,60,24.71,608.29,122348.34,12.05,14,48,1
9827.19,36,20.92,1450.69,188105.97,22.29,9,14,0
38342.13,36,20.78,825.34,146513.82,3.25,6,35,1
18886.51,36,8.07,664.67,86222.61,16.76,17,11,0
9123.61,36,5.35,317.24,196807.81,21.28,10,38,0
28572.88,36,16.71,595.13,227880.67,30.01,14,33,1
12092.39,36,7.88,957.92,185084.27,22.87,16,42,1
11422.63,36,20.61,86.89,64770.03,15.6,10,33,1
35290.71,36,13.32,152.46,202107.93,1.12,24,27,1
7336.69,36,11.77,37.9,247458.76,28.34,14,46,1
3511.32,36,6.47,351.82,177585.68,30.71,22,15,1
11498.27,60,24.92,299.0,76093.83,34.17,20,48,1
24670.87,60,24.12,1280.69,21275.95,,5,26,0
5800.43,36,7.63,302.3,108643.41,20.19,3,6,1
19392.19,36,11.66,1001.94,128157.52,18.42,3,8,1
25466.15,36,12.82,203.99,229220.53,30.43,19,37,1
34100.74,36,10.94,902.53,162526.34,20.12,19,18,1
9964.91,36,23.69,670.36,84772.53,31.91,2,17,1
32876.51,60,19.43,630.74,179097.98,3.32,21,15,1
10161.34,36,24.12,1289.15,41203.52,2.15,22,5,0
27393.9,36,22.49,276.55,69089.13,10.67,24,25,1
17796.27,60,20.09,904.97,191232.85,18.97,7,37,1
5472.57,36,18.94,1238.14,88362.86,30.05,19,23,1
28856.28,36,22.32,1079.43,27162.54,14.62,8,47,0
9492.74,60,18.68,1475.52,134256.65,29.64,22,6,0
7888.31,36,8.77,33.1,171351.51,33.26,16,42,1
14974.59,36,17.96,1330.01,201474.67,20.1,2,25,1
26478.32,60,15.3,931.77,90387.34,38.32,18,20,1
10125.86,36,24.64,33.65,117652.26,6.09,6,39,1
8162.8,60,15.2,714.28,148009.11,11.83,3,11,1
1388.19,36,5.77,1158.13,37174.4,39.9,9,45,1
19394.08,60,10.28,298.34,65458.05,6.67,15,44,0
17717.18,60,23.35,1027.36,104928.45,36.45,4,8,1
10120.84,36,24.25,235.31,81450.75,36.81,20,40,1
3092.43,60,19.57,1211.08,127140.58,25.58,11,19,1
17740.98,60,6.14,865.64,169668.63,1.96,12,32,1
31740.0,36,5.47,79.81,144127.76,20.37,18,35,1
28896.0,60,14.59,163.59,198067.89,2.77,2,24,1
34571.0,60,24.99,1299.88,,13.26,12,31,0
1373.72,36,22.39,78.51,87139.77,0.69,24,24,0
38690.35,60,23.66,468.86,47592.89,1.83,16,15,1
14315.08,36,17.47,863.36,167128.91,27.89,18,30,1
39625.51,60,22.18,343.76,68749.08,39.29,24,5,0
10852.16,60,11.39,359.62,93293.02,31.3,11,32,1
19389.92,60,5.55,1170.77,202896.53,15.84,13,24,1
14803.18,60,23.37,457.76,70580.21,13.49,5,40,1
14874.67,36,9.37,86.72,143702.12,39.76,9,5,1
33849.0,60,19.57,1090.05,41809.63,9.27,2,35,1
30110.34,36,18.18,1432.92,115804.08,1.55,23,7,1
39693.91,36,8.16,1252.94,245463.73,10.45,14,21,1
24927.07,60,8.92,836.39,239508.05,13.67,3,49,1
19067.01,36,11.58,654.58,237716.69,19.52,23,41,1
4512.88,60,20.14,1389.99,156887.15,27.91,12,15,1
39865.9,36,5.78,1156.35,87779.48,26.24,17,17,1
22509.7,60,13.14,868.87,101638.88,25.14,11,39,1
28318.62,36,18.3,1323.34,67390.22,35.52,9,47,1
16862.95,36,8.43,914.52,42447.53,23.22,6,9,1
22360.91,60,7.39,1461.05,58835.91,7.04,14,22,1
37760.53,60,12.8,1291.69,127470.12,14.44,10,22,1
7490.36,36,10.73,839.15,26216.98,26.9,22,32,0
12402.53,36,17.98,1386.57,236015.13,21.01,19,16,1
6930.33,36,24.39,533.39,149173.29,23.15,20,30,1
31896.42,36,5.09,1060.36,59909.66,11.93,4,32,1
3419.77,36,23.05,281.78,115758.35,11.53,5,33,0
4183.63,36,13.66,1346.19,106545.97,18.01,16,48,1
12641.27,60,18.28,394.63,,1.36,7,41,1
21053.34,60,22.02,1425.08,47713.82,17.31,10,35,1
16844.72,60,16.47,54.98,118870.25,19.64,23,38,1
2747.84,36,6.95,1032.3,183601.32,2.41,24,46,1
38342.17,36,7.81,250.58,105833.45,1.31,21,47,0
38161.91,60,20.79,1163.09,102246.32,0.36,23,8,1
11894.9,60,9.58,753.1,98300.81,14.47,15,10,1
29529.5,60,16.38,1367.19,195262.36,19.93,2,32,1
23564.44,60,13.56,1081.15,47439.86,6.91,5,26,1
10261.59,60,11.07,1159.35,217041.99,35.82,10,21,1
11224.69,60,20.74,207.1,36303.53,23.33,20,40,1
20154.97,60,19.62,171.94,93370.95,23.9,20,48,1
17350.24,60,17.92,1280.32,109480.61,2.63,9,35,0
12357.94,36,12.45,361.89,110525.4,3.21,3,35,1
32492.95,60,9.53,1304.4,63165.1,20.19,13,44,0
19777.05,60,15.32,239.53,158726.53,30.5,2,37,1
26539.07,60,21.34,483.42,124321.59,33.55,10,34,0
8381.67,36,16.51,1395.25,150541.84,21.64,7,48,0
21806.8,60,24.4,1264.39,161430.4,23.57,20,24,0
13401.07,36,5.31,109.74,64007.32,24.58,2,28,1
21530.13,36,24.97,688.7,231667.0,12.42,5,46,1
31452.21,36,18.83,1367.51,210921.71,39.02,10,41,0
30987.62,36,21.65,51.69,210533.02,39.03,4,30,1
14814.61,36,11.7,187.76,142280.37,24.99,18,28,1
28076.81,60,15.17,978.44,208612.39,15.15,24,34,1
37710.31,60,20.94,184.33,164321.55,33.98,12,31,1
25401.1,36,20.21,689.79,123627.63,7.01,24,10,1
6787.99,36,11.68,776.5,193065.94,24.14,24,15,1
27508.64,36,11.49,1294.57,157986.94,31.57,9,46,1
5091.27,36,18.26,1437.36,20463.14,0.16,15,19,0
35012.31,36,23.67,782.98,249310.64,17.27,7,17,1
21149.76,60,13.78,780.23,118865.73,10.48,14,42,1
16020.49,36,12.06,1098.39,151497.43,31.93,14,38,1
3223.26,36,22.89,312.98,113365.26,36.94,13,21,1
15850.57,36,18.66,1413.06,43069.55,6.93,8,25,1
36225.06,60,12.77,31.76,211822.3,7.19,12,5,1
1818.34,60,6.15,32.64,176987.73,38.48,13,20,1
19511.28,60,19.43,949.73,210558.64,20.48,15,27,1
37315.17,36,12.06,531.98,131307.61,3.91,13,43,0
16398.8,36,6.41,615.23,202092.65,3.04,8,49,0
17698.85,60,17.25,355.51,203475.45,38.57,10,7,1
23563.84,60,11.46,629.47,97348.14,17.28,24,16,1
19054.56,60,11.77,1247.14,20936.83,37.69,21,33,1
7575.47,36,14.58,1057.9,217751.11,23.08,17,13,1
1723.67,36,19.35,169.14,62465.65,28.89,4,31,0
24782.65,60,10.53,113.32,219804.04,11.16,3,24,1
36911.46,60,6.62,774.1,162208.74,,5,36,1
5148.2,36,13.49,1103.34,165990.78,31.45,23,46,1
9227.16,60,6.1,1006.8,76860.22,6.73,3,40,0
15438.95,36,18.95,1300.25,112599.86,28.65,15,36,0
32540.95,60,24.18,225.9,91781.14,3.02,12,48,1
11501.15,36,18.18,920.46,63780.15,23.01,16,37,0
35400.12,36,10.51,1156.04,186636.45,30.13,22,19,1
3143.36,60,8.63,1408.63,42043.98,0.77,4,12,1
37697.31,36,9.66,178.3,137752.39,15.54,13,8,0
22869.14,36,9.43,382.27,143281.94,23.54,14,44,1
26692.33,60,11.28,551.25,239738.89,31.93,24,36,1
15339.89,36,6.95,824.9,219960.18,10.32,3,23,1
31497.78,60,22.91,630.66,133088.41,32.65,19,30,1
7496.08,36,22.7,1295.84,214161.97,25.92,11,12,1
2907.56,60,17.3,1427.27,201832.87,13.87,18,41,1
16425.16,36,6.24,133.02,26416.18,11.98,9,41,1
34294.13,36,21.08,1058.53,232091.53,28.08,23,24,1
30442.15,60,6.24,197.98,178218.1,28.96,5,34,1
21169.08,60,7.13,1349.99,174549.04,25.48,17,16,1
23313.37,36,11.51,238.88,184100.74,17.77,23,38,1
6065.82,60,13.63,1487.52,71695.23,0.88,24,34,1
33786.58,60,12.08,658.79,26709.65,22.96,23,28,1
31691.43,36,8.3,591.45,73323.98,24.49,14,26,1
26602.35,60,7.24,891.83,202752.93,9.61,7,49,1
19181.45,36,22.19,609.7,157382.49,8.13,19,18,1
38613.91,60,12.26,375.0,103094.08,34.57,10,27,0
35282.25,36,9.37,954.84,75549.43,7.19,22,6,1
26132.79,60,14.74,1100.69,203961.26,8.39,13,40,1
15500.24,36,5.74,1419.62,125309.92,24.91,14,18,1
25102.87,36,17.01,631.4,160701.17,12.76,14,48,0
23442.2,60,9.97,1067.49,,17.65,10,44,1
16375.44,60,16.96,1255.4,118884.36,21.2,6,36,0
12960.28,36,17.28,1252.13,23549.93,37.24,10,22,1
16873.42,60,21.18,80.38,201108.52,10.42,24,47,1
23382.54,36,9.6,552.88,77327.84,1.78,24,29,1
17697.26,36,14.27,49.72,58438.15,4.63,21,29,1
11279.41,60,24.24,851.85,233070.65,2.06,17,6,1
30677.57,60,19.54,1301.68,24141.76,30.17,16,8,1
21727.23,60,24.51,1227.93,65498.83,39.24,20,12,0
3639.33,36,23.55,1222.54,75311.43,3.21,24,5,1
15364.34,60,17.21,547.2,209244.91,11.38,4,13,1
35511.62,60,10.28,98.1,183319.29,34.15,13,49,1
30454.22,60,20.14,283.45,242503.95,35.9,9,31,1
13606.62,36,18.96,1015.92,179817.16,8.65,9,32,1
37589.14,60,16.78,226.75,74353.35,36.76,11,5,1
3987.51,60,18.96,214.23,58372.3,23.12,18,46,1
38488.15,36,17.27,549.9,193743.31,39.8,12,10,0
10582.5,60,15.39,168.97,227207.77,0.9,10,39,1
1354.67,36,13.32,514.78,229684.75,31.44,2,19,1
17918.51,60,5.89,1455.45,197352.23,2.21,5,14,1
14999.85,36,22.31,59.33,202704.2,29.38,18,28,1
22024.47,36,22.31,1250.9,172344.89,37.76,14,5,1
32074.14,36,16.88,1490.62,189240.23,13.07,10,31,1
33854.8,60,10.36,671.52,46691.35,13.56,20,24,1
16647.97,60,5.56,1416.29,95717.76,9.57,20,43,1
17763.98,36,5.03,413.88,125362.73,17.25,7,34,1
6778.93,60,6.46,1473.98,172794.31,18.91,12,46,1
2854.36,60,12.2,1296.48,116066.79,22.87,11,14,1
26007.38,60,8.77,1330.51,106249.54,27.54,7,49,1
3513.07,36,10.3,221.69,149627.31,24.71,10,27,1
29619.37,60,18.99,1308.99,110718.64,3.96,9,28,1
22024.52,36,24.18,1414.48,36684.41,25.29,9,24,1
8744.74,36,9.14,1234.0,242965.87,7.71,22,38,1
22041.39,60,14.31,164.31,233017.27,21.39,2,22,1
8136.91,60,24.83,154.62,28972.02,23.5,22,42,1
18110.75,36,23.63,555.68,141712.95,17.45,9,5,1
32182.85,60,12.05,1066.24,183938.01,16.71,5,23,1
19014.85,60,11.39,48.31,160268.45,17.01,20,40,1
6799.27,36,9.84,1427.45,101278.93,9.4,14,41,0
29229.32,60,8.11,802.41,,32.13,19,46,1
8283.97,36,14.2,556.81,161391.85,19.43,15,49,0
29803.45,36,11.82,855.01,74953.97,20.21,11,49,1
19694.74,60,19.9,1082.21,160583.53,7.38,15,21,1
18695.93,36,9.74,431.72,83174.39,19.02,21,5,1
34205.97,60,19.73,457.95,157045.47,17.49,17,42,0
28635.54,60,10.76,718.22,195793.23,16.56,5,37,1
2283.52,60,16.85,1014.8,,17.85,3,37,0
12550.8,36,17.77,1068.36,84980.0,9.84,17,34,0
34965.91,36,18.44,506.36,187141.57,31.8,16,43,0
1714.72,36,8.51,504.06,136925.11,7.81,19,18,0
22264.88,60,10.65,746.05,51924.13,21.57,4,44,1
29385.2,60,9.92,826.62,145509.95,12.9,9,23,1
25252.39,36,16.52,984.64,172538.08,28.76,8,11,1
30660.76,60,6.51,938.03,133002.62,27.65,18,25,0
29301.98,60,15.37,577.6,163557.09,27.93,17,22,1
27989.2,36,6.75,466.42,103916.5,35.41,21,16,0
33040.05,36,11.74,482.64,221897.21,31.23,7,16,1
26181.94,36,18.73,978.74,75191.82,13.19,9,12,1
16694.32,60,13.25,666.73,84709.41,15.74,23,46,1
19404.46,60,10.61,227.49,197941.76,34.7,7,20,1
28952.27,60,17.32,38.71,33307.44,32.95,7,31,1
35175.94,36,19.81,73.63,247097.44,36.85,13,43,1
11616.53,36,10.09,1305.25,164673.5,33.55,9,48,1
14341.0,36,10.99,703.01,205712.32,5.17,20,23,1
37298.84,36,17.81,996.42,154307.09,13.21,18,19,0
23561.96,60,24.3,1395.69,200855.89,11.7,18,37,1
7979.51,36,9.28,215.63,119865.91,15.16,23,36,0
26884.11,60,18.08,688.0,152650.77,11.69,22,31,1
39639.72,36,23.13,822.43,172242.63,31.39,24,19,1
33114.69,60,14.24,1267.06,227443.56,28.03,5,29,0
30083.9,36,11.34,1490.77,27997.69,7.95,14,38,1
9113.82,60,18.34,1076.17,45049.32,7.19,7,36,1
35169.45,60,5.63,973.5,178848.61,8.72,23,12,1
21505.76,36,12.2,1382.86,99203.36,12.56,17,14,1
35682.31,60,10.16,1260.95,175878.13,27.31,19,19,1
13863.29,36,9.49,1301.61,72379.62,14.76,18,30,1
3419.99,60,8.6,33.98,164499.58,16.97,18,29,1
19563.06,36,19.74,786.22,129966.49,1.68,9,35,1
11523.67,36,24.1,1180.61,,19.2,7,17,1
28893.94,36,12.7,296.74,233768.24,17.66,15,11,0
38327.16,60,5.98,1134.63,202205.55,27.34,9,38,0
27947.99,60,19.38,43.47,199647.23,8.07,20,22,1
35590.42,36,15.76,875.5,180292.77,28.9,9,6,1
18667.94,60,19.47,1281.45,24910.1,28.71,22,42,1
31093.99,36,17.96,664.08,136063.13,24.9,12,16,1
33878.69,60,23.11,1117.0,192720.95,14.32,13,5,1
28724.15,36,7.81,809.69,69852.27,2.35,18,43,0
20803.31,36,8.38,981.52,161510.45,9.47,18,8,1
25408.78,36,11.83,789.5,233781.06,37.21,17,32,1
28319.77,36,14.83,729.48,193174.32,35.17,18,11,1
10870.29,36,23.51,1267.19,145956.99,7.89,23,28,0
32573.59,60,23.14,166.33,91282.59,12.85,15,44,1
38062.66,60,22.44,889.44,166403.84,0.4,16,34,1
19144.33,60,9.45,198.77,184312.87,12.42,8,26,0
28341.62,60,19.59,857.33,166687.13,32.02,23,26,0
29744.01,36,12.67,1446.49,193746.3,22.85,22,48,1
26827.65,36,23.62,113.93,84226.86,34.76,12,32,1
22337.49,36,9.29,650.35,136796.56,38.46,14,24,1
35384.27,60,7.83,1208.9,146194.47,8.85,5,13,1
18508.14,36,21.85,573.45,40673.55,22.19,21,32,1
3383.02,60,19.34,794.86,60605.22,30.21,6,9,1
33937.7,60,21.43,198.62,90523.21,24.87,7,26,1
27285.27,60,8.16,357.92,30983.91,10.41,20,48,1
34121.09,36,22.7,1039.05,73728.81,39.09,2,27,1
6403.35,60,18.55,1248.02,140096.03,26.97,18,14,0
2199.36,60,18.03,980.29,144601.33,0.41,23,11,1
37440.61,60,16.65,1260.27,77368.25,20.65,24,44,1
6761.4,60,20.3,920.32,237692.29,6.64,7,38,1
32576.44,60,13.31,1221.01,127448.31,28.92,20,34,1
33105.19,36,7.66,1474.84,166573.54,2.6,9,23,1
28639.5,60,15.79,151.75,26983.35,13.63,15,19,1
6119.23,60,19.96,735.08,111811.89,12.54,12,40,1
27028.55,60,8.07,309.14,144684.92,35.66,18,47,1
35674.38,36,9.48,713.89,91818.49,34.94,17,43,0
17595.73,60,18.93,764.39,59415.56,32.93,20,33,1
17127.16,36,10.39,944.22,66263.7,29.85,16,39,1
18271.47,60,8.4,675.77,127306.52,38.18,13,6,1
4208.6,36,22.79,507.33,36333.69,7.65,17,44,1
35789.0,36,8.22,93.46,73926.02,32.8,13,49,1
34898.13,36,11.88,81.15,185493.94,26.94,22,29,1
39918.46,60,13.57,287.26,69390.23,28.06,16,39,1
23822.14,60,14.52,690.01,46895.03,17.07,2,12,1
30296.47,60,12.23,643.75,39265.06,26.09,18,40,1
8904.2,60,23.25,310.32,247407.5,9.5,22,23,1
27033.62,36,18.17,1238.84,39978.44,21.21,21,9,0
26339.58,60,12.19,1034.74,119704.65,38.83,20,35,1
36147.14,60,12.15,534.45,137546.6,27.39,20,42,1
33400.92,36,15.06,1201.54,241852.47,27.02,12,11,0
37600.19,36,5.67,1484.19,224952.83,9.41,18,32,1
34884.51,36,23.53,390.21,74666.12,33.63,9,45,0
34879.06,36,9.47,563.01,39481.27,36.94,14,16,1
3485.21,60,18.95,1489.56,120723.23,4.33,7,49,1
33992.52,60,20.55,232.69,43210.33,18.1,16,37,1
24691.66,36,21.55,143.47,220354.26,26.63,14,6,1
15837.33,36,8.31,795.86,181868.23,35.34,18,19,1
3204.07,60,15.73,718.59,237070.89,21.48,15,17,1
27429.28,36,6.67,145.08,150973.97,16.8,20,9,1
13799.87,36,21.1,456.35,103817.74,1.57,11,43,1
19243.27,36,14.73,645.84,135148.95,22.06,15,48,1
27587.41,60,8.17,1238.65,56978.73,13.17,3,15,1
36559.21,60,19.37,1070.53,126504.55,39.73,8,46,1
33192.04,60,11.62,1374.35,249702.78,23.92,2,8,1
18573.29,36,7.29,518.77,178816.42,8.58,22,37,1
16123.54,60,14.22,484.79,34342.01,39.7,22,21,1
10351.41,36,9.7,710.88,186903.5,23.64,10,5,0
15524.64,60,24.0,41.07,43151.97,30.77,8,35,1
5330.81,36,12.23,334.76,109848.25,38.76,6,17,1
38873.11,36,16.45,340.86,200837.56,30.02,22,32,1
23382.78,60,23.97,119.8,49460.67,37.73,7,44,1
5984.43,60,12.87,699.04,87330.98,14.48,12,39,1
14759.43,36,12.16,1361.11,64910.31,2.06,23,38,1
22334.53,36,8.25,35.92,220122.04,38.56,8,41,1
21782.54,36,23.77,953.77,54020.8,21.91,18,32,1
2384.63,36,21.01,1322.62,143230.6,30.85,4,13,1
38082.8,36,9.42,188.06,83322.42,22.06,14,14,1
11739.65,60,11.65,1378.37,136669.28,30.44,2,13,1
1631.2,36,23.3,1233.23,58493.74,2.39,24,13,0
3981.32,60,15.75,345.42,194242.59,2.67,20,40,1
23627.6,60,16.13,1360.86,167915.63,36.79,18,40,1
6373.64,60,17.96,1211.9,29988.04,17.43,9,44,1
2627.27,60,20.24,193.74,237939.99,12.04,10,42,0
15805.43,36,23.79,1250.98,225383.92,36.59,24,25,1
25287.69,60,21.04,827.01,88488.87,39.95,5,35,0
5361.75,60,23.69,1229.46,87132.5,24.57,13,22,0
13219.79,60,21.41,937.97,134810.89,22.4,7,38,1
17292.67,36,5.93,606.03,162397.39,36.7,12,17,1
7218.94,60,7.35,913.68,86938.27,7.13,12,40,1
20736.88,60,22.7,965.19,202931.14,25.32,3,30,1
4323.35,60,5.55,1156.32,38053.92,32.25,8,43,1
2814.22,36,20.88,1251.1,111502.29,29.58,7,41,0
21273.58,36,22.0,1004.92,147836.1,29.93,5,29,1
10667.98,36,13.31,1484.78,203926.86,32.2,17,39,1
4719.58,60,12.1,1174.47,220517.98,8.49,4,12,1
17532.59,36,8.89,1368.82,76213.62,22.22,7,39,1
36690.49,36,5.98,499.66,75444.77,4.39,9,39,0
29243.51,36,19.91,494.85,104700.82,3.63,16,49,1
32809.02,60,6.47,562.63,118337.78,32.71,16,19,1
35004.65,36,23.89,676.38,215132.74,32.48,21,33,0
38932.48,60,10.93,1443.26,21741.36,7.3,10,24,1
30766.62,60,20.88,138.09,177540.82,22.62,2,36,1
24727.91,60,6.19,762.71,70613.52,1.56,11,31,1
15251.61,60,15.73,266.91,222952.46,14.83,20,47,1
8084.09,36,11.98,1222.01,92989.94,5.89,5,42,1
27779.74,36,5.6,75.78,143637.89,14.9,14,45,1
39803.05,60,18.12,699.06,95678.15,23.2,4,17,1
19226.99,60,23.86,610.27,117814.7,32.19,8,49,1
29223.5,60,5.22,165.51,140113.12,20.53,3,9,1
20308.61,60,10.41,583.78,191933.59,37.26,24,35,0
17845.4,36,19.07,1219.27,47774.01,4.04,10,16,0
17001.92,36,22.43,232.09,101012.2,21.55,24,44,0
20680.36,60,8.82,1475.75,167116.52,36.28,7,23,1
15308.93,36,6.41,115.93,155424.01,9.37,18,25,1
30202.16,36,5.17,454.98,199591.01,30.84,16,43,1
35096.61,36,9.3,1169.1,224487.1,10.21,20,45,1
35432.53,36,6.43,555.56,41636.92,39.11,21,7,0
9880.25,60,12.19,736.12,184183.58,30.28,10,45,1
35940.46,36,13.8,304.39,85321.41,26.13,24,14,0
14320.5,60,14.6,1081.78,130718.98,34.92,22,34,1
13063.0,36,7.85,293.93,164387.96,23.51,8,11,1
29343.49,36,14.28,1277.63,54640.35,11.69,17,37,1
12883.16,60,5.18,823.06,99715.61,12.72,5,21,1
3065.69,36,9.79,835.79,244498.95,23.55,9,10,1
15571.09,60,12.38,1402.26,51348.32,21.12,22,6,1
29137.16,36,7.37,1166.31,39166.54,36.32,7,11,1
13751.38,60,21.28,1122.42,212463.61,21.68,11,41,1
25552.8,36,9.02,1291.32,,20.43,8,47,1
26744.66,60,20.1,164.97,175202.06,17.94,14,17,1
29615.7,36,14.48,1097.29,90318.92,5.15,22,20,1
35988.09,60,14.59,372.82,65639.53,4.82,6,49,0
17870.02,36,17.9,442.99,68869.33,26.72,6,21,1
7490.85,60,5.89,52.26,64985.47,18.35,10,12,0
13438.1,60,6.58,1343.77,76803.51,21.85,2,39,1
17854.52,36,11.54,1116.5,70880.69,37.08,12,32,1
28841.77,60,13.34,234.75,207150.47,31.32,5,16,1
1511.76,60,13.6,512.05,142657.55,15.18,21,27,0
13315.63,36,18.54,735.5,88195.51,31.12,6,24,1
31413.86,36,5.01,756.05,99362.89,38.95,5,5,1
27163.45,36,24.18,905.61,240293.58,6.54,9,9,1
29537.86,60,8.49,724.11,62290.06,35.87,6,14,1
32660.62,60,9.97,983.51,223953.45,14.17,7,33,1
31546.19,36,23.11,1329.29,189464.9,29.43,10,22,1
27605.14,60,5.11,615.17,161094.07,27.18,9,43,1
18146.8,36,24.83,1318.77,163541.28,28.28,4,12,1
39360.33,60,5.72,352.83,117276.18,35.68,2,11,1
23193.85,36,7.41,208.43,120935.66,25.22,23,25,1
8908.0,60,9.8,381.92,203098.73,7.63,19,5,1
12419.7,36,13.77,333.69,206498.47,26.76,7,18,1
28048.94,36,15.37,1478.07,151366.26,13.54,9,15,1
37064.84,36,7.09,590.15,196776.31,38.17,2,37,1
7970.09,60,6.47,987.67,206312.48,12.53,5,19,1
4211.51,60,5.64,1053.2,96385.54,9.64,11,17,1
35379.71,60,10.14,684.46,163372.5,0.62,18,22,1
36695.84,36,23.43,358.65,120232.69,34.48,23,37,1
11778.79,60,12.8,674.0,42564.85,36.64,19,6,1
15714.14,60,20.28,726.43,169147.1,2.71,12,5,0
26747.33,36,8.8,1432.39,155121.33,,3,48,1
13867.27,36,6.29,865.88,43597.47,16.74,19,42,1
35209.19,36,16.09,1455.71,36286.96,32.01,22,38,0
5195.57,36,21.44,877.77,77415.9,13.75,20,29,0
2481.31,60,22.97,243.15,211685.55,13.74,4,26,1
9130.96,36,15.92,595.03,34645.67,13.27,24,5,1
12157.42,60,10.88,1194.7,125884.71,17.17,20,16,1
5404.14,36,7.19,649.78,61178.4,25.71,21,20,1
3561.93,60,18.36,176.61,78317.21,38.74,8,23,1
30468.7,36,10.61,171.23,197082.5,21.13,3,38,1
7406.79,36,21.88,378.49,215639.03,15.58,4,17,1
36642.97,36,17.1,860.21,153466.35,0.7,9,43,1
15351.99,36,22.18,1250.33,218546.07,6.41,9,19,1
27153.63,36,16.33,814.56,217080.83,37.92,4,32,1
9790.68,60,20.43,1126.74,70949.38,10.39,8,9,1
10372.59,60,10.89,979.02,168354.04,8.07,4,40,0
23413.66,60,15.06,800.43,199015.55,6.89,22,35,1
22865.07,60,5.39,345.77,149042.48,23.52,20,18,0
30980.44,60,17.16,1328.26,205329.06,15.8,6,29,1
30554.72,36,15.67,435.3,164631.26,23.36,19,45,1
27156.82,36,20.11,401.65,85425.11,38.96,13,8,1
18516.09,60,19.58,408.96,177687.15,2.98,11,42,1
35734.98,60,17.55,170.66,155239.98,5.39,4,33,1
25280.56,60,6.13,763.02,163738.63,22.94,12,7,0
39617.74,60,23.06,511.47,41923.65,6.56,2,47,1
32955.42,60,5.36,797.25,48919.16,26.54,21,37,1
2728.08,36,21.07,696.08,207370.27,32.57,13,44,1
13503.16,60,14.59,794.09,119192.28,29.11,3,11,1
23303.15,36,21.36,467.55,69513.77,12.69,3,25,1
29137.31,60,14.3,1228.25,41315.44,33.53,10,10,1
22463.12,36,17.94,815.26,80467.87,20.41,6,47,1
31659.09,60,12.27,336.4,87895.19,31.32,22,13,1
12023.57,60,19.87,1355.65,,38.48,6,11,1
8172.57,36,10.08,190.9,211936.16,18.61,8,11,1
3102.75,36,19.39,1108.15,38045.12,18.6,2,47,1
23359.24,36,8.87,1027.32,192143.46,9.97,17,46,1
27855.38,60,19.44,137.1,149703.95,4.92,8,9,1
13719.84,60,10.87,1355.22,72549.38,29.4,14,6,1
24929.78,60,10.57,494.98,191712.75,29.93,14,38,1
3034.13,60,21.23,1119.12,26941.1,19.77,5,43,0
4872.44,36,21.27,437.19,188252.06,30.27,23,11,1
28368.44,36,18.83,802.77,225916.23,9.75,19,36,1
15354.72,36,23.48,1459.33,223000.88,0.14,12,11,1
27182.03,36,8.12,927.84,197638.35,1.31,19,42,1
33437.12,36,10.39,465.59,234988.07,22.34,15,12,1
34252.28,36,10.88,703.81,182685.34,2.04,13,10,0
7714.54,36,11.11,1023.78,177947.45,33.18,10,44,1
19965.14,60,11.56,684.43,26024.57,28.55,14,49,1
29623.14,60,18.94,1368.8,60063.23,35.02,9,45,1
31185.24,36,10.42,1305.17,199728.6,27.55,11,38,1
31602.36,36,10.72,245.81,249425.63,2.48,6,22,1
9898.53,60,16.41,1183.86,185584.4,12.8,13,48,1
8508.86,36,8.87,1415.35,,14.28,2,23,1
24010.49,60,12.3,495.86,62186.43,23.22,20,7,1
29902.35,60,6.16,380.18,238019.84,38.51,13,27,1
13446.44,36,24.05,44.1,169438.55,30.8,19,9,1
5083.5,60,11.35,200.02,132478.81,10.09,16,23,1
28953.11,60,22.0,1442.54,218119.02,3.9,5,20,1
12688.22,60,15.6,604.95,239254.87,35.88,10,28,0
7488.15,36,9.56,599.39,105372.51,23.15,10,8,1
6761.22,36,8.87,422.02,138630.6,5.81,10,40,1
13281.47,60,18.9,271.17,46473.45,33.46,10,43,0
24114.44,36,24.3,777.92,240766.65,25.3,14,25,0
14977.69,60,8.66,1093.09,47755.45,35.58,20,5,0
1805.81,60,7.31,839.67,233676.42,30.45,20,23,1
4779.43,36,12.74,82.11,63938.22,20.84,8,27,1
12329.63,60,12.88,1211.1,229018.26,22.55,7,35,1
26728.47,60,21.13,1399.44,124030.44,20.93,3,11,1
4842.09,60,14.38,677.35,156175.08,2.19,11,27,1
22865.62,60,6.25,568.7,28192.63,37.39,6,16,1
5675.55,60,23.41,367.89,110708.95,39.5,8,34,0
9253.0,60,12.46,473.75,133480.48,12.18,13,43,0
7715.35,60,18.37,977.34,22168.58,32.78,12,40,1
3621.92,36,18.35,1162.11,171997.02,39.9,8,19,1
27181.86,36,6.13,518.36,212945.94,0.78,24,37,1
19072.74,60,5.07,529.32,25699.4,12.89,8,39,1
33411.08,36,6.76,693.12,133283.19,22.8,5,34,1
4856.74,60,24.13,280.2,27758.21,15.78,4,30,1
6644.58,60,20.88,1393.0,220857.6,38.71,4,35,0
12951.85,60,7.64,1067.02,56987.61,7.67,17,42,1
30868.77,60,17.3,667.37,33460.69,15.72,11,27,0
12924.59,36,17.24,209.74,217270.52,29.32,24,13,1
16928.33,60,5.01,1277.77,122236.77,31.88,2,32,0
12762.54,60,13.58,741.06,41944.07,4.04,3,47,0
4128.75,36,19.24,1201.42,169021.36,8.83,10,26,1
37637.91,36,8.74,79.09,182287.91,5.28,4,9,0
22393.02,36,22.02,432.27,150716.97,20.0,10,18,1
31725.49,36,18.21,944.48,96389.58,21.3,16,11,1
26675.93,36,5.14,747.25,117631.77,29.49,21,39,1
21055.92,36,22.1,463.76,239613.39,34.94,8,19,1
4497.45,60,5.39,325.66,142903.18,5.5,5,23,1
26066.61,60,22.76,473.67,111323.62,21.21,17,7,1
7059.44,36,11.67,1121.24,182884.15,19.22,4,22,1
17160.94,36,18.97,300.05,37516.19,35.82,15,17,1
25535.41,60,20.75,902.91,86752.41,21.12,21,17,1
31506.93,36,10.63,652.81,72088.72,9.22,5,33,1
27716.76,36,12.13,1151.67,176423.82,37.04,7,7,1
27189.81,36,15.19,326.38,158899.94,37.24,15,30,0
6812.65,60,16.65,427.03,194670.38,5.03,4,39,1
14499.01,36,10.84,616.07,118157.65,34.12,18,8,0
2673.58,60,24.85,274.87,60007.0,33.48,8,28,1
29059.6,60,19.74,707.96,62050.36,23.58,17,13,1
38150.85,60,10.48,641.59,225218.67,18.92,16,17,1
11300.31,36,17.81,1485.43,37225.66,7.39,8,31,1
4420.17,36,13.71,902.98,156647.57,8.41,24,6,1
19547.23,60,22.21,132.11,73284.83,10.52,12,24,1
34411.23,60,11.58,706.11,69283.89,3.23,18,19,1
22526.99,36,8.76,1321.4,42633.74,28.48,5,16,0
2824.31,60,5.92,1304.15,245234.67,1.99,16,6,0
38996.62,36,24.69,1443.85,34026.53,3.84,11,43,1
33317.35,60,12.18,1344.52,53982.84,6.61,13,20,1
6132.17,36,9.41,289.16,103988.62,27.56,23,32,1
36950.11,36,14.84,35.25,124833.42,4.64,8,40,1
18576.84,60,10.83,935.89,238683.84,7.1,22,27,1
15504.02,60,9.66,1062.59,75611.27,37.47,19,11,1
18981.08,36,17.33,222.88,185824.97,11.35,17,19,1
33548.31,60,6.5,275.25,170969.39,27.76,10,43,1
26719.71,60,15.18,1445.72,139023.8,37.32,6,39,1
3310.69,60,12.75,1417.43,81193.95,1.66,20,7,0
38346.57,36,15.65,260.75,56026.46,18.66,22,46,1
6763.58,60,11.41,393.1,60599.76,21.41,22,29,1
30077.15,60,16.41,1341.41,99578.75,30.43,19,49,1
25809.32,60,6.64,669.44,51538.22,38.57,24,44,1
8313.59,60,12.52,1203.17,249673.54,1.63,4,40,0
7658.55,36,9.75,612.1,122537.72,15.21,11,39,1
34942.78,60,13.76,1112.48,143967.75,17.24,24,14,0
17368.1,36,12.97,613.33,161785.15,38.67,9,17,1
26528.48,36,17.62,1351.79,65030.33,30.41,17,28,1
20658.77,60,17.58,508.59,130803.36,37.41,21,9,0
29366.79,60,13.27,798.98,34464.79,5.42,7,21,1
19690.45,36,8.63,796.98,242908.42,0.99,3,29,1
12207.82,60,16.64,983.84,128749.92,38.84,5,17,1
15171.95,60,24.33,480.85,26822.3,13.24,16,42,1
34504.03,36,8.71,974.71,157787.04,26.28,6,17,1
19253.35,60,6.38,237.32,43026.29,6.28,23,16,1
9324.52,60,10.29,1343.61,201695.52,22.13,16,33,1
37449.61,60,13.26,241.94,239271.79,37.64,9,16,0
32067.42,36,11.12,1265.23,230808.81,28.11,8,29,1
3170.98,60,21.69,1048.93,118390.24,18.07,11,33,1
39958.78,36,14.86,531.37,183894.28,36.89,13,7,0
28102.14,36,9.92,511.33,55834.96,5.04,17,36,1
7250.4,36,24.0,1450.09,37410.1,18.77,4,48,1
10249.54,60,7.5,316.63,208841.7,22.91,24,25,1
28005.37,60,7.46,1092.75,179888.65,0.55,3,45,1
31410.68,36,9.91,300.01,228624.01,0.72,4,11,1
10322.4,36,6.54,1360.93,230355.26,24.73,3,7,1
11021.79,60,20.03,1120.65,99874.48,26.18,13,12,1
12977.71,60,11.26,1401.08,93289.08,39.27,10,11,1
24322.72,36,19.6,1322.29,121637.2,12.42,4,20,1
7700.83,60,20.25,837.76,173106.9,13.71,11,25,0
5065.48,36,9.75,253.78,21147.54,23.78,17,19,0
27475.7,36,15.37,355.55,142960.62,29.68,3,41,1
31384.82,60,15.39,326.67,24538.11,20.8,3,34,1
20536.25,60,22.43,354.34,123655.04,24.71,20,32,1
15189.48,60,5.51,730.33,38924.1,,12,11,1
17849.67,36,11.34,1305.66,149309.88,28.64,19,33,1
16147.91,60,22.65,63.98,92283.12,16.11,17,36,0
38439.41,60,9.74,380.57,130150.28,23.09,22,25,1
30955.51,36,7.74,907.3,240269.66,26.37,20,12,1
9115.4,36,16.52,1302.03,98422.85,0.29,9,10,1
15983.38,60,11.12,467.3,185435.22,23.05,8,34,1
22216.48,60,14.35,592.31,177157.77,37.7,19,7,1
24906.45,36,21.4,578.94,219853.29,3.97,9,19,1
19259.17,36,15.41,461.73,96914.62,4.34,13,32,1
32594.94,60,15.32,1057.18,32897.75,7.98,20,20,1
30936.63,60,10.56,994.05,243245.05,3.99,5,33,1
20701.16,36,20.86,1269.61,103342.18,34.14,22,32,1
34322.75,60,19.8,1378.84,64560.25,35.25,14,9,1
30292.49,36,9.68,1353.7,230243.32,18.96,2,34,1
31364.69,36,11.4,824.04,63840.45,31.65,19,16,1
38299.63,60,20.77,302.98,141613.86,12.14,7,45,1
11392.21,60,12.15,356.58,193765.24,20.16,22,6,1
11438.28,36,13.07,897.67,188133.43,21.51,13,26,1
35669.14,36,12.29,1380.05,26776.97,12.25,13,41,1
31116.83,36,8.23,809.73,66560.56,23.49,10,19,1
37135.28,60,11.82,1405.52,224353.46,33.72,3,22,1
3462.08,36,21.06,415.51,147231.61,37.8,2,9,1
25482.53,36,14.82,156.93,178060.81,12.19,20,37,1
6640.51,36,14.16,1200.55,112527.06,37.0,3,48,1
20651.99,60,8.13,1322.69,191396.7,25.09,21,7,1
7074.13,36,8.55,688.68,86491.91,24.01,24,33,1
5995.06,60,5.86,180.59,73367.07,4.91,6,38,1
1474.57,60,5.28,92.22,249335.78,28.42,5,12,1
25579.31,36,14.76,121.96,56259.9,12.28,18,31,1
15001.88,36,13.18,675.5,245712.81,17.06,13,49,1
5102.34,36,10.51,375.18,233097.3,5.66,23,32,1
13590.67,60,24.8,709.03,184375.42,9.22,14,11,1
7588.82,36,12.96,748.08,153853.81,24.88,9,10,0
37726.1,60,20.78,703.4,21041.78,24.57,6,10,1
13480.19,60,9.21,941.29,166115.75,18.34,10,26,1
14024.19,60,9.94,1028.72,197654.6,25.22,18,27,0
33754.46,60,16.37,612.04,188561.4,34.69,20,32,1
26262.47,60,5.08,525.44,59574.82,1.29,16,30,0
28696.69,60,5.35,571.55,145242.77,8.23,8,37,1
25804.07,36,7.84,133.17,146545.54,11.85,23,49,0
37901.66,36,9.46,502.8,170162.96,23.09,22,28,1
9073.03,60,15.56,323.87,211117.35,26.64,8,19,1
39572.53,60,18.72,457.54,180593.09,22.13,5,15,1
33407.29,36,11.24,1080.16,52500.31,27.91,8,45,1
23969.93,36,9.78,1483.15,24377.12,17.86,4,25,1
26832.49,36,21.46,1387.62,51414.62,31.87,19,26,0
26304.21,36,8.26,1237.79,29264.85,2.89,19,39,1
3277.45,60,18.57,1113.68,120457.87,24.79,18,16,1
9502.64,36,23.63,1419.06,85263.24,1.73,3,17,1
38497.36,60,9.64,1135.5,21681.24,9.24,20,39,1
21840.21,60,6.74,722.3,,2.47,15,44,1
15755.79,36,24.6,914.0,111434.81,23.77,6,28,1
30719.5,36,10.42,479.5,236145.21,8.42,23,7,1
21456.24,60,10.51,34.86,248803.72,3.68,4,28,1
1513.35,60,14.68,549.81,31527.69,30.93,10,40,1
29713.27,60,9.62,625.1,211033.42,0.02,19,17,0
29556.48,60,24.86,1107.65,130459.29,21.96,17,31,1
7440.8,36,5.86,1293.05,162839.64,36.78,21,14,0
38309.74,36,14.03,1445.1,136372.92,31.52,22,45,1
9732.42,36,15.97,547.13,232636.59,,18,27,1
18852.23,36,14.34,1437.37,130051.52,4.13,15,43,1
5474.7,36,15.41,1205.1,58633.78,31.61,2,16,1
24528.01,60,24.75,75.34,199366.24,13.41,21,22,1
15642.59,60,22.54,905.03,138168.14,6.14,6,23,1
14773.77,36,11.17,567.49,46925.85,39.54,10,42,1
33252.1,36,16.03,80.0,126166.22,3.64,12,6,0
1372.91,60,5.01,811.31,178100.81,28.73,22,45,1
32119.92,60,13.19,889.68,88042.72,14.12,16,8,0
23286.49,36,8.28,400.78,229753.87,33.65,5,45,1
39457.84,36,19.23,1411.62,215490.38,21.89,4,36,1
23988.29,60,9.42,927.37,150615.83,35.62,19,23,1
3159.79,36,19.98,288.67,32505.58,22.17,11,37,1
2975.17,36,11.26,1090.25,154150.81,12.94,10,28,1
35442.97,60,23.52,763.74,115589.1,38.42,19,46,1
33807.35,60,13.91,725.65,186535.79,18.24,3,29,1
14489.71,60,21.79,1256.76,81417.14,34.01,9,49,1
25103.27,36,17.56,233.12,159325.61,33.6,3,44,1
20094.06,60,24.55,751.75,147520.55,22.5,12,46,1
38719.4,36,19.85,1177.72,141175.63,20.04,13,5,1
38048.48,60,19.55,1000.77,46659.62,11.81,11,35,1
39369.72,36,10.3,37.96,132673.66,22.43,2,8,1
34791.5,36,15.1,1187.55,146643.14,22.99,18,34,0
36472.51,60,10.8,1418.67,233361.28,9.61,15,16,1
9473.87,36,5.39,1065.86,125998.72,32.19,5,15,1
33409.26,36,19.21,1317.57,167168.93,13.5,21,24,1
28645.43,60,9.72,560.39,150926.53,30.16,21,43,1
38548.67,36,12.95,545.39,,39.52,24,49,1
23279.21,60,10.69,501.67,62414.13,39.82,23,22,1
4321.52,36,8.99,1110.41,190061.57,34.53,6,40,1
24298.56,60,6.34,1414.84,140304.71,34.28,9,15,1
27776.66,60,11.76,1331.54,226087.58,32.24,17,6,0
9592.52,36,6.63,250.81,228875.7,27.89,16,12,0
16370.42,60,15.81,950.38,88327.43,7.36,14,13,0
24341.63,60,5.39,1494.06,43351.18,4.32,15,30,1
15590.12,36,23.8,464.19,99138.53,22.88,13,37,1
15622.96,60,24.33,963.13,35418.91,27.06,15,11,1
6190.38,60,11.09,1362.74,199688.59,16.02,5,34,1
37689.12,60,10.2,1352.34,53621.77,37.95,9,49,1
30269.28,60,7.09,502.57,219262.68,10.04,20,45,0
1048.49,36,23.1,168.07,115525.26,10.06,19,14,1
30858.92,60,16.74,979.63,84078.87,34.75,14,5,1
29852.0,60,17.2,1422.04,135349.31,20.36,16,33,0
1379.51,60,22.92,776.74,159258.12,1.44,18,47,1
15414.57,36,23.22,702.83,181354.99,7.84,17,7,1
24663.16,36,21.57,1300.0,97781.92,22.6,22,36,1
18657.28,60,20.47,654.16,246083.28,13.04,19,35,1
31341.46,60,22.54,1030.97,117126.07,19.58,5,8,0
17592.87,36,22.52,601.3,211927.7,31.76,3,34,1
7000.66,60,12.37,584.39,28019.56,19.8,14,20,1
39080.21,60,24.47,306.08,198931.52,18.61,3,46,1
10439.56,60,19.18,160.02,146807.77,7.04,23,23,1
28990.0,60,12.4,1331.19,167113.89,5.85,17,44,1
6583.1,36,13.84,296.39,105762.12,17.27,22,26,1
13831.49,36,18.74,121.46,145313.34,8.38,11,35,1
18239.08,36,12.22,885.99,234410.7,16.02,10,9,1
8497.05,36,21.53,832.62,108788.46,22.62,16,47,1
18548.42,36,7.96,864.6,44326.19,4.5,19,8,1
7129.35,60,23.15,718.11,185717.91,7.86,24,6,1
22801.26,36,11.02,238.65,136187.72,34.29,7,24,1
26884.82,60,8.05,60.74,117736.51,25.34,6,5,1
3434.94,36,22.16,98.23,198898.2,29.79,24,22,0
34974.15,60,9.79,1416.43,149300.67,19.55,23,40,1
8220.49,36,21.87,811.83,165217.56,27.56,9,32,1
9789.13,36,10.93,617.59,232997.48,17.33,12,25,1
26792.64,60,23.68,633.92,33457.53,5.18,5,12,0
19281.29,60,9.38,988.73,80347.88,17.49,9,10,1
20476.43,60,6.39,583.69,226590.94,25.04,10,47,1
5998.04,36,23.73,1200.79,202327.43,10.12,16,22,1
32423.7,36,8.31,412.12,63377.67,,18,41,1
25065.12,60,23.88,569.87,58897.19,5.34,13,19,1
6279.9,36,21.48,1404.45,209781.44,9.27,4,11,1
15585.98,60,6.64,412.62,147158.68,29.02,21,44,1
32605.99,36,13.9,1002.53,217878.14,9.39,7,37,1
23165.85,60,6.47,565.91,231067.35,25.16,9,38,0
5237.3,60,11.6,722.66,35994.96,28.23,7,43,1
15538.3,36,12.03,96.43,243049.01,8.49,19,8,1
10465.08,60,16.99,275.83,184788.93,20.21,7,16,0
21181.16,36,24.52,179.81,211927.1,37.68,19,23,1
33891.08,36,8.4,1271.73,164976.85,23.67,2,20,1
18014.42,36,11.58,1443.69,90187.2,1.48,9,33,1
17900.34,60,16.74,129.92,157869.09,7.81,18,13,1
36308.69,60,8.43,142.96,138650.19,32.81,13,39,1
23471.23,60,19.21,841.69,234377.19,19.11,2,19,0
23081.45,36,13.07,770.93,147656.98,2.8,4,11,0
11214.49,36,23.99,986.34,26415.77,14.36,18,10,1
24701.19,60,17.6,1113.1,177801.9,28.57,7,31,0
23460.51,36,12.26,1201.91,31624.33,29.76,23,14,1
16477.21,36,19.39,249.15,,23.51,16,25,0
39637.13,36,21.78,85.62,131916.31,30.06,9,12,0
35393.75,60,21.01,1337.06,242641.77,16.97,5,23,1
30233.87,60,10.26,720.23,25948.88,19.06,22,34,1
21956.48,60,13.34,1457.73,142555.48,17.2,6,36,1
19020.33,36,14.04,813.17,72027.4,11.7,23,10,0
8211.0,36,12.77,779.74,167370.52,26.01,14,43,1
12923.76,60,11.22,945.78,134588.37,26.51,14,42,0
31184.47,60,20.05,280.11,150208.71,34.57,10,34,0
18696.21,60,5.24,403.44,102717.34,12.76,2,48,1
35408.51,36,10.87,1361.54,31855.22,25.68,10,16,1
6768.53,60,7.83,342.12,44402.22,13.71,23,7,1
20825.54,60,7.58,372.47,217468.93,36.2,11,17,1
26231.66,60,10.54,779.68,,12.97,16,22,0
21157.09,36,20.24,972.49,,31.53,20,12,1
35679.85,60,24.39,31.33,48213.96,33.33,10,36,1
39592.97,36,15.29,701.47,31325.47,14.38,10,8,1
5517.55,60,11.78,616.55,23973.56,8.5,17,47,1
6068.24,36,21.58,1302.46,,2.95,17,23,0
6082.64,60,6.34,1264.36,135206.34,36.43,13,22,1
27565.91,60,6.86,1361.71,45449.05,26.16,8,42,0
15534.37,36,11.91,1267.81,99723.08,32.79,19,16,1
29599.27,60,13.97,1186.47,141949.42,24.74,17,17,1
16813.39,60,20.96,1292.74,175437.41,6.39,16,41,1
25476.66,60,23.51,286.97,206299.66,12.14,8,5,1
31024.46,60,15.63,531.05,167519.42,13.5,22,22,0
22380.42,36,14.91,1034.92,26901.49,17.22,7,39,0
22040.64,36,9.26,1387.0,154800.97,2.09,17,31,1
4441.14,36,14.02,1010.36,40221.91,26.8,20,42,1
17020.49,36,23.47,335.68,149929.33,10.82,20,28,0
22285.31,36,12.86,1418.66,106477.1,19.2,20,22,0
19017.25,36,9.21,1147.7,85857.64,2.39,10,40,0
36130.5,36,11.75,1083.32,130794.7,27.88,14,13,1
36354.69,36,15.29,1150.88,107739.99,21.91,4,44,1
33054.78,60,16.97,998.94,,36.2,23,5,1
15636.62,60,13.65,62.51,72093.26,7.89,12,8,1
28974.67,36,20.17,402.82,51443.06,38.31,17,37,1
16416.25,36,16.69,1436.16,212505.21,36.23,5,31,1
10071.15,36,18.3,454.25,75984.05,11.83,11,6,0
14373.2,60,22.26,1164.29,27414.31,35.92,22,9,1
3767.62,36,22.31,653.99,,11.68,13,47,0
13939.32,36,9.07,1364.07,208380.33,13.44,5,23,1
18968.95,36,17.47,849.77,119330.13,36.36,17,42,1
38263.75,36,19.33,958.87,128119.64,31.5,17,47,1
13223.01,60,7.92,382.25,30855.38,17.65,4,19,1
36195.69,36,21.86,114.56,183541.53,4.55,24,30,1
9925.47,60,8.61,1142.14,99052.76,18.53,11,26,0
8447.79,60,20.99,129.44,187582.2,33.77,18,23,0
21240.82,60,8.23,1091.04,114523.28,23.68,6,8,1
27227.94,36,19.84,846.57,141185.36,1.94,11,24,1
2728.96,60,7.96,1235.43,155581.72,16.34,13,27,1
9621.57,36,12.58,332.49,65284.85,28.0,14,49,1
18771.66,36,7.87,826.05,87623.31,35.25,8,10,0
13909.17,36,10.41,932.83,154680.83,39.08,19,49,0
28792.22,36,24.69,139.22,209276.33,33.47,23,42,1
20935.26,36,7.15,1116.24,241131.97,34.87,20,25,1
7254.01,36,13.13,601.87,140559.1,8.6,18,29,0
35884.15,36,18.54,219.5,36999.88,34.4,11,29,1
12423.32,36,6.89,598.99,239883.08,37.05,18,30,1
29514.11,60,7.18,174.5,116776.86,25.37,11,31,1
31416.72,36,7.87,1335.35,43570.36,19.5,6,33,0
38563.15,60,17.9,701.44,243606.46,32.46,16,26,1
20441.79,36,23.19,232.9,84518.17,24.68,10,45,1
25017.59,60,21.52,400.58,171072.74,33.11,9,22,1
14060.18,60,24.66,1095.23,53147.45,18.06,12,28,1
27448.99,36,16.56,1185.55,185499.48,7.13,21,19,1
19071.96,60,24.23,90.74,244552.18,36.7,21,10,1
18068.44,36,11.1,118.02,246563.04,38.73,22,11,1
34363.23,60,13.43,1378.26,49028.12,38.91,4,33,1
2956.58,36,12.92,516.54,196802.56,38.23,5,45,1
35396.53,60,5.95,314.19,172786.74,19.75,11,48,1
34230.72,60,21.59,210.89,204338.26,25.16,6,6,1
20748.28,36,5.49,729.66,96638.01,35.23,16,18,0
20117.91,60,19.6,1163.45,112401.74,0.93,3,26,1
15110.49,36,13.14,796.04,98616.81,6.49,13,19,1
39772.78,36,5.12,60.39,196298.84,6.6,12,47,1
5335.6,60,10.8,741.34,206094.1,8.82,22,17,0
24018.39,60,11.92,488.14,77339.29,16.22,21,47,1
27585.58,60,24.29,1033.8,151741.37,18.53,21,5,1
37438.87,36,18.22,799.56,48972.49,15.64,2,20,1
31427.94,36,15.87,1449.05,23027.5,35.15,21,17,1
26110.04,36,7.54,909.3,160317.01,10.33,7,16,1
5555.68,36,12.82,959.75,213246.6,29.55,3,42,1
15575.61,60,5.72,794.74,228507.23,39.0,16,43,1
6414.82,36,20.23,487.18,162683.1,26.24,17,17,0
35367.3,36,8.26,956.99,205999.03,1.79,10,22,1
30235.23,60,16.89,519.38,112974.87,4.55,21,12,1
30543.93,60,18.99,1084.5,221327.57,33.55,20,15,0
26438.0,60,12.33,378.16,198185.04,14.43,18,10,0
20774.7,36,17.65,570.46,90961.42,16.16,14,8,0
6848.87,60,20.28,887.96,157359.84,35.4,20,32,1
13858.1,60,8.68,953.88,31789.49,28.22,15,27,1
6339.72,36,17.02,1012.86,53715.04,28.48,19,28,1
29271.61,36,19.68,1059.47,237730.12,26.91,17,25,1
7248.92,36,12.14,497.91,22243.47,25.32,9,10,1
28382.43,36,8.25,1342.09,66743.95,30.21,12,29,0
27997.96,60,10.72,74.0,51925.96,28.03,22,17,1
18912.87,36,23.66,306.99,180716.79,3.81,16,43,1
6273.92,60,12.15,133.11,44309.7,8.82,2,21,1
13277.23,60,7.15,1017.16,24629.67,4.35,16,19,0
13483.63,36,6.65,432.29,234012.54,32.32,18,17,1
28315.02,36,8.61,322.76,220734.66,23.81,7,20,1
5435.98,36,7.55,736.58,102443.22,38.6,15,12,1
33333.68,36,14.9,940.0,43120.5,28.73,17,42,1
30679.28,60,11.95,940.29,175986.5,19.81,2,13,0
8265.97,36,21.83,849.46,223116.69,37.31,11,7,1
29047.41,36,22.62,1488.22,244169.93,38.63,20,44,0
27072.01,60,14.47,1294.52,49928.5,25.09,16,17,1
30176.71,60,22.77,381.12,158048.46,25.04,22,47,1
8368.21,60,14.01,1145.31,119026.74,23.2,19,18,1
7146.02,36,17.84,866.87,56052.58,3.39,8,39,1
10222.88,60,8.25,133.66,205816.03,30.61,19,34,1
15269.0,60,6.05,102.88,199903.9,35.06,19,25,1
31952.93,60,8.2,1205.44,241869.14,22.3,2,16,1
29779.03,36,10.04,831.14,39672.78,7.74,24,29,1
37092.61,60,20.02,869.85,74941.26,32.5,8,24,1
3286.55,36,8.47,524.32,210342.38,35.81,21,10,1
1450.69,60,7.61,1397.61,110948.11,32.25,6,27,1
28266.41,60,23.55,1078.62,129464.93,8.47,13,25,0
11892.21,60,18.78,1393.83,160650.8,8.67,23,36,1
14029.08,60,14.47,175.92,113944.52,18.33,11,8,1
22325.28,60,6.9,888.08,28141.34,6.3,8,44,1
4994.11,60,22.04,967.17,158916.53,27.5,8,22,1
26065.08,36,7.17,215.21,72640.66,28.33,20,36,1
13680.75,36,17.22,539.01,242840.34,39.46,22,46,1
25675.89,36,18.35,345.76,178774.9,15.15,13,21,0
33526.27,60,13.0,1477.15,213350.46,29.03,10,45,1
7673.34,36,23.22,828.82,239512.33,19.87,13,32,1
37304.05,60,6.01,493.43,34565.04,6.49,23,33,1
21696.84,36,21.36,1006.81,,36.48,15,15,1
36994.18,60,16.08,999.54,205845.37,2.4,13,17,1
9101.47,36,17.22,540.58,223502.1,1.69,16,42,1
24577.94,60,24.74,1491.07,21122.11,10.6,16,26,0
16751.6,60,16.65,1219.17,237401.68,39.98,18,21,1
31194.67,36,20.94,618.47,124507.02,0.83,9,14,1
24630.45,60,8.07,1000.29,126404.14,16.92,3,8,1
20286.1,36,21.19,1074.49,222110.8,20.75,10,48,1
36606.43,36,20.22,285.51,86592.54,12.59,5,38,1
15707.57,36,24.36,1320.89,154202.95,28.22,19,5,0
9579.23,36,23.71,1244.28,96863.56,14.93,4,36,0
24715.95,60,9.28,1140.84,46117.54,26.46,14,42,1
25337.11,36,14.3,357.33,102473.07,13.76,22,37,1
18124.69,60,23.23,230.29,59797.47,5.99,21,35,1
19977.79,60,17.82,295.41,139825.27,22.5,12,47,1
38422.58,60,14.27,166.74,141852.66,22.11,2,9,1
29574.74,36,7.18,1412.23,120580.67,10.54,13,42,1
5313.47,60,12.04,1281.7,59977.08,14.45,13,9,1
9273.07,60,18.3,163.45,47308.4,17.41,18,40,1
39047.49,36,20.54,1026.62,44062.14,22.5,7,13,0
29332.16,60,13.94,391.01,45797.89,25.7,8,5,1
36686.76,60,6.12,55.39,87822.0,4.97,5,22,1
12850.6,60,17.66,459.82,20428.81,5.81,15,41,1
29932.81,60,23.43,676.84,34318.95,14.66,9,18,1
28846.11,60,14.93,59.46,128202.21,16.64,24,22,1
12492.91,36,23.57,505.87,62018.86,13.28,19,22,0
22481.84,36,12.08,1059.52,80577.16,25.86,22,28,1
25469.19,36,22.73,365.79,101264.19,38.55,9,43,0
19764.14,36,20.73,742.79,29119.83,24.21,20,28,1
33259.97,36,24.23,1334.74,70604.99,6.95,15,18,0
33481.89,60,20.82,71.73,198638.13,13.13,24,22,0
34173.42,36,11.43,1184.89,98406.3,21.8,6,49,1
32333.52,60,23.01,594.32,62816.71,12.53,2,26,1
20035.26,60,18.39,825.49,65481.24,18.48,15,5,1
15876.09,36,8.24,369.38,246488.57,23.14,6,25,1
33423.68,36,5.92,881.05,54144.72,28.24,7,31,1
20117.86,60,12.32,1104.13,228246.19,9.4,15,17,1
10608.48,60,20.74,326.26,38525.31,18.81,14,15,0
20786.4,36,17.36,534.61,221119.0,16.31,14,46,0
6532.14,36,15.54,864.05,136590.75,3.84,24,6,1
27973.55,60,5.07,642.67,160002.24,24.08,16,8,1
14100.93,60,13.71,460.93,76564.29,31.17,16,32,1
11165.69,36,8.15,693.98,226680.0,34.01,3,34,1
38303.84,36,14.09,457.52,155043.45,2.93,22,46,1
31298.36,36,24.84,473.75,175411.01,22.58,22,45,1
31695.71,60,22.59,927.63,148055.03,39.49,4,48,1
25325.16,60,11.21,731.29,48803.97,30.21,17,21,1
33727.74,60,16.87,1025.3,212331.68,23.59,15,37,1
30607.34,60,15.04,1261.04,62224.58,1.19,22,27,1
24352.17,36,7.6,1416.16,,2.5,3,33,1
38483.85,36,24.8,252.49,173989.28,2.13,18,25,0
8472.2,60,13.5,950.5,41465.74,31.76,21,18,1
37791.81,60,15.11,886.13,234682.97,21.74,19,46,0
16656.09,36,17.95,1304.41,48549.34,12.25,10,7,1
21607.56,60,8.83,1346.96,173445.87,35.02,21,42,1
5786.83,36,9.44,1147.94,166078.08,32.47,20,18,0
22064.19,36,8.85,905.33,180547.0,31.13,18,43,1
24837.06,60,12.69,322.92,119669.77,30.95,15,48,0
39910.36,60,8.99,436.66,107925.6,7.66,14,37,0
39032.5,36,23.53,916.07,244861.34,35.03,7,38,1
38689.49,36,19.29,234.84,207946.45,7.87,4,7,0
14587.13,60,22.96,300.43,131652.04,34.53,4,20,1
39659.39,60,21.97,1369.81,61921.55,35.66,19,44,1
18763.65,60,19.06,1435.78,224827.32,28.5,3,43,1
34221.61,36,9.85,37.7,169212.37,28.36,5,8,0
9436.48,60,17.31,1297.85,51227.88,10.43,23,13,1
20727.49,36,8.73,1408.88,62114.01,12.53,13,12,1
38674.47,36,7.65,802.84,144388.57,22.9,5,47,1
37934.22,60,17.65,689.88,135847.24,22.9,19,7,1
27665.66,36,17.49,1380.64,114134.9,13.58,10,37,0
32114.76,60,8.13,41.07,118181.02,35.86,14,45,1
7880.64,60,12.05,1265.51,59606.55,5.25,17,42,1
29144.68,60,6.33,465.97,78757.17,15.58,2,8,1
25103.98,60,19.31,972.51,133322.94,10.34,17,28,1
4570.52,60,24.75,505.1,34652.07,37.16,14,6,1
5413.2,36,19.8,798.73,101116.93,5.71,20,43,1
5229.3,60,21.88,1218.23,68385.98,18.83,17,5,0
29249.92,36,14.53,296.47,60169.08,1.68,12,47,0
6526.89,60,6.91,1005.96,53716.39,31.14,21,24,0
19241.56,60,19.53,1350.56,52243.57,26.45,8,29,0
14922.29,60,10.13,1354.55,56900.95,33.71,7,34,1
22469.66,60,12.77,1344.36,106050.57,11.71,20,47,1
28552.58,36,19.06,792.14,43334.66,22.12,9,45,1
27704.18,60,23.1,1158.52,226319.53,38.34,18,41,1
21105.28,60,14.72,686.88,134520.71,10.11,20,14,0
19109.06,60,24.23,706.44,136098.36,36.15,15,15,1
16514.81,36,15.4,447.27,68551.23,37.9,18,17,0
34614.49,60,7.45,449.28,219445.7,15.12,20,17,1
13903.22,36,15.37,85.6,210470.15,13.27,10,41,1
11115.27,60,22.21,811.26,27876.59,11.33,3,39,1
29989.3,60,15.76,483.88,188453.0,33.71,3,20,1
15030.78,60,19.96,305.9,62381.91,27.35,3,39,1
34032.95,60,15.96,208.92,147791.87,8.37,3,18,1
13787.66,60,15.92,540.09,220219.2,34.2,18,5,1
28375.85,60,10.7,1351.55,234832.14,7.66,18,8,1
2759.25,60,9.03,789.11,62424.04,19.59,11,42,1
16036.95,36,10.58,848.7,236102.49,4.57,9,5,1
14385.98,60,13.82,109.86,36004.03,25.93,5,35,1
32850.47,60,21.19,794.17,229145.11,26.39,24,5,1
38715.16,36,21.58,1011.39,197634.98,14.49,24,34,1
18974.37,60,8.27,251.55,230179.7,4.16,10,38,1
33168.61,60,16.06,1475.82,104213.63,21.83,15,13,1
28288.09,36,13.32,1375.22,236379.24,36.83,9,17,1
38728.05,60,16.42,1489.86,208258.86,31.64,15,49,1
32633.23,60,17.95,559.67,95514.18,22.97,8,16,1
4021.64,36,10.59,1238.78,97954.86,3.01,19,13,1
28817.99,36,23.38,513.24,102159.56,26.23,5,34,1
21884.49,60,23.71,1131.22,155420.95,13.76,18,28,1
1641.01,36,7.11,1423.31,,29.52,7,20,0
10801.21,36,19.06,257.88,119704.97,1.62,7,8,1
36948.45,36,5.66,236.27,35561.92,19.28,24,34,1
37116.39,60,5.93,183.47,102412.56,14.25,9,24,0
32155.17,60,24.16,1203.58,173348.6,0.58,9,30,1
39289.4,36,18.9,1009.95,155577.94,18.81,20,37,1
32455.26,36,11.49,797.8,92803.22,6.07,13,19,0
1397.96,36,18.4,1167.65,79156.93,0.88,18,44,1
12225.54,36,21.92,1279.39,95232.2,24.6,14,19,1
2194.34,60,22.42,1425.81,35995.94,39.47,16,42,1
4670.21,60,5.41,325.84,79242.82,27.1,5,40,1
9534.79,60,21.36,679.26,182851.73,35.29,13,21,1
20638.78,60,22.06,1386.83,61112.2,5.05,18,27,1
34053.75,36,16.91,708.15,51793.03,11.85,16,38,1
34616.7,60,14.6,746.85,214593.16,30.73,16,29,1
25031.87,36,7.22,1415.39,74407.07,7.16,21,39,0
37198.86,36,9.79,1109.97,77753.97,23.83,4,42,1
20502.43,36,14.81,841.51,126498.91,18.88,14,9,1
35672.41,36,22.3,555.21,,24.11,19,15,1
18708.54,60,21.06,1375.56,62826.54,38.64,4,18,1
11811.78,36,14.92,43.14,147912.1,30.64,13,7,1
36740.1,36,20.71,501.88,180020.5,39.56,15,28,0
16129.47,36,20.31,1420.73,131433.3,4.89,15,37,1
20632.76,36,16.58,762.36,225950.01,18.54,16,31,1
13825.56,60,9.41,947.07,248066.22,9.87,10,29,1
26850.67,36,11.96,812.94,141580.42,26.64,7,24,0
39806.22,60,8.28,614.12,243719.97,0.57,20,40,0
1995.03,36,5.14,1007.97,168692.41,35.74,14,15,1
36094.07,60,6.61,1156.72,,24.04,12,44,1
1153.12,36,20.19,565.71,220105.62,26.83,12,17,1
15204.89,36,5.67,898.07,242293.87,31.77,17,21,1
7575.67,60,13.0,151.65,249772.19,29.83,22,43,1
30536.33,60,24.72,834.97,194610.55,27.49,17,10,1
2973.82,60,20.9,1129.19,131619.08,37.91,13,14,1
22585.91,36,20.01,890.31,88088.39,9.5,7,29,1
12502.12,60,10.49,1321.32,148335.56,3.8,12,9,0
6213.14,60,17.83,450.7,198831.78,25.26,11,11,1
31100.91,36,14.97,752.88,26169.65,2.58,4,23,0
9479.26,60,17.48,158.6,81559.67,22.17,18,8,1
9723.33,36,13.72,1059.03,101558.8,27.97,24,14,1
11727.99,36,15.62,681.05,199387.98,26.96,20,48,0
23883.9,60,24.77,809.64,161116.98,13.51,11,22,1
26726.97,36,11.59,218.74,117912.51,27.13,17,29,1
1686.5,36,9.33,1496.11,231431.35,13.4,24,34,1
10432.92,36,13.97,1164.72,143773.64,32.23,12,32,1
17807.86,36,15.49,618.93,186499.79,34.88,5,29,1
13947.1,60,6.71,867.84,170758.62,26.63,8,34,1
35482.66,60,21.12,939.51,217456.89,25.1,10,7,1
31720.64,36,13.44,1442.33,206847.08,11.5,19,13,1
25409.72,60,13.26,1159.53,247477.22,18.61,18,45,0
14183.65,36,18.18,544.01,107213.98,9.21,23,16,1
28326.22,60,20.46,1467.23,57920.59,28.17,5,12,1
33901.88,60,24.72,473.64,194758.05,26.01,13,10,1
24198.38,36,8.47,878.11,221184.23,4.37,13,11,1
31594.0,36,11.91,1059.98,32505.55,35.91,16,11,1
30215.09,36,8.37,428.55,96561.63,39.51,18,42,1
23297.76,36,22.62,1435.85,205654.63,5.67,20,13,1
13175.15,60,15.97,347.68,177190.37,11.02,4,5,1
30085.5,36,22.05,679.41,193719.33,32.86,6,24,0
9065.06,60,24.7,294.41,144935.92,15.8,4,20,1
31400.05,60,16.0,1316.23,107822.99,2.31,14,30,0
32377.32,36,7.36,355.75,206619.97,36.47,21,49,1
33063.65,60,12.23,81.07,147544.22,21.01,18,16,0
19443.72,36,5.72,87.24,138453.74,1.24,13,24,1
8506.75,36,21.99,638.22,189014.18,17.39,22,34,1
4889.22,60,5.36,798.48,63899.43,33.38,17,27,1
29991.09,36,16.84,91.21,154780.98,15.78,2,41,1
35564.19,36,7.12,166.51,90015.4,5.21,10,34,1
26382.7,36,5.15,173.27,24933.37,1.65,9,19,1
6622.24,60,10.12,1012.7,192239.61,31.18,11,29,0
37460.96,60,16.04,470.73,129177.67,20.41,17,40,1
39574.98,36,6.5,856.98,227746.91,12.82,23,32,0
17901.77,36,17.3,138.33,135038.24,33.05,12,21,1
24198.19,60,18.44,1341.41,22343.53,4.53,6,18,0
31311.91,60,24.39,477.52,114011.88,6.55,13,39,1
29719.2,36,22.99,1173.96,59346.96,15.56,17,22,1
38743.7,60,16.34,1245.25,231848.13,1.57,20,13,1
5480.44,36,20.87,1482.23,122533.77,34.15,15,45,1
23648.27,36,12.27,1119.33,137459.6,18.33,22,30,1
27985.33,36,16.71,680.92,104064.2,23.75,14,41,1
35713.84,60,13.07,254.36,140111.58,1.85,13,35,1
35090.28,60,11.74,100.37,39042.2,34.65,5,32,1
39141.99,60,19.55,1332.8,125508.61,38.78,3,20,1
20971.06,36,10.93,686.6,172591.96,35.51,19,48,1
33399.67,60,12.61,1132.45,105618.52,27.37,4,27,1
17663.99,60,12.34,759.61,110313.51,31.68,12,7,0
17470.24,36,22.41,1323.11,212606.51,33.94,5,41,0
10880.59,60,8.41,1132.01,143424.04,8.67,20,48,1
32911.25,36,12.63,155.62,155159.11,5.73,4,28,0
39446.79,36,22.76,1135.66,88267.83,8.17,8,9,0
10997.33,60,5.31,422.22,131085.35,35.53,18,48,0
3189.13,60,23.96,1166.39,32410.95,13.46,12,6,1
32806.16,36,22.98,1424.32,118968.29,6.13,14,35,0
25188.97,60,13.36,1397.29,204620.0,39.98,5,44,1
38428.25,60,18.06,213.75,57135.2,6.73,10,34,1
10837.33,60,24.82,110.37,195829.87,4.65,23,31,0
3770.08,36,16.1,1172.16,106069.6,33.36,19,43,1
20205.25,36,6.94,1073.64,26224.19,33.81,24,13,0
4333.17,60,22.07,288.97,239237.81,,24,45,1
11209.81,36,7.68,1036.31,61712.27,11.0,3,33,0
5913.14,60,10.15,52.77,96996.74,12.31,6,41,1
9741.16,60,22.47,957.81,130567.4,12.14,20,19,1
5139.64,60,10.12,1253.49,238371.94,34.62,22,34,1
38202.33,60,19.9,973.5,153668.56,0.68,19,27,1
11863.95,36,13.95,126.13,228228.41,28.41,18,48,1
18312.01,60,20.19,1486.73,149827.0,38.21,7,25,1
36045.86,36,9.65,553.45,67241.04,30.09,7,23,1
27415.54,36,13.39,589.3,149805.49,19.63,4,18,1
25103.46,60,11.36,154.58,43102.21,3.29,16,6,1
28516.96,60,9.98,275.66,46923.55,1.22,20,15,1
33324.07,36,11.29,428.63,46602.99,8.33,20,36,1
35229.1,60,11.46,1204.83,22818.13,24.49,14,13,1
26062.95,60,24.11,1046.87,54795.95,18.17,11,34,1
35710.28,36,15.66,887.96,101185.14,24.07,18,38,1
21880.5,36,14.24,1299.92,36586.75,3.43,12,38,1
11814.34,36,15.07,1496.77,21417.46,33.11,6,38,1
35322.99,60,24.92,595.62,45822.52,27.16,16,43,1
22117.44,60,18.07,605.1,235293.35,25.51,17,6,1
36339.37,36,19.07,1112.05,140896.67,6.91,11,15,0
2566.54,36,11.27,977.19,120055.43,21.84,11,19,1
16503.11,60,14.43,49.69,132046.18,10.22,15,42,0
37964.4,36,8.68,993.48,147605.97,37.3,15,29,1
10736.35,36,18.7,1087.82,44801.17,18.67,3,40,1
37719.91,60,11.89,1479.33,154494.0,12.3,20,28,1
38202.2,36,19.97,892.55,211871.38,38.03,19,19,1
35403.55,60,9.26,1036.09,148948.42,8.23,2,19,1
22983.05,36,13.07,1189.46,223100.96,19.72,2,34,1
26230.64,60,14.42,171.06,51792.95,6.83,10,34,1
34915.06,60,8.33,1109.94,209953.86,3.77,6,7,1
31259.99,36,6.39,833.89,172401.29,2.08,8,6,1
25573.66,36,11.34,177.11,158844.57,0.63,11,29,1
39308.12,36,15.9,1014.72,155417.87,28.38,14,11,1
27741.39,60,18.05,374.72,47357.6,15.52,6,40,1
39043.8,36,13.51,820.71,167646.76,36.88,22,31,1
3238.15,60,15.01,443.01,111719.44,25.06,6,11,1
6419.45,36,15.86,183.67,34549.04,32.27,3,13,1
18606.89,60,15.24,398.77,67208.9,11.3,7,9,1
16010.3,36,6.81,675.05,121792.93,8.51,6,34,1
31526.66,60,13.1,756.37,248384.96,17.77,19,21,1
7263.95,60,9.09,248.27,,33.1,11,45,1
39067.71,60,15.67,501.84,54449.02,19.17,14,32,0
13287.57,60,20.16,1293.3,227393.2,22.01,19,14,1
17728.02,60,16.59,1368.26,28104.65,14.34,2,7,1
11715.06,60,9.44,816.72,49147.17,23.7,16,47,1
23595.18,36,9.16,750.83,128956.71,20.22,3,15,1
3286.52,60,5.74,884.67,41339.1,18.5,20,29,1
6837.42,36,13.53,345.42,151464.71,21.95,17,12,0
30086.11,36,13.66,1490.55,56286.43,16.75,11,32,1
8273.52,36,9.73,1125.55,169697.21,31.5,3,17,1
10185.06,36,20.29,380.96,47062.78,2.72,22,26,1
31926.31,36,12.73,430.06,206323.98,14.17,2,9,0
4638.75,36,18.39,983.17,,30.13,2,37,1
18061.48,36,17.8,504.58,232842.73,,8,46,1
1899.47,60,17.09,552.32,35736.11,18.78,24,38,1
14525.49,36,23.16,1177.99,147718.3,15.69,10,9,1
28260.27,36,5.32,422.38,183036.33,14.01,10,36,1
4514.03,60,6.36,1066.7,227612.83,21.99,10,17,1
35645.05,60,19.44,1404.28,130872.41,6.54,3,37,1
36470.46,36,12.07,212.48,238802.61,17.43,5,10,1
5094.62,60,24.73,242.1,48170.24,30.18,8,48,0
39638.57,36,9.33,1416.02,119642.72,0.37,2,6,1
12603.65,60,8.67,329.17,78229.56,24.11,18,19,1
4279.97,36,16.76,60.72,55739.27,39.28,10,45,1
1197.62,60,10.59,1306.71,85959.87,16.11,6,42,1
16932.39,36,11.81,444.99,172885.16,21.57,19,39,1
25562.59,60,23.42,468.58,131136.57,5.61,12,45,1
13954.99,36,5.52,363.57,61756.22,28.26,11,5,1
33631.98,60,15.63,1378.97,27295.54,16.71,10,41,1
28947.64,60,11.7,1168.4,232404.94,30.76,7,7,1
14656.3,60,11.92,907.28,92251.29,5.03,14,42,1
29638.08,60,9.96,696.29,49344.57,3.02,16,41,1
37679.02,60,7.7,240.99,53613.96,11.24,6,14,1
4630.74,36,5.69,1391.2,78287.96,6.98,4,48,1
12938.05,36,24.75,1132.01,73086.78,32.69,12,38,0
19069.71,36,18.21,439.96,84296.53,30.31,20,38,1
20421.61,60,20.54,1422.82,71867.3,38.66,9,14,1
22145.63,60,6.3,1404.73,119048.74,2.67,23,26,1
12724.45,60,5.3,999.49,196088.84,11.5,24,38,0
27023.13,36,17.01,1477.96,26251.16,38.82,2,38,1
26158.3,36,19.48,305.25,63806.43,4.26,23,45,1
23535.04,36,12.9,1105.14,183756.78,19.59,15,18,1
5436.71,60,12.76,253.7,54242.47,26.23,14,29,1
19601.75,60,12.69,1046.79,190505.77,9.1,13,27,1
14892.85,60,8.06,1382.18,138406.2,31.05,15,45,1
20150.5,36,20.08,818.06,222771.43,34.09,13,6,1
36952.79,60,9.3,1151.71,22336.8,,20,38,1
19740.72,60,11.49,240.39,200402.01,28.17,10,39,1
1545.25,60,18.43,960.8,151608.51,21.23,6,28,0
18114.63,36,5.0,122.89,127842.08,27.21,22,20,1
33005.28,36,20.33,84.24,53515.52,18.0,24,25,1
31422.38,36,22.98,962.07,73834.54,1.36,9,21,1
21022.21,60,6.03,872.03,200786.89,12.98,4,36,1
10740.99,60,16.83,514.0,54272.04,11.79,13,18,0
19138.46,36,13.17,784.01,141289.81,36.97,5,32,1
22984.39,60,6.57,1035.98,67754.83,17.54,18,37,0
39994.99,60,18.64,977.75,132532.52,36.14,18,11,1
26122.95,60,17.25,138.24,78590.28,0.23,9,18,1
28076.33,36,17.85,1026.84,100755.67,25.29,22,10,0
20166.71,36,21.27,999.51,204562.17,18.27,24,15,1
14825.09,36,10.74,1014.33,28536.99,1.79,23,31,1
32705.17,60,18.54,1275.61,232588.55,18.71,14,30,1
20302.36,36,19.87,877.75,93457.83,15.35,8,38,1
39792.92,36,8.38,1408.71,157089.64,8.53,11,29,1
18827.7,36,24.14,1470.61,71003.52,3.15,24,40,1
3652.01,36,11.8,1135.21,102509.08,31.61,12,22,1
27620.55,36,19.27,557.26,125723.03,24.34,9,32,1
2819.02,60,20.08,240.35,178411.73,23.63,17,14,1
10769.56,60,15.08,1235.61,220810.74,36.23,8,40,1
14795.79,60,7.57,245.55,219209.77,0.49,10,46,1
29839.86,60,10.51,244.87,97512.07,21.66,16,42,1
20275.2,60,9.68,1380.99,40403.77,38.11,9,46,1
2117.19,60,15.37,853.01,232754.29,18.0,2,13,1
25057.14,36,10.23,461.2,27060.15,18.88,11,43,0
17046.01,60,15.94,1445.59,222644.86,2.78,3,25,1
36951.55,60,10.76,1069.78,25939.19,28.16,24,30,1
20482.93,60,5.02,816.22,244622.74,30.48,17,39,0
28650.03,60,12.27,514.34,22563.88,5.56,10,37,1
9535.87,60,17.14,1024.63,23909.82,25.53,20,29,1
30677.97,60,20.47,1104.42,137003.6,14.94,13,7,0
29117.26,60,5.57,1076.8,173357.06,22.59,4,23,1
36259.19,60,10.17,317.15,101139.68,26.99,14,16,1
2319.04,36,24.71,1054.95,159356.26,4.03,19,34,1
18452.53,60,10.24,884.73,214547.13,12.04,18,38,1
27487.06,60,20.54,1279.61,202984.39,33.7,6,45,1
4711.39,60,15.19,948.41,223338.12,6.78,18,12,1
17013.56,60,7.44,245.03,56607.37,26.01,7,46,1
37743.72,60,17.87,498.24,71666.4,33.46,2,18,0
18001.45,36,24.33,1123.41,155174.06,24.99,11,15,1
39430.79,36,22.74,1117.74,186443.96,31.41,7,49,0
3216.72,36,18.81,357.39,44693.46,19.56,21,44,1
28995.36,36,15.24,551.25,60395.54,35.31,11,49,1
23659.63,36,11.39,52.52,232274.11,27.09,7,48,1
20521.05,60,12.14,517.61,25942.8,13.67,19,12,1
38863.05,36,11.92,68.72,112412.42,20.79,23,48,1
6056.37,36,23.44,1313.12,68496.84,25.88,22,23,1
35943.96,36,9.23,1009.97,198094.14,31.51,11,25,1
27958.38,36,12.56,1454.65,218624.7,6.74,7,23,1
11100.85,60,13.64,1341.13,76807.77,39.62,19,37,1
36165.1,60,13.18,917.11,155673.09,6.02,24,26,1
17742.5,36,5.08,769.31,213938.14,21.74,15,45,1
32754.87,60,10.42,1329.08,157656.3,0.69,13,7,1
16164.62,60,14.97,468.67,158161.76,17.62,18,42,1
34186.3,60,20.21,358.57,114958.69,0.11,4,13,1
25828.54,60,16.39,632.73,170195.27,2.81,10,45,1
6500.82,36,12.7,108.2,240876.91,21.92,17,35,1
26336.86,60,18.3,473.9,88914.41,18.26,5,31,1
8462.45,60,18.32,153.01,66137.56,2.53,2,24,1
17064.98,36,9.96,107.41,240371.8,37.25,9,15,1
7641.53,36,7.08,840.47,33840.37,14.01,12,41,1
1858.63,60,21.06,1071.0,213179.2,,18,21,1
9263.58,36,15.6,818.91,229253.05,38.5,9,32,1
21918.51,36,8.53,133.75,70468.62,36.36,4,7,0
19780.88,36,10.24,610.6,117913.13,27.3,14,7,0
20558.39,36,20.33,193.1,48296.55,0.73,10,26,0
10659.79,60,18.07,985.59,104402.39,25.64,5,20,0
27721.29,36,23.9,1244.82,125184.19,3.34,18,14,1
28466.27,60,14.3,201.56,137200.72,17.09,13,6,1
14960.75,36,6.04,128.27,48165.67,36.56,8,49,1
35365.63,60,19.01,626.75,112832.49,4.77,17,16,0
26116.91,36,10.1,476.11,163783.29,28.21,7,40,1
28808.53,36,11.48,413.21,135032.82,11.35,11,18,1
11816.26,36,8.93,340.75,213526.49,6.47,7,45,1
1023.85,60,11.18,495.88,238746.33,9.61,22,20,0
34749.65,60,21.59,1449.1,207876.41,16.24,13,15,1
33074.55,36,16.53,1290.78,30897.82,32.22,7,43,1
5804.48,36,7.18,913.99,69374.73,20.61,4,45,1
15590.1,36,16.73,1206.7,40149.68,14.01,18,27,1
26792.23,60,17.67,51.66,119781.41,7.04,10,33,0
26432.32,60,22.7,193.84,186474.1,10.15,4,15,1
34553.66,60,22.19,459.92,27441.76,37.83,11,14,1
6470.46,60,6.26,976.53,81421.34,8.86,13,41,1
17767.65,36,22.33,1328.62,41596.82,13.04,17,48,1
4791.75,60,6.02,369.78,114324.84,19.53,20,20,1
16194.21,60,8.08,234.63,232826.35,18.08,20,19,0
1589.19,36,7.23,1276.44,114951.81,12.24,16,29,1
36032.65,36,8.63,631.43,165988.94,0.64,11,38,1
21554.72,60,21.07,1058.28,109015.79,32.97,7,8,1
34142.29,60,18.72,835.6,188234.94,3.08,17,16,1
3336.28,36,18.74,288.59,190896.27,31.6,24,20,1
9870.87,60,23.44,1059.85,51751.07,12.29,6,26,0
11115.82,36,12.84,648.54,170237.16,36.45,10,10,1
16080.97,60,5.07,452.99,108861.2,,10,37,1
32311.79,60,17.8,1356.97,217741.8,0.46,2,23,1
16075.76,60,22.36,38.8,56297.82,20.72,18,19,1
8981.49,36,24.53,625.16,226409.57,36.38,2,32,1
3534.62,60,12.28,471.75,137650.11,1.58,4,20,0
4100.18,36,21.44,110.08,78769.58,18.32,19,43,1
30641.84,36,21.98,148.22,96972.3,27.98,10,48,1
18347.32,60,7.89,283.26,21152.51,2.65,17,11,1
29321.06,60,17.63,772.35,238479.15,9.34,15,49,0
27609.2,60,8.46,445.49,71744.2,1.38,10,29,1
6279.14,36,13.93,1261.65,,22.28,19,40,1
6572.63,60,22.59,382.76,216181.67,32.59,22,16,1
30458.34,36,20.79,1088.73,,14.26,6,38,1
29129.46,36,16.41,339.25,68509.73,4.46,14,40,1
15743.2,60,21.17,92.55,118120.02,21.03,7,7,1
4019.47,60,8.06,418.99,,34.66,3,45,1
1471.82,60,8.9,1261.23,216677.51,23.54,8,16,1
12238.12,60,9.18,150.91,132382.19,8.72,15,45,1
1359.67,36,20.52,536.41,145476.16,8.69,2,24,1
9972.83,60,22.82,41.78,113988.65,13.66,21,29,1
17360.53,36,16.26,956.46,237293.87,3.36,9,33,1
5735.21,60,24.16,1415.86,247451.15,21.67,21,34,1
5066.83,36,19.56,595.02,86505.28,38.88,13,32,1
35961.06,36,16.27,878.07,238435.8,32.14,17,23,1
23833.33,36,17.23,694.86,238597.12,21.86,18,6,1
37443.77,36,21.99,1460.8,128892.15,36.82,20,25,0
14487.22,60,6.8,1111.92,115427.43,23.09,24,17,1
27408.65,60,8.36,95.01,219940.09,31.96,7,45,0
8982.98,60,10.33,189.83,236903.39,7.38,24,18,1
25115.27,60,22.9,721.61,112547.28,7.7,13,35,1
6053.84,36,23.9,958.67,,34.7,14,21,0
1081.14,60,12.12,456.88,96873.48,9.24,15,16,1
37329.74,36,23.48,1021.73,68057.2,22.17,10,49,1
22640.88,36,15.94,877.49,249129.16,8.53,4,20,0
37150.69,36,14.47,669.59,63430.85,24.27,9,27,1
14019.43,36,21.66,885.98,207261.0,18.25,2,20,1
13783.66,36,15.92,1377.2,116734.26,32.71,5,25,1
16625.55,36,14.09,387.51,39242.75,30.79,14,49,1
28535.6,36,5.32,1193.08,94734.01,9.44,9,42,1
23066.54,36,5.26,47.58,39120.52,20.48,6,48,0
37088.84,36,17.55,154.65,245848.43,39.23,14,15,0
1992.2,36,6.47,1426.04,80996.09,20.91,13,16,1
28619.64,36,19.74,1055.66,191588.33,17.54,17,30,1
13882.78,60,17.45,960.98,117892.21,1.76,24,30,1
8029.11,36,14.15,521.06,176267.81,23.14,5,38,1
20905.43,60,19.2,300.98,78666.87,37.77,9,20,0
20697.49,36,24.86,588.48,41651.92,36.27,20,19,1
6343.43,36,9.93,909.63,205966.03,28.43,2,10,1
8873.95,36,16.14,962.54,184844.66,13.58,6,14,1
16918.42,36,21.86,279.24,45163.24,29.52,13,23,1
16943.65,36,5.34,684.89,188117.96,22.16,16,10,1
13384.77,60,9.07,863.13,157457.35,22.16,7,38,1
6793.26,60,15.42,1441.14,59442.37,,8,15,1
1170.57,36,16.04,837.65,209889.39,9.48,18,7,1
38839.17,36,6.73,883.48,180746.94,23.22,21,16,0
37796.47,36,13.15,1154.83,136568.41,24.07,23,37,1
19862.36,60,15.4,645.8,61086.01,37.03,24,35,0
39807.02,60,13.46,594.29,144237.83,0.97,24,44,1
27272.52,36,19.01,898.64,57423.28,19.15,3,30,1
3685.44,36,20.43,1181.46,62309.02,10.53,4,37,1
5591.01,36,14.21,967.25,75508.93,33.48,14,46,1
36728.32,60,13.51,303.61,170537.72,12.08,6,13,1
25572.04,36,19.11,614.62,176320.72,11.19,4,45,0
33884.16,36,16.11,783.52,36735.15,27.05,7,34,1
36032.52,36,22.41,799.9,169706.17,11.34,21,11,1
18469.74,60,14.62,529.2,27957.25,16.11,23,14,1
2892.51,36,16.49,797.95,228146.97,1.31,21,44,1
8342.93,36,7.58,1019.27,199092.94,14.26,8,22,1
3596.31,36,21.72,717.92,186610.03,,11,46,1
8360.85,60,13.45,693.48,75018.09,22.09,20,21,1
17010.78,60,19.38,1208.33,247138.34,5.68,21,32,1
5609.68,36,13.59,1142.55,232592.87,32.81,11,11,1
7502.6,60,5.02,650.94,132682.5,13.4,16,30,1
18387.05,36,13.01,1494.14,27978.28,35.12,22,18,1
14266.67,60,7.95,127.71,137619.86,33.69,10,7,1
19238.67,36,12.97,509.21,55414.84,5.85,3,37,1
17737.71,36,11.43,84.14,156320.43,36.38,21,12,1
26134.64,36,9.05,1264.02,246914.74,3.05,6,37,1
37550.39,60,7.48,1140.78,194092.47,16.57,23,43,1
5206.71,60,19.57,1035.0,94119.51,6.74,19,47,0
4871.15,60,20.1,345.27,110656.65,4.73,19,33,0
34259.44,36,10.3,1070.35,237252.28,4.55,9,12,1
20749.47,60,14.9,552.31,45337.95,0.01,21,41,1
30889.8,36,14.28,1306.8,224737.5,31.67,17,28,0
9401.45,60,12.1,323.27,37142.66,10.48,11,18,1
33325.64,36,10.55,350.23,115369.97,0.37,10,17,1
37030.02,36,8.72,1442.06,191453.69,8.89,21,10,0
25783.84,36,22.46,790.02,110865.39,2.26,22,49,1
5129.28,36,21.67,686.19,151357.63,1.81,18,11,1
35916.5,60,13.34,547.07,132879.35,31.78,15,48,1
31907.02,36,19.42,1251.88,159068.08,0.52,15,25,1
30284.23,60,14.97,548.48,59315.7,34.59,9,7,1
2432.4,36,6.71,553.55,152961.05,8.08,11,42,0
32159.54,36,21.45,211.3,247070.81,38.1,16,26,1
6380.09,36,9.39,795.47,64594.94,30.3,23,17,1
9673.06,60,19.14,1387.91,35398.28,9.81,17,40,0
23508.26,36,15.55,1437.58,110111.81,11.71,23,35,1
11334.25,36,18.81,1493.41,106103.31,10.91,19,33,0
26792.58,36,14.42,725.41,48919.55,8.8,5,18,1
24714.75,36,19.05,1169.17,151439.38,9.84,23,45,1
5217.83,60,5.66,842.23,120646.22,24.02,16,18,1
26584.57,36,5.82,835.5,212483.86,26.21,20,9,1
37034.24,36,22.93,1215.17,117280.17,8.46,18,6,1
7283.29,36,19.99,1257.98,246702.52,33.91,6,22,0
24285.42,60,21.57,59.1,199365.23,30.7,5,21,1
14332.75,60,14.13,1415.9,132113.63,19.57,7,44,1
18924.86,36,14.19,1239.79,147004.81,5.94,7,10,1
12193.01,60,15.68,1090.03,219352.64,15.95,22,32,1
14811.09,36,9.87,1282.49,198055.43,15.38,10,23,1
2127.56,60,19.67,819.78,171279.19,36.04,3,32,1
39280.52,36,21.59,1166.7,81366.28,34.53,9,30,0
25367.2,36,23.14,910.01,114379.81,1.45,21,8,1
20527.52,60,15.34,828.11,201052.5,0.22,18,36,1
15964.9,36,13.29,341.06,164317.01,,4,20,1
22035.61,36,21.62,1275.7,239994.85,4.48,3,10,1
15824.13,60,20.05,1329.29,220763.38,8.03,4,23,1
15036.41,36,22.35,1457.65,118231.49,37.84,13,20,0
19093.92,36,18.11,207.04,87578.01,14.44,2,27,1
11763.34,36,22.67,458.61,48535.79,33.57,20,44,1
8021.95,60,6.78,1037.55,113754.43,6.59,24,43,1
22707.63,60,18.59,1287.19,72136.94,27.21,22,14,0
33867.85,36,6.78,1134.42,23842.36,25.09,24,25,1
6960.3,60,19.98,699.72,51789.27,29.42,6,21,1
2276.64,36,17.57,1097.19,124192.65,11.67,20,23,1
10625.66,60,5.32,136.02,225255.81,5.48,8,45,0
39209.11,60,16.99,1003.93,93820.68,3.05,4,31,1
33321.56,60,7.93,41.78,121457.64,27.25,20,23,1
24238.78,36,7.85,99.9,108336.75,26.51,23,18,1
37240.71,60,8.01,1143.22,104864.21,0.7,9,8,1
18365.89,36,14.68,732.11,186206.94,23.97,18,32,1
39347.94,36,7.31,117.54,136387.2,5.79,15,13,1
12555.78,60,7.51,738.34,113941.85,1.59,20,38,1
10371.92,36,10.12,122.25,236964.16,20.7,19,28,0
25883.88,60,5.02,538.67,83546.12,9.04,23,28,1
15748.0,36,10.52,261.34,211555.46,21.53,8,11,1
25428.26,36,17.37,352.48,138451.34,28.69,6,29,1
12894.83,36,17.03,317.54,121588.43,37.03,20,43,1
25098.81,60,24.39,576.5,34482.13,13.67,18,40,1
11754.1,36,7.39,188.63,217453.25,16.9,18,22,1
2987.91,60,22.31,805.77,82252.37,6.54,4,13,1
36573.3,36,12.82,628.44,176251.89,28.86,14,22,0
35445.0,36,12.74,1264.6,221130.0,32.92,4,49,1
38861.13,36,11.98,1244.11,143311.52,28.17,3,29,1
28944.56,36,7.49,1241.69,167353.57,17.71,4,48,1
27626.13,60,14.57,720.37,98241.88,22.4,22,19,1
22801.12,36,20.75,457.46,187103.98,8.8,6,11,0
5911.75,36,22.51,640.64,171018.8,29.42,12,43,1
8380.18,36,24.26,1040.44,122300.8,26.45,2,12,1
12289.32,36,20.71,808.79,165958.5,36.99,20,11,1
35716.1,60,17.46,947.73,80411.71,22.71,22,20,1
7745.81,36,14.95,1049.77,,29.97,21,27,1
36992.05,60,22.5,1379.99,174730.55,20.03,19,44,1
21388.64,36,19.79,1417.64,122324.18,33.41,11,20,1
28907.22,60,8.23,1265.49,77355.9,23.73,12,41,1
5299.53,60,18.65,125.64,204705.17,18.6,6,39,1
11492.31,36,13.62,1469.62,193449.25,5.79,20,24,1
38382.23,60,16.92,1064.34,33131.13,32.15,22,29,1
11379.85,36,22.97,1049.29,133681.69,32.36,15,48,0
12564.35,36,18.05,63.97,41185.52,12.58,2,20,1
8706.3,60,23.77,734.72,93499.43,17.73,13,28,1
6033.87,36,22.33,950.95,117115.0,16.51,12,43,0
10097.05,36,7.58,439.41,60683.83,13.51,24,39,0
26050.75,60,5.23,152.36,127847.55,19.79,6,44,1
18759.34,36,12.69,812.69,182430.88,20.19,12,8,1
22596.48,36,22.31,686.05,120502.06,3.12,8,17,1
5772.23,60,9.6,94.8,73852.15,10.37,12,49,1
32282.54,60,18.83,793.54,115408.2,2.23,17,20,0
31579.69,36,14.52,188.34,156253.56,29.09,9,17,1
1842.01,36,19.92,654.09,235370.23,28.74,24,7,0
15957.09,60,8.3,427.51,134872.3,11.59,13,13,1
3682.05,36,9.78,1456.59,224208.49,23.23,10,47,0
31892.13,60,9.85,81.06,246447.87,17.18,15,27,1
29753.52,36,15.97,853.23,148574.24,6.17,18,28,0
36177.54,60,10.79,253.32,53825.85,26.86,19,26,1
10219.75,36,21.23,499.36,221321.98,30.96,7,32,1
18795.54,36,11.94,300.33,218341.95,13.39,9,40,0
8195.03,60,18.22,1492.87,219768.93,20.47,13,20,0
15478.16,36,23.97,77.57,238626.29,7.27,5,49,1
21367.49,60,17.14,825.79,83580.16,2.41,19,31,1
3079.9,60,9.84,923.82,96689.03,10.53,7,47,1
28879.95,60,21.61,1165.09,178032.31,,3,46,1
22188.44,36,5.25,950.2,149697.77,30.81,18,19,1
33329.4,36,10.13,370.08,219724.89,9.43,8,30,1
11599.44,60,12.75,909.12,78536.45,2.51,10,47,1
36229.52,60,8.92,1463.2,171434.17,33.14,16,42,1
39949.08,60,17.08,1277.22,236294.27,24.84,8,5,1
36852.64,36,16.16,696.64,69650.52,3.57,21,18,1
31337.81,60,13.13,731.79,90582.32,28.44,20,42,1
32682.38,60,10.89,225.38,113706.09,20.79,5,26,1
23376.03,36,13.68,867.79,40031.75,5.51,16,18,0
8416.0,60,10.82,441.96,,0.86,14,26,1
27404.59,36,9.43,188.93,107881.53,33.61,9,42,1
28797.37,60,12.03,727.09,37110.48,11.39,13,22,1
39430.02,60,17.05,96.25,103408.27,21.9,24,16,0
22110.75,60,17.97,206.59,76152.61,5.97,6,30,0
11583.39,36,10.95,351.99,218837.44,27.14,19,43,1
27663.23,36,23.95,1486.23,159953.51,2.17,10,15,1
39195.66,36,10.24,1218.47,226652.71,,11,47,1
7911.34,60,19.24,826.38,66664.0,22.68,23,38,1
13713.92,60,6.63,371.87,38781.23,3.99,3,11,1
22133.36,60,18.3,792.81,101430.86,22.23,2,38,1
7638.37,60,14.2,984.03,32977.8,16.76,23,28,1
1866.6,36,16.38,36.71,223208.23,10.95,12,32,0
14142.34,60,8.68,1482.2,63274.97,26.94,20,37,1
34749.46,60,13.67,951.37,52446.68,32.4,4,38,1
2695.27,36,20.33,1482.72,201189.84,4.68,11,40,1
17728.23,60,20.34,719.53,183853.65,10.96,10,15,1
30725.83,36,9.75,946.56,33099.89,6.39,12,40,1
38174.12,60,12.05,708.35,137200.01,18.17,17,6,0
39433.54,36,5.08,43.94,123235.47,0.16,24,49,1
17456.81,60,6.8,1279.34,108977.24,27.78,4,6,1
38064.99,36,7.53,690.03,49141.04,1.69,23,24,0
2381.34,36,10.87,722.28,201090.96,7.47,12,42,1
30090.76,60,20.18,559.15,75189.83,33.98,4,41,1
26067.1,60,15.21,666.01,125394.12,32.71,22,12,1
10731.35,36,20.85,1096.56,222644.79,24.71,22,38,1
20785.42,36,20.1,1059.92,93195.76,28.62,15,37,1
6052.6,60,16.74,1218.32,28218.41,22.24,14,11,0
34992.29,36,15.0,1462.76,224500.46,15.69,2,9,1
14958.03,60,23.63,605.01,133594.85,9.63,14,36,1
25415.73,60,16.39,528.27,134324.47,36.34,6,8,1
7192.28,60,14.66,755.48,146825.62,35.94,19,9,1
9040.43,60,22.38,256.95,61384.82,35.8,7,24,1
39686.3,60,6.43,1144.3,184423.81,36.49,19,5,1
30370.37,60,18.12,884.27,73217.71,30.58,12,12,1
38516.9,36,7.26,340.67,89264.08,35.86,23,48,0
12538.2,60,21.4,1300.13,165173.47,34.84,16,9,1
7417.95,36,20.85,940.02,192443.93,10.65,12,12,1
20619.67,60,15.07,80.04,188041.88,33.79,6,48,1
20292.06,60,18.22,318.88,39124.35,22.44,6,15,1
7822.91,60,20.45,1339.91,193552.73,20.79,17,36,1
29595.56,36,14.67,590.14,172426.85,4.93,15,24,1
15109.32,60,23.12,1477.0,159172.07,34.06,2,43,1
8268.24,60,13.74,808.74,242381.08,12.7,21,40,1
13947.35,60,22.84,335.64,99769.9,8.42,6,42,1
22982.69,60,16.65,903.03,177109.83,33.14,11,31,1
29332.37,36,13.52,180.46,151843.8,1.06,15,42,1
19793.74,36,5.08,1217.05,109230.78,7.95,20,41,1
21498.2,60,10.91,952.93,201295.11,19.66,4,27,1
6418.89,60,22.36,1447.0,112723.98,35.56,18,32,1
36672.95,36,13.57,1044.46,148467.81,17.32,13,48,1
37220.24,60,13.43,102.25,148944.26,6.9,13,13,1
27653.64,36,14.79,730.35,137605.36,19.58,5,8,1
1687.62,36,10.73,811.03,125202.51,25.15,8,23,1
21945.89,36,14.83,1377.66,58589.2,34.92,8,10,1
25539.54,36,12.52,665.73,75394.53,32.27,15,28,1
39791.51,36,23.19,902.46,48405.67,31.11,17,29,1
39846.61,36,16.28,303.36,186402.97,19.69,16,10,0
34446.84,36,21.68,389.6,191187.77,36.34,22,17,0
3489.41,60,18.74,836.42,166861.66,35.14,14,48,1
38177.78,36,9.25,1054.57,231057.92,30.45,5,42,1
24893.79,60,22.35,670.13,80941.75,31.74,20,41,1
32234.58,60,6.75,666.02,208835.5,36.23,12,28,0
16880.52,60,13.97,406.31,62741.75,13.72,23,27,1
13467.11,36,9.78,1056.25,35599.21,38.17,12,47,1
19066.52,36,15.75,38.05,,5.27,22,37,1
6728.11,36,11.0,783.77,153545.67,35.14,14,40,1
14925.58,60,19.46,35.24,199110.27,9.09,13,30,1
34447.08,60,23.74,902.4,209286.87,22.26,6,31,1
2480.07,60,19.18,75.43,128250.54,22.99,21,38,1
6884.24,60,12.11,1411.9,33505.72,37.45,15,41,1
5879.53,36,17.0,732.59,28225.34,10.9,10,28,1
16719.95,60,22.77,1035.51,230990.86,16.85,14,30,1
39882.49,36,10.4,1284.79,41376.28,5.76,11,10,1
7760.96,60,7.36,376.07,200472.9,21.79,9,32,1
6673.82,36,7.62,823.88,36000.43,15.64,22,10,0
36687.17,60,14.9,1299.27,62170.12,17.79,14,44,1
35399.97,36,19.64,820.53,57459.34,2.8,2,5,1
2257.37,60,18.15,607.38,83734.66,33.34,4,45,1
30316.53,36,14.08,572.24,113294.89,14.13,13,30,1
26563.16,36,19.59,594.64,48686.98,25.46,18,38,1
30941.89,36,17.68,934.68,243826.53,25.3,23,29,1
20285.6,60,17.56,97.12,20460.76,25.45,18,46,1
39663.79,36,9.05,640.61,197587.25,9.36,13,37,1
2710.03,36,11.25,854.07,141096.85,4.19,6,38,1
10140.49,36,11.89,1185.98,39682.6,2.82,8,33,1
16465.29,36,21.16,809.09,47607.33,22.77,19,25,0
18541.34,36,20.5,1391.47,155699.82,3.79,17,12,1
36933.33,60,10.05,682.35,92508.28,15.92,8,17,0
22840.17,36,6.1,986.67,123543.56,35.05,20,45,1
2759.33,60,20.36,55.84,146313.5,3.09,16,43,1
16906.66,36,13.2,380.52,151870.07,26.03,6,35,1
17243.13,60,9.4,1228.72,154000.45,17.14,10,6,1
38654.15,60,7.34,891.74,36111.65,34.39,22,20,1
24368.69,60,5.26,1420.87,190310.06,29.72,22,31,1
25790.39,60,13.55,1136.73,87505.96,4.74,10,21,1
28816.87,60,11.8,691.01,46319.1,11.69,16,48,1
31031.53,60,18.93,1174.71,43506.21,25.48,3,16,1
25766.99,36,24.53,717.65,74513.59,6.87,23,28,1
10250.58,36,9.14,515.35,164596.38,32.07,3,36,1
35087.79,36,9.86,99.23,128542.28,9.74,17,26,1
29552.67,36,11.75,1302.47,44627.05,33.22,14,13,1
29932.95,60,14.32,645.84,27441.12,10.7,15,36,1
39865.71,60,18.95,1037.2,25673.11,8.7,15,22,0
32298.53,60,12.04,255.0,116851.12,37.66,3,27,0
33336.9,36,7.08,1248.57,201271.95,25.46,2,42,1
38104.82,36,19.61,1241.57,151934.8,21.59,21,20,1
6894.23,60,20.89,738.76,206226.02,1.94,19,32,1
20411.37,36,9.95,1018.05,93459.38,11.26,12,20,0
23642.11,60,7.74,796.54,52278.44,4.95,9,7,1
13841.75,60,15.56,841.83,204690.37,6.38,16,6,1
33736.73,36,9.17,1336.54,187403.6,10.5,6,42,0
30734.37,60,12.48,1451.37,155494.67,5.43,18,32,1
29114.44,36,20.55,570.22,224184.79,35.98,24,42,1
39888.83,36,9.39,517.65,165056.42,3.4,5,10,0
11115.87,36,21.13,476.6,,34.37,19,24,1
29682.83,36,18.48,1163.02,135531.31,19.17,14,34,1
22504.77,60,9.39,1092.66,161996.26,6.26,19,36,1
13206.58,60,15.53,94.39,138823.83,21.09,24,10,1
7262.89,60,17.28,160.01,82721.31,34.44,16,41,1
35939.47,60,9.01,979.92,239390.68,35.6,12,29,0
24222.76,36,7.9,434.19,240354.17,14.23,11,13,1
33172.42,36,15.62,164.62,58374.59,26.81,4,48,1
22268.45,60,18.88,638.09,142036.81,2.64,23,15,1
9579.11,36,14.3,1319.9,201611.65,19.97,10,42,1
14164.4,36,6.4,568.48,32598.43,9.08,17,26,1
15880.01,60,23.5,1052.58,48419.43,11.95,14,37,1
38944.46,60,18.9,1353.85,145325.39,18.56,23,34,0
1219.7,36,17.42,278.89,26518.06,36.54,8,28,0
39440.97,60,17.87,926.26,211588.11,32.94,5,20,1
39238.0,36,12.97,1364.26,220828.15,15.3,15,15,0
39849.88,36,24.69,314.32,189351.43,19.1,8,11,1
19586.94,60,7.65,1483.41,209142.95,34.97,11,13,0
38588.55,60,19.78,566.67,174493.94,3.3,12,21,1
16428.37,60,13.42,349.76,52629.34,31.07,3,16,1
2025.48,36,22.62,1261.59,26866.54,6.77,9,30,1
9749.54,60,19.35,717.83,215059.42,11.15,14,13,0
37866.55,60,16.25,1015.9,182646.99,8.7,19,8,0
1536.82,60,23.75,749.72,111646.14,22.05,22,45,0
22293.77,60,23.25,975.99,203272.53,9.2,5,19,1
3948.46,36,6.05,81.99,32254.4,18.26,15,28,1
12169.47,60,8.85,544.76,93389.73,1.04,5,9,1
4435.62,36,18.52,996.25,98625.44,12.65,23,31,1
34521.62,60,23.44,545.65,44121.28,28.45,15,18,0
24051.76,60,13.61,1170.36,190590.21,17.39,16,33,0
36182.15,60,5.77,1442.5,198831.18,32.93,6,15,1
27845.77,36,17.87,84.99,154129.21,18.39,19,41,0
38870.14,60,8.89,1287.32,116107.28,35.04,4,34,1
20885.23,60,16.05,278.52,159622.06,15.78,22,21,1
25909.71,60,12.69,1378.49,226627.97,14.44,5,47,1
23476.04,36,16.16,1421.79,102282.96,10.27,23,22,1
19886.16,60,23.65,866.69,96876.85,18.47,23,37,1
33992.42,60,14.72,734.15,163227.56,33.24,10,38,1
26136.48,36,5.69,1144.99,177236.78,28.55,14,29,0
32251.18,36,16.62,1379.49,125282.22,6.9,16,47,0
31668.19,36,11.51,371.7,217699.8,37.01,2,6,0
8450.76,36,20.56,592.19,101026.32,17.87,17,28,1
26356.38,60,14.4,643.78,167410.97,8.89,21,49,1
8786.27,60,19.83,1273.36,173593.05,37.56,15,10,1
23749.5,36,23.18,231.27,87808.51,17.63,10,43,1
27419.95,36,12.25,945.87,24335.82,6.95,13,40,1
39892.17,36,24.79,545.88,210120.82,32.93,9,7,1
2191.14,36,8.0,1331.71,130956.17,20.01,23,11,1
4558.45,60,17.88,529.49,41954.67,7.87,21,26,1
4004.04,36,5.7,1467.58,240238.73,27.21,5,34,1
16536.09,36,9.26,52.98,,39.28,5,16,0
33041.95,60,17.68,382.14,129127.47,3.37,21,49,1
33918.2,60,5.92,702.26,131335.4,17.38,19,37,1
29742.2,36,7.04,406.8,105283.99,20.53,19,13,1
35978.25,36,10.82,1113.97,54864.01,26.45,22,31,1
13591.54,36,16.51,1227.39,181987.05,9.14,12,10,1
4438.03,60,5.32,1055.34,64961.82,7.39,23,25,1
3267.97,60,14.65,1456.49,176934.9,29.68,11,47,1
34233.18,60,17.51,700.38,204484.83,26.77,19,45,1
29487.02,36,13.05,1470.26,25320.38,9.83,2,20,1
28246.0,36,6.35,213.18,188310.47,2.27,4,49,1
14247.38,60,17.22,1273.54,166747.63,32.01,13,46,1
15816.3,60,17.12,86.51,65027.84,27.29,5,24,1
38366.43,60,15.12,811.92,162644.42,35.19,21,7,0
3488.39,36,18.86,742.17,116777.48,2.71,14,20,0
31175.54,60,9.16,1288.76,39456.15,19.5,17,44,0
13075.7,60,18.57,1060.08,140448.29,6.38,7,16,1
2523.13,60,8.23,678.35,243855.65,27.0,20,22,1
29960.23,36,12.85,1346.64,169226.35,9.98,11,29,1
13905.56,60,6.35,1332.23,96025.28,10.52,10,41,0
29163.75,36,21.38,66.36,149605.38,28.6,3,22,1
28598.52,36,15.76,1310.4,189694.29,32.99,6,28,1
21856.69,36,24.42,804.08,55935.66,36.42,10,24,1
31317.55,60,23.85,1263.27,141630.59,3.12,24,34,1
23660.49,36,24.97,296.55,136578.93,32.27,17,30,1
12178.84,60,7.03,252.11,106608.4,38.86,10,20,1
29630.5,36,17.13,1091.64,191825.09,2.1,15,28,1
23976.45,36,13.15,434.78,149952.47,36.48,18,5,1
1496.36,36,15.65,851.5,180746.08,38.16,9,43,1
36164.12,60,11.18,1042.56,157071.09,7.69,20,44,1
22280.1,60,5.96,927.3,199616.14,12.34,9,14,1
34876.46,60,19.16,1057.48,165804.16,11.96,3,39,1
35426.74,60,24.32,941.93,175880.53,37.98,13,41,1
18353.7,36,15.65,587.32,71864.58,0.67,14,17,1
20798.74,36,11.59,163.03,214549.79,22.26,19,47,1
17214.42,36,23.77,1287.36,55735.92,23.18,5,9,1
18528.03,36,12.29,1273.63,98157.75,26.08,22,29,1
35910.74,36,23.29,38.35,224563.35,8.97,11,40,1
31737.62,60,22.11,1266.07,44974.65,18.96,19,12,1
5934.5,36,15.57,251.95,219336.14,16.5,4,43,1
24802.0,60,18.54,519.31,129334.02,16.33,22,18,1
39840.36,60,19.01,637.62,62224.94,13.36,4,49,1
24226.48,60,17.82,1029.06,189554.51,37.73,4,8,1
31648.99,36,8.21,165.85,85292.82,26.05,21,48,1
30993.4,60,18.86,1245.17,175919.12,30.4,6,43,1
14662.38,60,5.06,1415.84,201905.98,12.87,4,17,1
15502.12,60,19.2,1430.46,150945.63,0.03,2,6,1
29238.98,60,16.1,165.0,200779.69,38.09,13,19,1
20499.36,36,10.2,1381.49,235060.64,35.05,4,21,1
23252.26,36,21.08,864.71,146592.4,18.31,6,31,1
28803.33,36,13.11,1098.58,55044.77,15.42,12,43,0
31325.43,60,14.72,1397.98,183208.39,17.79,7,21,0
11589.15,60,5.55,1001.66,114316.92,10.76,9,5,1
6724.96,36,13.03,701.41,142199.64,24.6,8,10,1
12379.99,36,8.35,801.91,164167.53,38.95,15,26,1
20793.99,60,10.52,1036.22,185023.31,2.66,19,7,1
14343.51,60,10.04,1418.71,167152.31,31.58,22,24,1
23166.15,36,5.92,1338.02,73560.16,2.36,4,23,1
3085.16,36,14.21,878.29,192078.16,34.36,13,46,0
20880.27,60,15.45,340.19,205688.68,5.83,17,21,0
15351.41,36,16.42,539.69,28664.88,19.79,12,8,1
21852.0,36,14.24,561.86,90872.96,20.34,17,40,0
17478.8,60,22.39,455.09,244893.62,25.22,18,12,1
12084.81,36,5.75,1127.72,60877.26,24.21,20,7,1
36260.21,36,17.28,1258.9,62048.65,28.1,24,24,1
8205.83,60,22.32,500.15,156004.63,33.94,8,33,0
27573.26,36,5.82,1273.81,97777.22,1.44,21,11,0
37061.14,60,14.93,1109.62,171137.86,29.52,18,20,1
22008.13,36,16.78,678.44,80408.38,2.06,18,15,1
35179.93,36,8.82,1057.03,117980.17,31.75,2,46,1
5869.21,60,10.05,1160.93,249639.48,31.73,14,11,1
20257.76,36,20.71,854.72,105891.37,7.64,8,13,1
18823.99,36,16.35,681.38,39818.14,8.37,18,30,1
1316.63,60,11.32,179.52,190760.32,3.12,11,37,0
18287.04,60,20.3,32.01,155372.55,9.61,6,22,0
15392.16,36,19.93,1407.76,122253.22,19.97,14,12,1
27122.15,36,11.91,423.2,229005.82,15.55,12,29,0
37594.86,36,14.77,1004.59,53724.28,8.95,9,33,1
4345.85,60,18.29,1416.74,132638.56,24.84,16,42,1
13771.58,36,11.86,1232.89,64110.72,20.91,19,40,0
18318.52,36,17.58,210.2,39203.76,5.02,5,29,1
18752.23,60,10.02,1208.81,121741.36,12.83,23,11,0
31217.58,60,10.84,1097.8,237889.81,37.64,16,23,1
18292.43,60,11.21,514.21,186075.4,26.94,8,13,1
2059.29,60,23.72,1043.71,73937.44,38.04,22,19,1
28694.06,36,21.67,1244.05,126403.28,18.23,11,11,1
35508.36,36,16.3,458.39,203413.9,0.81,16,16,0
21042.28,36,16.28,1307.47,64945.12,31.69,4,17,1
23663.23,60,6.12,145.86,66850.21,3.78,24,23,1
7354.52,36,17.99,805.36,61636.99,37.7,12,42,1
9605.19,36,11.56,372.83,159711.91,12.26,8,49,1
10171.64,36,17.25,1100.18,26658.72,26.35,3,47,1
17798.94,60,21.8,287.05,155152.9,33.85,2,37,0
37197.66,36,5.91,531.94,209835.04,18.32,19,43,0
21349.61,36,17.14,217.26,200010.0,17.2,11,24,1
8491.81,60,16.28,1223.51,173371.2,7.45,4,44,0
11377.42,36,9.14,224.44,70483.24,29.12,8,6,0
15976.59,60,17.93,1093.03,207775.96,13.57,16,44,1
25307.1,60,16.1,1069.63,240217.03,25.1,2,17,1
18161.29,36,20.35,239.28,62269.94,9.87,2,43,1
16305.35,60,7.21,862.1,229375.5,29.56,10,37,0
23024.42,60,13.87,760.41,216187.44,27.86,6,41,1
10431.56,60,24.96,903.92,245234.43,0.35,10,14,1
4077.23,36,18.79,1407.72,93433.42,4.07,6,28,1
1952.16,60,18.69,148.39,234836.46,3.28,10,46,1
10799.11,36,11.36,1236.14,61289.13,1.39,13,47,1
4572.09,36,6.88,1297.3,60290.69,2.39,2,30,0
14117.28,60,23.99,215.62,44607.38,13.0,19,35,1
31144.41,60,7.11,994.48,118387.58,30.64,15,15,1
28935.48,36,24.85,1062.12,22801.95,21.31,21,17,1
24826.18,60,7.52,836.54,107709.11,4.25,8,41,1
34247.51,36,8.42,769.31,163963.01,2.08,21,46,1
12000.64,36,11.17,497.19,38000.13,4.16,24,18,1
35517.1,60,15.25,1042.95,208249.23,14.94,10,26,1
16570.33,60,20.81,449.75,87325.63,12.17,10,9,1
16634.84,60,24.42,706.23,30684.77,28.39,11,39,1
16808.71,60,12.18,1290.33,106160.72,25.02,3,47,1
4825.68,60,5.41,161.62,,35.07,5,41,1
39044.13,60,17.33,806.7,202914.48,37.93,19,46,1
6401.76,60,19.22,744.53,96821.68,0.06,9,14,1
14294.54,60,12.95,586.37,46913.51,9.13,17,46,1
13452.71,60,8.67,908.37,124341.77,3.12,17,47,0
3912.5,60,11.12,52.97,123954.63,12.26,7,32,1
6938.15,36,18.12,753.93,83390.19,23.89,22,45,1
2749.48,60,14.88,743.97,95209.18,10.65,12,29,1
12403.78,60,19.87,788.69,196832.94,7.6,8,17,0
34799.62,60,9.36,342.29,,15.47,4,31,1
14238.25,36,21.84,335.17,69371.23,0.7,14,45,1
5823.98,60,8.12,981.39,238082.4,38.93,24,17,1
26182.06,60,11.6,166.31,90086.56,38.68,6,36,1
39867.44,60,16.82,479.7,142691.06,5.37,3,32,1
10060.63,60,19.74,1251.3,151357.74,7.57,8,31,0
11903.27,60,10.32,182.53,69143.23,22.62,13,18,0
38902.04,36,23.96,718.06,86981.84,12.35,15,47,1
7972.28,60,19.12,1012.89,130559.56,0.49,9,32,1
20937.35,60,9.35,238.22,78953.96,2.16,2,13,1
10346.43,36,19.52,489.32,90294.54,26.93,12,8,1
37361.72,36,18.93,851.37,161024.46,8.41,7,5,1
39279.32,36,20.05,511.02,188763.53,21.53,24,37,0
32773.22,60,23.32,191.61,204225.53,11.06,6,48,1
13276.57,60,19.23,371.64,47995.56,21.0,20,30,1
16736.01,36,12.04,190.84,189509.42,39.96,17,5,1
10449.92,60,20.81,1475.83,235364.11,27.63,17,9,1
35739.56,60,18.92,376.4,153568.75,13.87,3,49,1
36667.77,60,16.49,809.91,159076.45,38.61,12,49,1
17335.96,60,12.08,659.93,239724.41,1.38,12,34,1
26604.79,60,23.42,867.18,219969.42,6.83,13,40,1
7456.57,36,15.26,762.19,148263.91,19.94,6,29,1
17962.5,36,17.56,1098.93,196145.39,11.68,9,40,1
25628.47,36,13.31,1313.33,61606.77,28.8,7,34,1
16030.72,60,20.62,449.39,115016.19,1.37,22,34,1
14946.38,36,11.82,299.9,184544.13,10.96,11,46,1
1038.96,60,21.21,1476.98,86374.02,34.22,20,48,1
32367.45,36,7.16,1303.13,124396.46,16.08,17,35,1
35684.17,36,19.18,564.96,59727.43,8.12,13,43,0
38809.08,36,14.54,1345.34,226494.73,20.75,9,6,1
29051.58,36,18.98,1015.7,226003.72,14.65,20,36,1
22402.9,60,15.63,673.01,130022.63,11.3,12,14,0
11502.1,36,7.69,1313.93,64161.17,33.94,5,14,0
39972.68,36,14.54,1022.67,176218.59,34.06,2,22,1
24000.36,36,24.29,1244.88,69113.04,16.74,20,40,1
27565.01,60,20.1,644.11,72576.76,24.16,24,40,1
27613.84,36,11.0,1204.11,243570.7,28.75,18,29,1
33964.82,36,23.88,569.38,42894.51,28.16,22,31,1
1377.23,36,20.58,1110.57,107225.61,13.31,3,9,1
9589.63,36,12.29,670.23,147621.18,26.45,8,30,1
26955.83,36,17.07,625.64,44791.7,36.73,9,49,1
35910.68,60,13.53,1201.05,28956.91,2.22,24,41,1
27728.21,36,6.93,213.8,144737.74,2.92,19,7,1
17126.16,60,21.12,1394.47,46348.63,34.1,17,34,0
15100.66,60,8.82,777.76,77768.9,24.1,11,48,1
29779.97,36,14.16,965.03,134372.79,1.09,20,25,1
29908.27,36,19.05,625.73,99924.51,30.64,16,46,0
24675.26,60,23.64,979.44,183427.84,4.25,10,6,1
12367.21,36,6.25,1073.48,241364.45,33.58,4,20,1
37081.04,36,12.86,1306.66,193234.18,19.32,4,33,0
22523.32,60,17.29,1285.94,249998.17,11.66,3,10,1
31829.2,36,20.59,555.99,109449.92,24.7,20,32,1
9358.02,60,23.42,935.3,90204.89,6.96,16,16,1
14417.59,60,5.01,1177.45,68894.62,21.51,10,34,0
35108.6,36,17.56,1154.35,223521.94,19.6,22,42,1
2954.17,36,5.14,1339.67,109685.22,9.61,22,23,1
20980.3,60,20.75,1252.96,,26.71,14,9,1
19786.51,60,7.99,1085.25,175198.72,14.01,23,32,1
30297.98,36,22.89,1130.82,33127.17,34.02,23,41,0
11993.86,60,8.1,1216.94,222318.63,3.34,14,32,1
9543.61,60,20.29,1261.7,131903.07,30.81,23,6,1
37119.18,36,10.79,548.42,71416.09,17.51,9,6,1
23296.68,36,16.15,1179.26,245189.99,12.48,6,5,1
5082.89,60,17.17,1425.34,,37.56,19,40,1
8528.41,36,9.14,372.46,161848.78,8.0,13,44,1
39954.22,60,10.97,100.91,247326.52,16.93,6,23,1
8628.75,60,7.15,136.42,194014.95,18.56,20,49,1
24808.54,36,5.11,348.58,47863.16,11.9,7,43,1
17385.0,60,9.79,1382.09,247963.84,3.56,6,39,1
35538.36,60,15.32,216.39,157448.23,36.21,20,48,1
30451.58,60,19.27,1128.98,88870.14,35.76,8,10,1
24281.1,36,20.87,1304.55,208029.74,25.16,7,32,1
1418.82,36,6.4,1319.96,31021.55,12.98,6,37,1
35312.01,60,10.45,642.62,170504.28,25.12,12,32,1
18342.03,60,20.4,758.03,56632.82,38.58,16,16,1
37331.53,60,14.62,505.18,40134.83,35.34,18,7,1
20326.02,36,8.64,246.6,101416.33,6.62,5,41,1
28074.76,60,12.84,341.89,101963.6,32.65,23,17,1
3702.41,36,10.4,228.13,158121.12,31.91,2,37,1
30060.91,60,6.01,629.06,150049.97,36.69,11,20,0
14181.85,60,20.27,280.41,178228.02,1.9,16,19,0
14703.0,36,10.83,623.0,60044.79,30.66,2,43,1
5627.58,36,23.9,1281.25,220298.58,21.84,22,12,1
6727.43,36,22.76,992.14,217494.97,21.53,16,16,0
8244.6,60,19.33,1004.25,69742.68,13.97,11,24,1
13800.04,60,11.53,1223.44,128922.04,31.43,15,7,0
35786.83,36,10.6,90.55,132243.52,16.95,18,13,1
15362.15,36,14.51,1197.93,231884.69,14.32,2,14,1
29250.15,60,12.09,318.63,228292.34,38.41,20,11,0
4227.15,60,23.02,538.51,35517.53,18.52,2,14,0
24052.85,36,7.47,482.82,240346.9,31.7,18,49,0
19793.76,60,19.49,185.31,35769.28,5.57,7,26,1
39140.36,36,17.22,285.35,146401.5,29.6,12,7,1
34002.1,60,21.13,1435.83,91666.42,26.84,24,47,0
18738.36,36,15.85,912.4,,20.44,20,23,1
31230.57,60,17.59,726.74,164144.89,5.5,5,28,1
8528.51,60,24.25,1143.96,154277.6,4.82,14,27,0
22931.12,60,6.84,1226.2,58522.41,27.05,3,28,0
3910.14,36,7.1,192.09,243049.81,34.23,6,11,1
14575.47,36,12.87,1119.13,,22.69,2,6,0
9808.63,36,14.45,1400.62,98976.98,18.43,11,8,0
29037.48,60,9.0,890.59,204317.19,20.8,8,43,1
20113.54,60,6.65,932.81,215715.37,6.26,15,11,1
30291.75,36,5.44,1309.5,203376.76,2.08,3,40,1
21096.52,60,20.29,1028.84,105674.74,33.16,24,20,1
4372.89,36,14.7,1493.04,174881.98,33.86,13,44,1
29679.34,60,21.87,445.56,195788.93,30.13,13,30,1
33495.94,60,12.22,1272.86,152929.36,30.87,8,39,1
36237.72,60,19.07,930.24,176174.09,8.56,5,6,0
23307.69,36,14.77,567.63,147333.75,4.35,9,28,1
30389.83,36,17.24,1328.1,32638.42,6.4,4,48,0
30329.73,36,12.4,1494.48,82855.7,25.55,3,48,0
7074.24,60,6.62,115.04,181609.74,15.89,6,9,1
7404.61,60,23.95,1390.52,75552.8,0.63,15,21,1
3764.53,60,21.72,328.57,124757.09,38.02,5,38,1
13476.63,60,11.24,331.63,142960.95,9.21,11,36,0
19466.83,36,24.17,91.38,174323.29,0.17,23,26,1
39918.02,36,11.01,1385.62,79603.17,15.36,23,45,1
17808.74,60,13.86,1146.32,156899.48,8.52,4,19,1
29323.46,36,20.1,108.57,157197.18,14.76,22,23,1
28042.48,60,11.18,961.3,214355.51,37.53,6,18,0
8974.8,60,11.49,206.6,146970.98,24.84,8,6,1
3281.78,36,13.2,1134.57,87867.65,25.83,8,49,1
22294.26,36,14.37,631.31,140221.72,35.34,9,21,1
28311.92,36,7.47,106.11,44673.62,4.54,14,22,0
39931.82,60,5.35,1249.23,159782.21,4.01,22,39,1
14985.83,60,23.38,871.45,230710.11,34.21,14,11,1
35958.22,60,12.06,1166.12,141856.37,6.37,14,18,1
15895.37,36,7.03,1021.56,87198.7,29.36,22,30,1
27887.06,36,20.18,668.56,113271.0,8.36,14,16,1
24331.86,36,10.9,1057.04,227427.32,19.0,6,43,1
3066.17,36,8.63,51.69,207005.38,15.42,21,21,1
4057.15,36,24.25,529.41,204730.35,4.14,7,18,1
1809.8,36,23.41,1173.44,149738.36,26.85,14,8,1
15462.53,36,7.11,1151.7,111174.99,34.19,8,17,1
30086.24,60,22.99,1334.49,50459.8,3.98,4,34,1
7737.46,36,22.82,928.24,244391.22,14.3,3,21,1
24628.27,36,17.69,1415.03,61193.73,1.13,4,47,1
12264.28,60,15.59,849.84,77987.26,9.44,24,37,0
32082.71,60,9.35,765.67,195780.15,10.41,15,23,1
32137.45,36,7.43,319.91,100672.87,32.68,3,11,1
31241.17,60,17.13,1174.89,154289.76,30.09,19,9,0
21468.51,36,21.44,1047.32,195177.53,33.26,23,15,1
12098.1,36,18.77,707.32,147907.92,3.22,10,28,1
32568.32,36,8.62,158.05,132865.47,5.33,4,16,0
8257.92,60,10.8,214.78,31661.54,12.16,5,9,1
12300.62,60,15.93,198.26,132161.15,29.77,6,44,0
8173.96,36,17.5,582.13,124656.12,1.0,24,7,1
27294.2,60,6.45,263.7,222517.75,5.95,2,18,1
27763.21,36,17.28,1295.44,122900.35,19.91,6,34,1
26447.89,36,19.73,1352.04,164886.85,0.96,22,35,1
17208.46,60,8.63,1289.45,197958.7,4.14,15,41,1
4906.67,60,9.92,925.02,127574.44,12.75,16,28,1
36535.61,60,10.18,906.64,79996.75,9.57,17,22,1
20801.51,36,23.8,1339.66,225609.27,14.44,6,41,1
16871.92,60,13.14,627.27,225969.14,30.23,7,29,1
23964.17,60,15.61,121.65,226962.16,8.69,4,20,1
8518.83,60,19.49,721.48,82738.37,25.03,17,29,1
6169.4,36,12.43,843.95,92555.65,35.24,5,48,1
16815.48,36,7.11,837.69,,12.18,19,49,1
9861.61,36,18.09,263.74,48930.17,1.98,7,14,0
10527.32,36,18.35,1181.62,170852.68,25.25,15,42,1
35807.95,36,10.21,1105.99,87233.12,28.67,10,48,0
21699.61,60,5.7,367.88,185900.52,19.06,17,39,1
19855.29,60,18.31,840.31,211742.88,17.12,16,22,1
27889.7,36,19.07,1191.78,113866.51,29.85,8,29,1
38110.38,60,5.52,41.3,54766.27,16.66,8,33,0
5375.74,36,18.86,434.48,188414.29,0.19,6,39,1
33507.85,36,23.78,723.9,32817.38,35.59,8,16,0
23776.75,36,8.58,1272.2,23448.3,10.13,2,11,1
6700.45,36,15.43,1204.48,221753.68,24.34,15,28,1
12588.82,36,18.94,251.96,207865.72,22.19,19,41,1
19812.1,36,9.6,710.23,153849.66,20.53,24,29,1
27955.91,60,20.03,477.82,173036.24,9.86,24,23,1
10461.67,60,22.36,620.11,239098.86,29.61,3,39,1
21860.27,60,21.29,824.72,34436.26,9.84,17,36,0
27702.19,60,10.18,764.03,69816.5,37.56,15,49,0
18500.89,60,21.08,238.11,187716.58,22.41,4,15,1
34658.01,60,13.27,208.88,80728.22,30.8,20,24,0
34908.91,36,10.33,221.5,67670.4,29.78,20,11,1
19356.96,36,8.36,1266.69,121706.73,38.73,8,19,1
38944.1,36,23.18,59.3,186450.52,21.29,14,23,1
3947.82,36,13.54,327.53,68420.09,2.2,14,30,1
1131.13,60,22.31,1435.16,118795.38,3.52,22,24,1
15846.06,36,8.19,127.05,139327.92,14.31,11,39,1
24442.79,60,20.34,83.39,59611.73,14.41,18,28,1
25538.81,60,7.2,599.37,129661.24,8.69,21,32,1
19581.38,60,5.35,252.26,219151.53,37.03,10,22,1
5870.45,60,24.9,861.67,191595.02,18.92,9,33,1
7649.4,60,6.47,527.71,135792.94,36.11,8,16,1
34233.77,60,14.23,337.19,48814.88,2.2,24,26,1
34848.53,36,22.57,1497.94,25372.1,13.93,23,23,1
27282.04,36,21.39,531.42,35465.78,14.38,14,34,1
26904.5,36,14.42,972.28,192549.78,1.51,4,33,1
24309.6,36,17.22,1314.95,182005.71,25.9,24,7,1
8914.11,36,17.59,1385.91,191594.74,5.68,13,36,1
17701.78,36,7.2,632.89,90658.45,13.87,11,17,1
28139.89,36,10.7,1464.95,40682.91,39.24,14,13,1
21952.84,60,11.02,1095.11,184296.36,37.21,20,27,1
1724.63,60,12.56,887.42,232167.2,10.46,17,19,1
38188.72,36,10.48,1049.12,124004.07,12.6,11,23,1
33947.83,36,10.03,559.4,195792.34,21.61,2,46,1
11161.26,60,12.1,653.88,187456.88,11.44,22,11,1
25041.9,36,12.58,891.82,216349.05,29.03,7,48,1
37006.34,60,14.74,510.45,26527.34,22.68,17,29,1
4744.43,36,8.47,1160.15,239720.15,18.9,8,20,1
20618.15,60,20.77,399.1,219032.07,38.3,3,42,1
18793.48,60,22.21,1201.3,221590.47,8.7,11,25,1
16998.0,36,9.96,253.67,249161.15,34.34,23,18,1
33587.96,36,7.47,349.56,167079.56,29.09,3,24,1
15845.2,60,19.45,1137.05,38784.93,8.05,12,13,1
3482.87,36,23.48,416.82,209243.18,7.39,18,30,1
3567.67,36,5.7,1199.23,51021.27,23.1,10,5,1
2667.04,60,5.29,1182.29,189715.56,3.2,5,25,1
16956.67,60,8.67,408.23,117525.63,19.23,15,10,1
29017.84,36,18.7,137.43,21521.05,13.49,3,34,1
8945.18,36,24.3,274.55,120229.12,34.02,12,14,1
26212.27,60,20.01,1136.21,203232.76,23.87,5,32,1
27796.45,60,16.46,1275.08,40101.75,25.61,24,23,1
10952.88,60,19.01,593.09,20508.75,13.07,7,45,1
24421.75,36,9.61,271.4,124135.29,8.66,5,26,1
27709.87,60,18.77,140.94,20344.27,21.48,6,27,1
19197.93,36,11.43,347.25,234990.01,37.79,10,22,1
14131.95,60,9.45,1470.14,209718.28,23.8,15,32,1
25146.91,36,9.73,280.3,164926.98,0.78,22,36,1
39136.04,36,18.36,156.67,23983.14,38.55,13,41,1
17646.81,60,20.34,1184.65,151059.17,33.35,22,26,1
16277.67,36,16.64,934.65,174349.9,35.34,20,21,1
19106.41,60,6.28,816.19,155112.6,18.1,16,36,1
3972.52,36,5.76,688.34,237784.98,35.85,10,20,1
22573.37,36,9.34,1061.71,,10.36,16,47,1
13819.2,36,10.73,1056.58,103971.28,32.06,16,44,1
5735.46,60,13.1,653.91,179803.69,24.5,12,28,0
19184.01,60,6.52,374.31,126063.64,38.1,21,8,0
1131.98,36,19.5,1266.66,233520.04,11.85,18,33,1
16669.62,60,19.23,271.99,162169.06,4.94,18,39,1
5123.68,36,11.93,814.99,153876.08,28.68,19,30,1
1947.42,60,16.26,1048.23,135160.36,39.44,14,36,0
33154.53,60,7.02,969.15,106879.96,5.83,5,18,1
36733.7,36,13.3,939.63,54053.5,4.07,17,26,1
9099.31,36,22.15,1003.88,83004.26,17.23,15,8,1
22032.63,36,18.21,1317.21,96475.21,,7,41,0
11840.37,60,7.08,567.13,55424.06,23.86,4,26,1
20249.52,36,21.95,952.33,206924.05,37.6,11,45,1
18028.62,36,18.61,1054.54,20510.22,32.37,13,27,0
11492.99,60,14.06,897.78,230627.46,22.9,7,40,1
28315.35,60,18.84,1357.41,49505.04,14.44,21,26,1
5933.15,36,8.46,992.52,31722.86,33.41,4,37,1
3069.84,36,16.01,653.91,248893.06,19.53,18,29,1
30939.34,60,17.36,1273.01,249953.1,35.0,4,9,1
26971.27,60,23.55,749.66,64104.24,24.02,8,44,1
20442.52,60,6.34,809.34,50773.27,28.29,21,43,1
19243.8,60,12.5,885.95,65488.16,1.87,12,33,1
20399.04,36,23.74,504.49,137604.4,39.61,11,23,1
18043.94,36,9.34,1092.13,93872.3,30.18,12,48,1
16322.8,60,21.26,174.25,97364.26,23.28,10,48,1
20487.93,36,5.03,1307.21,206201.1,21.29,8,23,1
21612.09,36,5.52,1139.17,224744.75,23.98,17,12,0
27984.19,36,11.55,549.84,243061.1,1.84,4,35,1
28737.08,60,20.37,362.8,138389.83,14.58,24,38,1
15727.53,36,7.08,600.21,76611.36,3.58,21,46,1
17128.08,60,12.66,1213.43,147631.12,7.02,22,8,1
15574.19,36,7.63,76.41,220341.75,13.32,5,26,1
21924.9,60,9.47,717.85,27109.69,26.91,20,35,0
18680.79,60,15.06,403.54,,37.23,12,46,1
35694.26,60,11.38,1316.18,,39.48,14,8,1
28158.09,36,9.24,638.35,91415.97,30.04,12,34,1
36047.6,36,12.87,1055.91,103732.36,10.75,9,22,1
28656.34,36,19.02,556.1,230165.11,12.89,19,30,1
38868.69,36,7.39,514.66,60479.3,,5,36,1
25793.73,36,14.59,509.03,71292.62,33.54,6,35,1
38578.46,60,10.49,1026.92,188153.61,30.98,5,44,1
7168.63,36,12.57,1447.43,234978.23,2.52,19,24,1
3046.63,36,21.43,335.97,44089.0,19.79,5,13,1
23585.88,36,23.59,976.53,140117.21,25.67,7,34,1
39356.24,36,9.86,420.19,230325.96,0.62,21,21,1
17286.6,60,17.6,837.54,223800.61,23.74,3,9,1
9269.69,60,18.53,826.15,238145.34,37.66,20,34,1
21340.12,60,21.85,691.57,227484.13,1.9,9,6,1
26303.15,60,22.98,763.01,92381.7,6.84,3,38,1
13291.97,36,14.36,1323.94,67842.58,4.13,16,35,1
28876.0,60,24.65,160.25,227339.17,14.77,22,34,1
39029.47,36,24.42,1250.52,183749.56,14.78,8,30,1
35981.56,60,15.13,709.6,107060.14,38.23,5,13,1
12371.83,60,15.84,520.38,183975.15,32.02,10,18,1
13742.22,36,18.35,290.4,90654.05,25.49,16,25,0
15490.11,36,12.48,1227.77,153709.17,25.69,4,35,1
16387.56,60,18.24,900.3,73666.74,26.66,17,12,1
4912.46,36,15.29,1100.71,149200.57,6.83,9,32,1
30716.55,36,5.71,493.0,232327.08,14.17,24,25,0
15248.23,36,22.05,607.65,197431.05,25.86,19,37,1
35312.98,60,23.81,1373.06,170895.02,1.34,17,27,1
37150.68,60,5.52,1442.94,76583.08,19.6,17,19,1
1952.82,60,20.79,1117.57,34574.7,33.47,12,34,1
39551.62,60,12.72,1131.66,183431.05,21.8,19,27,0
28690.89,36,16.71,1050.77,152502.47,34.61,24,43,1
21295.3,36,15.0,893.2,68899.04,29.86,22,45,1
16191.58,36,16.03,904.77,234994.94,21.55,14,26,1
21222.21,36,14.9,1446.79,146964.42,15.07,23,24,1
13660.36,60,22.07,1133.84,151527.5,26.23,20,38,1
25284.82,36,18.67,993.35,88714.92,19.9,6,27,1
4626.23,60,13.25,307.93,222258.5,39.77,12,10,1
25223.78,60,18.77,1466.3,225019.91,24.42,15,8,0
11738.45,60,24.3,794.83,184483.78,10.07,21,48,1
1687.76,36,6.61,1417.26,42833.21,38.52,2,14,1
22555.52,36,12.76,1078.93,39408.71,11.48,11,42,1
23559.46,60,22.41,88.92,127957.41,35.63,19,40,1
17636.19,60,19.78,822.32,52685.08,19.69,15,16,1
3819.16,36,23.7,1342.24,96341.55,28.2,9,28,1
35840.38,60,5.8,106.12,59409.02,8.07,11,9,1
24845.8,36,22.26,1304.09,91326.53,22.38,7,44,1
5512.82,60,20.84,931.69,236869.96,8.04,11,42,0
20926.29,60,21.3,95.46,193273.79,9.5,24,10,1
20392.92,36,16.95,579.19,51810.3,6.47,3,39,1
3355.67,36,6.04,74.35,173850.56,17.97,18,47,1
24667.53,60,15.78,32.52,27016.53,20.59,3,29,1
32524.73,60,13.16,1347.74,246233.74,10.5,12,9,1
30211.31,36,15.54,1130.41,142289.86,24.54,14,43,1
8915.81,60,19.81,455.52,136245.06,10.84,21,12,1
34629.41,60,16.92,197.15,75277.08,20.86,16,20,0
14359.14,60,10.85,110.02,,27.43,5,43,1
37913.83,60,16.99,1378.32,141035.36,2.4,10,35,1
3798.17,60,6.66,949.57,171385.5,34.41,3,20,1
19962.14,60,5.11,266.02,30559.72,14.31,3,45,1
24287.85,36,13.03,1031.75,98700.26,20.67,19,7,0
10658.35,60,20.14,1498.37,109009.34,17.83,10,23,0
31083.83,36,21.45,1188.4,54304.53,37.99,4,46,1
25448.93,60,16.0,686.4,75150.74,7.59,2,17,1
1706.27,60,22.36,1226.84,74434.69,25.07,3,17,1
24726.38,36,7.52,1124.13,206386.4,33.14,24,10,1
20167.65,36,24.28,160.32,178061.17,17.14,18,43,1
8645.14,36,23.44,1390.77,232232.19,13.41,23,48,1
39834.18,36,16.98,1329.63,91275.76,4.49,7,27,0
35989.33,36,6.17,898.12,222782.16,28.83,24,45,1
12407.8,60,14.08,776.98,218674.41,31.44,2,10,1
22101.77,36,8.59,364.78,123030.5,12.54,16,8,1
13343.58,36,17.57,1256.65,164837.48,31.03,19,43,1
31244.33,36,8.8,664.87,157529.23,3.99,15,39,1
37282.93,60,14.64,881.58,90800.48,17.22,4,39,1
14994.32,60,9.11,280.03,80276.42,11.07,7,21,1
32417.79,60,8.64,344.32,58860.66,11.02,4,42,1
20437.89,36,9.96,1478.25,,37.22,5,46,1
16466.56,60,5.58,756.18,142711.71,31.06,14,46,1
37598.45,60,19.32,1229.14,97824.1,30.65,8,46,1
20905.78,60,11.13,1249.7,137298.29,19.73,4,29,1
19229.01,60,18.96,1472.82,38535.79,24.87,4,33,0
27224.94,36,18.07,1474.87,44376.13,31.44,18,10,1
11188.13,36,6.32,701.72,194651.04,10.66,7,18,0
13666.92,36,11.24,1426.97,227286.13,11.65,16,31,1
37349.79,36,16.34,567.22,93661.76,35.34,2,48,0
27462.66,36,23.37,923.23,114109.86,9.16,3,39,1
33238.85,36,13.03,1237.92,105956.95,27.2,2,10,1
11573.36,36,15.1,1373.27,130179.88,36.76,12,12,0
22207.82,36,20.0,800.04,115215.86,38.09,10,34,1
38884.45,60,21.07,644.25,108834.71,12.13,6,32,1
13429.45,60,23.47,1100.92,171787.78,38.01,9,31,1
7258.58,36,14.94,700.21,82585.91,5.52,2,49,1
20924.55,36,8.88,1017.55,236805.84,9.7,7,37,1
16125.02,60,20.29,1212.2,90949.59,16.07,7,30,1
7223.51,60,7.51,1266.46,69353.37,30.38,24,20,1
35653.5,60,13.37,403.84,243538.47,3.59,20,18,1
39638.23,36,17.56,870.04,72625.23,8.9,2,28,1
23174.71,60,18.84,66.8,143435.66,19.07,7,35,1
31212.39,36,19.66,1202.7,95651.31,2.99,22,5,1
34502.5,60,8.87,213.89,37819.26,14.11,9,24,1
28338.3,60,24.63,1311.38,239169.9,24.58,5,36,1
2722.09,36,8.57,628.01,106080.48,30.9,22,26,1
7147.74,60,6.92,275.88,168308.45,20.03,23,28,1
3768.58,36,18.28,1199.85,218318.14,17.93,23,39,1
1385.3,60,23.2,324.42,147186.41,13.27,24,6,1
12933.86,36,16.19,609.79,183956.47,14.74,6,10,1
16301.88,36,16.91,863.31,200459.43,21.59,10,5,1
10400.16,36,15.77,559.24,107755.22,15.84,23,41,1
3519.58,60,5.85,293.17,164618.58,12.69,5,35,1
21664.66,36,18.63,626.96,67370.42,24.94,2,5,1
11659.45,60,12.16,242.04,32727.39,39.87,13,49,1
32045.45,60,23.71,1087.16,246946.91,11.73,4,36,1
1314.05,36,8.74,282.11,41299.07,4.8,20,29,1
33858.56,36,11.04,739.1,118606.15,5.89,6,46,1
38235.39,60,15.1,853.76,35503.22,24.27,18,6,1
28929.27,60,14.55,1419.25,232220.89,22.27,20,45,1
29612.12,36,13.01,145.04,45113.97,4.27,23,31,0
37408.93,60,11.29,1397.77,200896.67,16.4,9,10,1
9153.78,36,7.94,336.09,184622.07,34.17,12,21,0
39788.06,36,21.42,1266.18,30359.65,19.12,9,48,1
31165.77,36,13.98,163.03,185891.79,31.27,22,8,0
29336.26,60,16.46,1483.39,242941.34,1.85,8,42,1
15082.53,60,15.93,1217.22,139831.59,19.65,10,20,1
22285.32,60,16.51,122.54,86585.48,32.96,15,46,1
26502.79,60,19.1,344.74,145343.72,24.08,21,24,1
25193.37,36,17.59,836.36,47831.98,4.57,14,40,0
28494.4,60,10.48,799.65,239871.31,35.39,5,35,0
4212.89,36,16.07,955.03,104026.22,7.41,19,33,1
14870.29,36,9.89,711.35,125110.63,28.48,10,5,1
17926.0,60,16.78,1109.22,112320.77,2.9,15,47,0
11164.54,60,13.64,542.27,26406.18,21.54,17,24,1
7732.46,60,5.79,289.29,27901.29,12.02,16,46,1
6418.17,36,19.68,79.66,149345.46,39.06,17,31,1
15288.95,60,10.49,507.41,135534.64,35.99,16,7,1
20244.23,36,23.4,657.51,246893.97,17.63,4,36,0
3456.08,36,10.61,998.83,80544.09,34.15,6,21,1
37911.87,60,24.93,1215.49,104749.86,9.58,6,11,1
30844.49,60,14.26,382.89,247208.32,20.82,14,22,1
29503.22,60,5.53,755.01,31013.02,33.15,5,45,1
7741.56,36,6.53,373.59,167806.07,27.38,20,9,1
24548.23,36,6.64,1428.21,43378.51,17.95,15,7,1
21659.27,60,6.12,981.89,237671.71,21.42,15,19,1
39316.28,60,10.36,1026.52,86260.26,11.63,2,16,1
30159.2,36,11.49,810.9,207242.46,22.54,13,38,0
23454.71,60,7.23,444.29,229589.0,5.43,14,7,1
34181.69,60,13.76,324.63,214813.66,30.28,5,12,1
7048.68,36,12.31,995.27,148087.47,39.8,19,47,0
1593.44,36,17.73,1384.91,243885.81,2.08,24,6,0
27919.1,60,8.92,342.95,175619.27,31.7,9,23,0
4834.15,36,23.28,870.49,200813.61,33.59,19,41,1
5501.91,60,15.32,808.11,76147.84,1.35,13,36,0
30042.55,36,17.47,973.23,116225.83,23.39,21,27,0
11550.86,36,5.79,894.05,157582.98,35.71,18,21,1
25516.62,36,16.18,431.01,53536.78,22.71,13,40,1
36778.87,36,12.36,1046.42,242117.57,23.53,2,19,1
13342.51,60,23.48,430.81,45232.75,39.82,16,49,1
9468.62,36,22.71,989.9,188557.88,35.92,8,30,1
5155.95,60,17.75,470.9,33344.12,25.39,15,9,0
6088.03,36,20.36,151.16,43607.26,20.57,3,32,1
3426.69,60,17.89,217.02,163366.7,7.68,9,46,0
4418.05,36,5.34,1256.12,124071.03,33.76,11,29,0
17848.18,36,19.06,208.39,20838.1,11.43,10,47,1
13513.74,60,8.54,515.85,110543.16,0.26,8,47,1
28555.87,36,18.65,452.83,77520.73,2.24,18,18,1
34939.42,60,5.21,115.05,220464.41,7.87,4,19,1
31606.15,60,11.22,911.29,182860.28,32.54,5,20,1
21694.85,36,15.34,1204.21,189624.95,38.98,9,26,1
4995.24,36,11.66,1488.72,238718.31,28.67,11,45,0
28680.92,60,18.88,1405.97,183267.71,6.65,24,23,1
15150.32,36,15.45,102.51,56931.45,34.6,3,18,0
4340.37,36,24.19,408.54,235581.76,32.4,24,39,1
33856.19,60,12.16,635.81,46014.77,33.96,11,31,0
14190.44,36,19.44,1316.27,64299.86,7.25,21,18,1
9511.7,36,21.72,559.32,85583.29,20.65,24,34,1
34986.63,36,10.07,868.36,60273.14,25.05,23,6,1
36183.22,36,20.08,999.6,24213.91,27.11,22,22,1
14219.86,36,12.87,468.0,125605.89,27.4,19,18,0
14837.26,60,7.57,885.45,178232.71,0.53,14,43,1
23605.51,36,5.07,104.8,116882.26,38.39,11,13,0
29604.22,36,19.88,735.87,73998.28,23.17,21,26,1
3462.82,60,8.72,586.45,223067.87,7.77,24,16,1
24140.4,36,6.02,552.96,109309.18,30.65,15,15,1
38159.98,60,14.94,375.29,212942.88,2.16,15,12,1
11221.66,60,11.93,1232.07,61054.67,6.61,6,36,1
36444.26,36,18.84,1326.43,96677.76,15.87,20,41,1
38056.57,36,7.15,1335.55,204807.26,22.53,10,27,1
11496.99,60,7.65,612.28,,16.71,20,42,1
30413.87,36,13.08,410.97,231712.67,12.15,11,46,1
10312.23,60,15.41,174.67,111207.91,29.48,23,26,1
29766.84,36,21.48,1018.44,244935.84,0.27,5,30,1
32099.38,36,16.71,515.35,181312.78,27.14,19,11,1
10641.02,60,23.05,436.7,238360.3,37.99,24,33,1
28918.91,60,9.36,576.01,35228.36,6.02,16,40,1
32672.08,60,16.92,845.44,186063.27,34.23,2,36,0
14984.58,60,18.1,268.03,221356.42,7.41,12,23,1
7540.41,60,19.52,1443.17,247139.88,16.83,12,16,1
4586.62,60,24.77,1106.94,27682.92,39.0,14,45,1
23439.89,60,14.36,98.77,39122.87,31.47,9,42,1
39145.83,60,12.39,480.98,188287.38,14.38,10,30,1
33095.06,60,22.04,103.9,28952.95,13.97,19,48,1
17997.75,60,8.54,367.35,22614.82,12.88,5,35,1
21928.22,36,5.74,451.29,145366.48,14.5,4,45,1
11901.59,36,13.87,1085.43,141776.69,39.04,12,17,1
7359.57,60,9.94,1086.55,161105.17,13.63,15,7,1
19801.17,36,12.93,96.63,23239.13,17.8,20,33,1
19076.56,60,24.72,894.55,135758.24,8.49,12,36,1
21355.27,36,11.97,1442.54,85937.29,25.55,15,32,1
38159.38,36,19.16,953.7,193893.77,33.31,9,16,1
24551.92,36,10.01,1442.0,100087.32,11.44,11,24,1
24625.1,36,11.07,589.42,102016.96,8.51,4,9,0
5992.97,36,9.86,705.87,170473.76,18.06,24,34,1
39863.07,60,16.44,758.37,171953.06,27.39,18,44,1
31140.95,36,9.52,1388.2,33409.25,16.26,11,41,1
35210.93,36,19.37,589.01,163981.03,5.91,4,15,0
17157.72,60,18.61,1475.63,171306.02,7.21,21,11,1
20583.0,36,13.43,828.4,125230.44,11.5,14,7,1
21361.27,36,5.51,350.64,210409.0,33.38,20,41,1
8569.69,36,5.45,182.42,22093.02,20.37,4,29,1
27890.08,36,15.66,284.12,242726.19,23.51,19,41,1
36216.09,36,21.78,87.75,106485.74,8.05,3,24,1
7384.53,36,16.98,1047.7,157010.62,26.18,14,31,1
4366.41,36,13.71,789.85,27894.84,33.55,9,47,1
29790.54,60,22.64,1114.75,183047.07,8.0,17,48,1
11654.87,60,8.94,1179.93,145051.16,2.34,2,12,1
25330.64,60,12.19,1399.1,240883.98,26.56,8,24,1
28134.58,36,16.31,201.99,117182.06,32.63,10,25,1
13554.52,36,10.83,303.57,186030.83,27.37,17,41,1
32790.64,60,24.95,835.96,37072.39,17.14,18,39,0
22449.57,60,14.05,220.4,34842.14,26.14,12,13,0
34890.98,60,6.03,166.3,238271.77,39.88,7,27,1
30768.45,36,8.52,1009.52,78260.06,24.94,8,35,1
34874.45,60,15.65,1095.33,229850.85,21.13,19,48,1
1786.29,36,16.0,1269.8,40153.36,21.59,4,34,1
10496.74,60,24.68,1376.15,166680.02,18.76,11,29,1
4510.31,60,17.0,680.47,146864.27,27.51,16,34,1
18241.24,36,18.33,1470.42,242221.05,33.79,6,9,1
35708.44,36,9.27,85.69,112922.99,28.83,2,30,1
19234.07,36,7.14,1309.09,31133.53,9.02,15,9,0
34138.81,36,17.04,502.57,129038.09,14.67,13,21,1
13759.95,36,22.3,1384.92,209562.66,23.64,11,18,1
14243.23,36,16.75,357.23,32067.04,39.73,19,28,1
35926.91,60,13.86,1119.26,28324.82,2.74,17,26,1
17606.87,36,16.56,655.42,209002.79,7.54,5,5,0
31800.85,36,14.38,590.75,209514.29,30.99,15,44,1
10229.1,36,7.84,117.35,65995.16,7.69,20,33,1
38003.23,60,19.82,1067.69,171219.52,26.9,3,19,1
23408.55,60,15.66,287.77,34782.56,39.77,23,35,1
30613.62,36,12.99,710.6,196090.42,25.63,10,41,0
4491.11,36,16.19,237.72,90195.24,19.16,17,41,1
20213.9,36,9.82,918.58,73017.75,33.31,18,45,1
36140.5,36,13.56,369.66,175858.04,30.87,6,27,1
35204.51,36,17.45,903.76,229658.48,28.43,9,34,1
2825.74,36,9.52,1421.53,29546.14,4.69,13,29,1
12844.24,60,19.98,1383.75,53059.43,25.27,9,48,1
18289.48,36,15.42,324.68,78817.72,0.53,8,7,1
7718.33,36,22.23,175.8,233393.33,2.26,21,30,1
